ISO-10303-21;
HEADER;
/* Generated by software containing ST-Developer
 * from STEP Tools, Inc. (www.steptools.com) 
 */

FILE_DESCRIPTION(
/* description */ (''),
/* implementation_level */ '2;1');

FILE_NAME(
/* name */ 'case_front.step',
/* time_stamp */ '2026-07-24T20:51:54+09:00',
/* author */ (''),
/* organization */ (''),
/* preprocessor_version */ 'ST-DEVELOPER v20.1',
/* originating_system */ 'Autodesk Translation Framework v15.8.0.0',
/* authorisation */ '');

FILE_SCHEMA (('AUTOMOTIVE_DESIGN { 1 0 10303 214 3 1 1 }'));
ENDSEC;

DATA;
#10=MECHANICAL_DESIGN_GEOMETRIC_PRESENTATION_REPRESENTATION('',(#13),#6292);
#11=SHAPE_REPRESENTATION_RELATIONSHIP('SRR','None',#6299,#12);
#12=ADVANCED_BREP_SHAPE_REPRESENTATION('',(#14),#6291);
#13=STYLED_ITEM('',(#6308),#14);
#14=MANIFOLD_SOLID_BREP('case_front',#2755);
#15=B_SPLINE_SURFACE_WITH_KNOTS('',3,1,((#4456,#4457),(#4458,#4459),(#4460,
#4461),(#4462,#4463),(#4464,#4465),(#4466,#4467),(#4468,#4469),(#4470,#4471)),
 .UNSPECIFIED.,.F.,.F.,.F.,(4,2,2,4),(2,2),(3.35926486760378,3.37594834113786,
3.93871739021345,3.9654301666809),(0.,2.),.UNSPECIFIED.);
#16=B_SPLINE_SURFACE_WITH_KNOTS('',3,3,((#4555,#4556,#4557,#4558),(#4559,
#4560,#4561,#4562),(#4563,#4564,#4565,#4566),(#4567,#4568,#4569,#4570),
(#4571,#4572,#4573,#4574),(#4575,#4576,#4577,#4578),(#4579,#4580,#4581,
#4582)),.UNSPECIFIED.,.F.,.F.,.F.,(4,1,1,1,4),(4,4),(0.,0.105318974194788,
0.315956922584365,0.526594870973941,0.737232819363517),(0.0857992608718896,
0.909642459418884),.UNSPECIFIED.);
#17=B_SPLINE_SURFACE_WITH_KNOTS('',3,3,((#4594,#4595,#4596,#4597),(#4598,
#4599,#4600,#4601),(#4602,#4603,#4604,#4605),(#4606,#4607,#4608,#4609)),
 .UNSPECIFIED.,.F.,.F.,.F.,(4,4),(4,4),(0.871586923008106,1.),(0.0857992608718896,
0.909642459418884),.UNSPECIFIED.);
#18=B_SPLINE_SURFACE_WITH_KNOTS('',3,3,((#4619,#4620,#4621,#4622),(#4623,
#4624,#4625,#4626),(#4627,#4628,#4629,#4630),(#4631,#4632,#4633,#4634)),
 .UNSPECIFIED.,.F.,.F.,.F.,(4,4),(4,4),(0.763191280641614,0.845337064882422),
(0.389529352661692,0.909642459418884),.UNSPECIFIED.);
#19=B_SPLINE_SURFACE_WITH_KNOTS('',3,3,((#4639,#4640,#4641,#4642,#4643,
#4644,#4645,#4646,#4647,#4648),(#4649,#4650,#4651,#4652,#4653,#4654,#4655,
#4656,#4657,#4658),(#4659,#4660,#4661,#4662,#4663,#4664,#4665,#4666,#4667,
#4668),(#4669,#4670,#4671,#4672,#4673,#4674,#4675,#4676,#4677,#4678)),
 .UNSPECIFIED.,.F.,.F.,.F.,(4,4),(4,1,1,1,1,1,1,4),(0.,1.),(0.,0.541341053619722,
1.08268210723944,1.62402316085917,2.16536421447889,2.70670526809861,3.24804632171833,
3.78938737533805),.UNSPECIFIED.);
#20=B_SPLINE_SURFACE_WITH_KNOTS('',3,3,((#4696,#4697,#4698,#4699),(#4700,
#4701,#4702,#4703),(#4704,#4705,#4706,#4707),(#4708,#4709,#4710,#4711),
(#4712,#4713,#4714,#4715),(#4716,#4717,#4718,#4719),(#4720,#4721,#4722,
#4723),(#4724,#4725,#4726,#4727),(#4728,#4729,#4730,#4731),(#4732,#4733,
#4734,#4735)),.UNSPECIFIED.,.F.,.F.,.F.,(4,1,1,1,1,1,1,4),(4,4),(0.,0.142857142857143,
0.285714285714286,0.428571428571429,0.571428571428571,0.714285714285714,
0.857142857142857,1.),(0.0857992608718896,0.909642459418884),
 .UNSPECIFIED.);
#21=B_SPLINE_SURFACE_WITH_KNOTS('',3,3,((#4791,#4792,#4793,#4794),(#4795,
#4796,#4797,#4798),(#4799,#4800,#4801,#4802),(#4803,#4804,#4805,#4806),
(#4807,#4808,#4809,#4810)),.UNSPECIFIED.,.F.,.F.,.F.,(4,1,4),(4,4),(0.,
0.5,1.),(2.79210002251248,3.33431372617892),.UNSPECIFIED.);
#22=B_SPLINE_SURFACE_WITH_KNOTS('',3,3,((#4822,#4823,#4824,#4825,#4826,
#4827,#4828),(#4829,#4830,#4831,#4832,#4833,#4834,#4835),(#4836,#4837,#4838,
#4839,#4840,#4841,#4842),(#4843,#4844,#4845,#4846,#4847,#4848,#4849),(#4850,
#4851,#4852,#4853,#4854,#4855,#4856)),.UNSPECIFIED.,.F.,.F.,.F.,(4,1,4),
(4,1,1,1,4),(0.,0.5,1.),(0.,0.367454149701233,1.1023624491037,1.83727074850617,
2.57217904790863),.UNSPECIFIED.);
#23=B_SPLINE_SURFACE_WITH_KNOTS('',3,3,((#4919,#4920,#4921,#4922),(#4923,
#4924,#4925,#4926),(#4927,#4928,#4929,#4930),(#4931,#4932,#4933,#4934)),
 .UNSPECIFIED.,.F.,.F.,.F.,(4,4),(4,4),(0.749999974410714,0.790997170496453),
(-0.0660278437367855,-1.5366980909981E-8),.UNSPECIFIED.);
#24=B_SPLINE_SURFACE_WITH_KNOTS('',3,3,((#4946,#4947,#4948,#4949,#4950),
(#4951,#4952,#4953,#4954,#4955),(#4956,#4957,#4958,#4959,#4960),(#4961,
#4962,#4963,#4964,#4965)),.UNSPECIFIED.,.F.,.F.,.F.,(4,4),(4,1,4),(0.499999999999999,
0.55032210085845),(-0.857497956232802,-0.48999883213303,0.),
 .UNSPECIFIED.);
#25=B_SPLINE_SURFACE_WITH_KNOTS('',3,3,((#4975,#4976,#4977,#4978),(#4979,
#4980,#4981,#4982),(#4983,#4984,#4985,#4986),(#4987,#4988,#4989,#4990)),
 .UNSPECIFIED.,.F.,.F.,.F.,(4,4),(4,4),(0.5,0.540745091744614),(-0.0663221214374721,
0.),.UNSPECIFIED.);
#26=B_SPLINE_SURFACE_WITH_KNOTS('',3,3,((#4998,#4999,#5000,#5001,#5002,
#5003,#5004,#5005,#5006,#5007),(#5008,#5009,#5010,#5011,#5012,#5013,#5014,
#5015,#5016,#5017),(#5018,#5019,#5020,#5021,#5022,#5023,#5024,#5025,#5026,
#5027),(#5028,#5029,#5030,#5031,#5032,#5033,#5034,#5035,#5036,#5037)),
 .UNSPECIFIED.,.F.,.F.,.F.,(4,4),(4,1,1,1,1,1,1,4),(0.499999997112175,0.53834391459634),
(-5.02417368917752,-4.30643459072359,-3.58869549226966,-2.87095639381573,
-2.1532172953618,-1.43547819690786,-0.717739098453932,0.),.UNSPECIFIED.);
#27=B_SPLINE_SURFACE_WITH_KNOTS('',3,3,((#5050,#5051,#5052,#5053,#5054),
(#5055,#5056,#5057,#5058,#5059),(#5060,#5061,#5062,#5063,#5064),(#5065,
#5066,#5067,#5068,#5069)),.UNSPECIFIED.,.F.,.F.,.F.,(4,4),(4,1,4),(0.749984549838367,
0.800300072202519),(-0.857521889331402,-0.490012508189373,0.),
 .UNSPECIFIED.);
#28=B_SPLINE_SURFACE_WITH_KNOTS('',3,3,((#5081,#5082,#5083,#5084),(#5085,
#5086,#5087,#5088),(#5089,#5090,#5091,#5092),(#5093,#5094,#5095,#5096)),
 .UNSPECIFIED.,.F.,.F.,.F.,(4,4),(4,4),(0.749999972757632,0.790997171705169),
(-0.0660165853682071,0.),.UNSPECIFIED.);
#29=B_SPLINE_SURFACE_WITH_KNOTS('',3,3,((#5112,#5113,#5114,#5115),(#5116,
#5117,#5118,#5119),(#5120,#5121,#5122,#5123),(#5124,#5125,#5126,#5127)),
 .UNSPECIFIED.,.F.,.F.,.F.,(4,4),(4,4),(0.499999999999998,0.540745087137786),
(-0.0663310562277153,-1.53357513355008E-8),.UNSPECIFIED.);
#30=B_SPLINE_SURFACE_WITH_KNOTS('',3,3,((#5135,#5136,#5137,#5138,#5139,
#5140),(#5141,#5142,#5143,#5144,#5145,#5146),(#5147,#5148,#5149,#5150,#5151,
#5152),(#5153,#5154,#5155,#5156,#5157,#5158)),.UNSPECIFIED.,.F.,.F.,.F.,
(4,4),(4,1,1,4),(0.,0.524975311971613),(0.,0.1364311761907,0.227385293651167,
0.318339411111633),.UNSPECIFIED.);
#31=B_SPLINE_SURFACE_WITH_KNOTS('',3,3,((#5175,#5176,#5177,#5178),(#5179,
#5180,#5181,#5182),(#5183,#5184,#5185,#5186),(#5187,#5188,#5189,#5190)),
 .UNSPECIFIED.,.F.,.F.,.F.,(4,4),(4,4),(0.,0.514522360003319),(0.,0.036743667541002),
 .UNSPECIFIED.);
#32=B_SPLINE_SURFACE_WITH_KNOTS('',3,3,((#5204,#5205,#5206,#5207),(#5208,
#5209,#5210,#5211),(#5212,#5213,#5214,#5215),(#5216,#5217,#5218,#5219)),
 .UNSPECIFIED.,.F.,.F.,.F.,(4,4),(4,4),(0.,0.514522360003322),(0.,0.0367436700067671),
 .UNSPECIFIED.);
#33=B_SPLINE_SURFACE_WITH_KNOTS('',3,3,((#5229,#5230,#5231,#5232,#5233,
#5234),(#5235,#5236,#5237,#5238,#5239,#5240),(#5241,#5242,#5243,#5244,#5245,
#5246),(#5247,#5248,#5249,#5250,#5251,#5252)),.UNSPECIFIED.,.F.,.F.,.F.,
(4,4),(4,1,1,4),(0.,0.525067884118263),(0.,0.136431176226114,0.227385293710189,
0.318339411194265),.UNSPECIFIED.);
#34=B_SPLINE_SURFACE_WITH_KNOTS('',3,3,((#5264,#5265,#5266,#5267,#5268,
#5269,#5270,#5271,#5272,#5273),(#5274,#5275,#5276,#5277,#5278,#5279,#5280,
#5281,#5282,#5283),(#5284,#5285,#5286,#5287,#5288,#5289,#5290,#5291,#5292,
#5293),(#5294,#5295,#5296,#5297,#5298,#5299,#5300,#5301,#5302,#5303)),
 .UNSPECIFIED.,.F.,.F.,.F.,(4,4),(4,2,1,1,1,1,4),(0.,1.),(-0.00145400321345587,
0.,0.056356304014386,0.112712608028772,0.169068912043158,0.225425216057544,
0.28178152007193),.UNSPECIFIED.);
#35=B_SPLINE_SURFACE_WITH_KNOTS('',3,3,((#5336,#5337,#5338,#5339),(#5340,
#5341,#5342,#5343),(#5344,#5345,#5346,#5347),(#5348,#5349,#5350,#5351)),
 .UNSPECIFIED.,.F.,.F.,.F.,(4,4),(4,4),(0.,1.),(-0.218577955177537,-3.90417401582106E-7),
 .UNSPECIFIED.);
#36=B_SPLINE_SURFACE_WITH_KNOTS('',3,3,((#5356,#5357,#5358,#5359,#5360,
#5361,#5362,#5363,#5364,#5365),(#5366,#5367,#5368,#5369,#5370,#5371,#5372,
#5373,#5374,#5375),(#5376,#5377,#5378,#5379,#5380,#5381,#5382,#5383,#5384,
#5385),(#5386,#5387,#5388,#5389,#5390,#5391,#5392,#5393,#5394,#5395)),
 .UNSPECIFIED.,.F.,.F.,.F.,(4,4),(4,1,1,1,1,2,4),(0.,1.),(0.,0.0805090049251602,
0.12076350738774,0.16101800985032,0.2012725123129,0.281781517238061,0.283235520546077),
 .UNSPECIFIED.);
#37=B_SPLINE_SURFACE_WITH_KNOTS('',3,3,((#5423,#5424,#5425,#5426),(#5427,
#5428,#5429,#5430),(#5431,#5432,#5433,#5434),(#5435,#5436,#5437,#5438)),
 .UNSPECIFIED.,.F.,.F.,.F.,(4,4),(4,4),(0.,1.),(1.41968815619856E-7,0.218577833827204),
 .UNSPECIFIED.);
#38=B_SPLINE_SURFACE_WITH_KNOTS('',3,3,((#5450,#5451,#5452,#5453,#5454,
#5455,#5456,#5457,#5458,#5459),(#5460,#5461,#5462,#5463,#5464,#5465,#5466,
#5467,#5468,#5469),(#5470,#5471,#5472,#5473,#5474,#5475,#5476,#5477,#5478,
#5479),(#5480,#5481,#5482,#5483,#5484,#5485,#5486,#5487,#5488,#5489),(#5490,
#5491,#5492,#5493,#5494,#5495,#5496,#5497,#5498,#5499),(#5500,#5501,#5502,
#5503,#5504,#5505,#5506,#5507,#5508,#5509),(#5510,#5511,#5512,#5513,#5514,
#5515,#5516,#5517,#5518,#5519)),.UNSPECIFIED.,.F.,.F.,.F.,(4,1,1,1,4),(4,
1,1,1,1,1,1,4),(0.,0.285714285714286,0.571428571428571,0.785714285714286,
1.),(0.,0.389846764348437,0.454821225073177,0.519795685797916,0.649744607247395,
0.779693528696874,0.844667989421614,0.909642450146353),.UNSPECIFIED.);
#39=B_SPLINE_SURFACE_WITH_KNOTS('',3,3,((#5535,#5536,#5537,#5538,#5539,
#5540,#5541,#5542,#5543,#5544),(#5545,#5546,#5547,#5548,#5549,#5550,#5551,
#5552,#5553,#5554),(#5555,#5556,#5557,#5558,#5559,#5560,#5561,#5562,#5563,
#5564),(#5565,#5566,#5567,#5568,#5569,#5570,#5571,#5572,#5573,#5574)),
 .UNSPECIFIED.,.F.,.F.,.F.,(4,4),(4,1,1,1,1,1,1,4),(0.,0.514309225912859),
(0.,0.541341052832618,1.08268210566524,1.62402315849785,2.16536421133047,
2.70670526416309,3.24804631699571,3.78938736982832),.UNSPECIFIED.);
#40=B_SPLINE_SURFACE_WITH_KNOTS('',3,3,((#5585,#5586,#5587,#5588),(#5589,
#5590,#5591,#5592),(#5593,#5594,#5595,#5596),(#5597,#5598,#5599,#5600)),
 .UNSPECIFIED.,.F.,.F.,.F.,(4,4),(4,4),(0.,0.51430922377513),(0.,0.0369120726426618),
 .UNSPECIFIED.);
#41=B_SPLINE_SURFACE_WITH_KNOTS('',3,3,((#5605,#5606,#5607,#5608),(#5609,
#5610,#5611,#5612),(#5613,#5614,#5615,#5616),(#5617,#5618,#5619,#5620)),
 .UNSPECIFIED.,.F.,.F.,.F.,(4,4),(4,4),(0.,0.514309225912719),(0.,0.0369120758779391),
 .UNSPECIFIED.);
#42=B_SPLINE_SURFACE_WITH_KNOTS('',3,3,((#5638,#5639,#5640,#5641),(#5642,
#5643,#5644,#5645),(#5646,#5647,#5648,#5649),(#5650,#5651,#5652,#5653),
(#5654,#5655,#5656,#5657),(#5658,#5659,#5660,#5661),(#5662,#5663,#5664,
#5665)),.UNSPECIFIED.,.F.,.F.,.F.,(4,1,1,1,4),(4,4),(0.,0.285714285714286,
0.571428571428571,0.714285714285714,1.),(0.,0.90964243919842),
 .UNSPECIFIED.);
#43=B_SPLINE_SURFACE_WITH_KNOTS('',3,3,((#5666,#5667,#5668,#5669),(#5670,
#5671,#5672,#5673),(#5674,#5675,#5676,#5677),(#5678,#5679,#5680,#5681),
(#5682,#5683,#5684,#5685),(#5686,#5687,#5688,#5689)),.UNSPECIFIED.,.F.,
 .F.,.F.,(4,1,1,4),(4,4),(0.,0.285714285714286,0.571428571428571,1.),(0.,
0.90964243919842),.UNSPECIFIED.);
#44=B_SPLINE_SURFACE_WITH_KNOTS('',3,3,((#5712,#5713,#5714,#5715,#5716,
#5717,#5718,#5719,#5720),(#5721,#5722,#5723,#5724,#5725,#5726,#5727,#5728,
#5729),(#5730,#5731,#5732,#5733,#5734,#5735,#5736,#5737,#5738),(#5739,#5740,
#5741,#5742,#5743,#5744,#5745,#5746,#5747),(#5748,#5749,#5750,#5751,#5752,
#5753,#5754,#5755,#5756)),.UNSPECIFIED.,.F.,.F.,.F.,(4,1,4),(4,1,1,1,1,
1,4),(0.,0.571428571428571,1.),(0.,0.00808385606111132,0.0107784747481484,
0.0215569494962969,0.0323354242444453,0.0538923737407421,0.075449323237039),
 .UNSPECIFIED.);
#45=B_SPLINE_SURFACE_WITH_KNOTS('',3,3,((#5772,#5773,#5774,#5775),(#5776,
#5777,#5778,#5779),(#5780,#5781,#5782,#5783),(#5784,#5785,#5786,#5787),
(#5788,#5789,#5790,#5791)),.UNSPECIFIED.,.F.,.F.,.F.,(4,1,4),(4,4),(0.,
0.5,1.),(2.54754626315928,2.81658032483819),.UNSPECIFIED.);
#46=B_SPLINE_SURFACE_WITH_KNOTS('',3,3,((#5792,#5793,#5794,#5795,#5796,
#5797,#5798,#5799,#5800),(#5801,#5802,#5803,#5804,#5805,#5806,#5807,#5808,
#5809),(#5810,#5811,#5812,#5813,#5814,#5815,#5816,#5817,#5818),(#5819,#5820,
#5821,#5822,#5823,#5824,#5825,#5826,#5827),(#5828,#5829,#5830,#5831,#5832,
#5833,#5834,#5835,#5836)),.UNSPECIFIED.,.F.,.F.,.F.,(4,1,4),(4,1,1,1,1,
1,4),(0.,0.571428571428571,1.),(0.,0.0215574523488039,0.0323361785232059,
0.0431149046976078,0.0538936308720098,0.0646723570464117,0.0754510832208137),
 .UNSPECIFIED.);
#47=B_SPLINE_SURFACE_WITH_KNOTS('',3,3,((#5925,#5926,#5927,#5928),(#5929,
#5930,#5931,#5932),(#5933,#5934,#5935,#5936),(#5937,#5938,#5939,#5940)),
 .UNSPECIFIED.,.F.,.F.,.F.,(4,4),(4,4),(0.,0.514309225912719),(0.,0.0369120758779391),
 .UNSPECIFIED.);
#48=B_SPLINE_SURFACE_WITH_KNOTS('',3,3,((#5942,#5943,#5944,#5945),(#5946,
#5947,#5948,#5949),(#5950,#5951,#5952,#5953),(#5954,#5955,#5956,#5957)),
 .UNSPECIFIED.,.F.,.F.,.F.,(4,4),(4,4),(0.,0.51430922377513),(0.,0.0369120726426618),
 .UNSPECIFIED.);
#49=B_SPLINE_SURFACE_WITH_KNOTS('',3,3,((#5959,#5960,#5961,#5962,#5963,
#5964,#5965,#5966,#5967,#5968),(#5969,#5970,#5971,#5972,#5973,#5974,#5975,
#5976,#5977,#5978),(#5979,#5980,#5981,#5982,#5983,#5984,#5985,#5986,#5987,
#5988),(#5989,#5990,#5991,#5992,#5993,#5994,#5995,#5996,#5997,#5998)),
 .UNSPECIFIED.,.F.,.F.,.F.,(4,4),(4,1,1,1,1,1,1,4),(0.,0.514309225912859),
(0.,0.541341052832618,1.08268210566524,1.62402315849785,2.16536421133047,
2.70670526416309,3.24804631699571,3.78938736982832),.UNSPECIFIED.);
#50=B_SPLINE_SURFACE_WITH_KNOTS('',3,3,((#5999,#6000,#6001,#6002),(#6003,
#6004,#6005,#6006),(#6007,#6008,#6009,#6010),(#6011,#6012,#6013,#6014),
(#6015,#6016,#6017,#6018),(#6019,#6020,#6021,#6022)),.UNSPECIFIED.,.F.,
 .F.,.F.,(4,1,1,4),(4,4),(0.,0.285714285714286,0.571428571428571,1.),(0.,
0.909642450146353),.UNSPECIFIED.);
#51=B_SPLINE_SURFACE_WITH_KNOTS('',3,3,((#6039,#6040,#6041,#6042),(#6043,
#6044,#6045,#6046),(#6047,#6048,#6049,#6050),(#6051,#6052,#6053,#6054)),
 .UNSPECIFIED.,.F.,.F.,.F.,(4,4),(4,4),(0.,1.),(1.41968815619856E-7,0.218577833827204),
 .UNSPECIFIED.);
#52=B_SPLINE_SURFACE_WITH_KNOTS('',3,3,((#6056,#6057,#6058,#6059,#6060,
#6061,#6062,#6063,#6064,#6065,#6066,#6067),(#6068,#6069,#6070,#6071,#6072,
#6073,#6074,#6075,#6076,#6077,#6078,#6079),(#6080,#6081,#6082,#6083,#6084,
#6085,#6086,#6087,#6088,#6089,#6090,#6091),(#6092,#6093,#6094,#6095,#6096,
#6097,#6098,#6099,#6100,#6101,#6102,#6103)),.UNSPECIFIED.,.F.,.F.,.F.,(4,
4),(4,1,1,1,1,1,1,2,4),(0.,1.),(0.,0.0503181280782251,0.0805090049251602,
0.12076350738774,0.16101800985032,0.2012725123129,0.231463389159835,0.281781517238061,
0.283235520545992),.UNSPECIFIED.);
#53=B_SPLINE_SURFACE_WITH_KNOTS('',3,3,((#6104,#6105,#6106,#6107),(#6108,
#6109,#6110,#6111),(#6112,#6113,#6114,#6115),(#6116,#6117,#6118,#6119)),
 .UNSPECIFIED.,.F.,.F.,.F.,(4,4),(4,4),(0.,1.),(-0.218577955177537,-3.90417401582106E-7),
 .UNSPECIFIED.);
#54=B_SPLINE_SURFACE_WITH_KNOTS('',3,3,((#6122,#6123,#6124,#6125,#6126,
#6127,#6128,#6129,#6130,#6131),(#6132,#6133,#6134,#6135,#6136,#6137,#6138,
#6139,#6140,#6141),(#6142,#6143,#6144,#6145,#6146,#6147,#6148,#6149,#6150,
#6151),(#6152,#6153,#6154,#6155,#6156,#6157,#6158,#6159,#6160,#6161)),
 .UNSPECIFIED.,.F.,.F.,.F.,(4,4),(4,1,1,1,1,1,1,4),(0.,1.),(0.,0.541341053619722,
1.08268210723944,1.62402316085917,2.16536421447889,2.70670526809861,3.24804632171833,
3.78938737533805),.UNSPECIFIED.);
#55=B_SPLINE_SURFACE_WITH_KNOTS('',3,3,((#6164,#6165,#6166,#6167,#6168,
#6169,#6170,#6171,#6172,#6173),(#6174,#6175,#6176,#6177,#6178,#6179,#6180,
#6181,#6182,#6183),(#6184,#6185,#6186,#6187,#6188,#6189,#6190,#6191,#6192,
#6193),(#6194,#6195,#6196,#6197,#6198,#6199,#6200,#6201,#6202,#6203)),
 .UNSPECIFIED.,.F.,.F.,.F.,(4,4),(4,2,1,1,1,1,4),(0.,1.),(-0.00145400321345587,
0.,0.056356304014386,0.112712608028772,0.169068912043158,0.225425216057544,
0.28178152007193),.UNSPECIFIED.);
#56=B_SPLINE_SURFACE_WITH_KNOTS('',3,3,((#6204,#6205,#6206,#6207,#6208,
#6209),(#6210,#6211,#6212,#6213,#6214,#6215),(#6216,#6217,#6218,#6219,#6220,
#6221),(#6222,#6223,#6224,#6225,#6226,#6227)),.UNSPECIFIED.,.F.,.F.,.F.,
(4,4),(4,1,1,4),(0.,0.525067884118263),(0.,0.136431176226114,0.227385293710189,
0.318339411194265),.UNSPECIFIED.);
#57=B_SPLINE_SURFACE_WITH_KNOTS('',3,3,((#6229,#6230,#6231,#6232),(#6233,
#6234,#6235,#6236),(#6237,#6238,#6239,#6240),(#6241,#6242,#6243,#6244)),
 .UNSPECIFIED.,.F.,.F.,.F.,(4,4),(4,4),(0.,0.514522360003322),(0.,0.0367436700067671),
 .UNSPECIFIED.);
#58=B_SPLINE_SURFACE_WITH_KNOTS('',3,3,((#6248,#6249,#6250,#6251),(#6252,
#6253,#6254,#6255),(#6256,#6257,#6258,#6259),(#6260,#6261,#6262,#6263)),
 .UNSPECIFIED.,.F.,.F.,.F.,(4,4),(4,4),(0.,0.514522360003319),(0.,0.036743667541002),
 .UNSPECIFIED.);
#59=B_SPLINE_SURFACE_WITH_KNOTS('',3,3,((#6265,#6266,#6267,#6268,#6269,
#6270),(#6271,#6272,#6273,#6274,#6275,#6276),(#6277,#6278,#6279,#6280,#6281,
#6282),(#6283,#6284,#6285,#6286,#6287,#6288)),.UNSPECIFIED.,.F.,.F.,.F.,
(4,4),(4,1,1,4),(0.,0.524975311971613),(0.,0.1364311761907,0.227385293651167,
0.318339411111633),.UNSPECIFIED.);
#60=TOROIDAL_SURFACE('',#2787,2.,0.5);
#61=TOROIDAL_SURFACE('',#2806,1.30000000000001,0.5);
#62=TOROIDAL_SURFACE('',#2811,1.3,0.5);
#63=TOROIDAL_SURFACE('',#2816,1.30000000000001,0.5);
#64=TOROIDAL_SURFACE('',#2821,1.30000000000001,0.5);
#65=TOROIDAL_SURFACE('',#2832,1.3,0.5);
#66=TOROIDAL_SURFACE('',#2837,1.3,0.5);
#67=TOROIDAL_SURFACE('',#2842,1.3,0.5);
#68=TOROIDAL_SURFACE('',#2847,1.3,0.5);
#69=ELLIPSE('',#2782,3.38279970659487,1.45);
#70=ELLIPSE('',#2784,3.38279970659487,1.45);
#71=ELLIPSE('',#2946,6.29900624923107,2.699999956716);
#72=ELLIPSE('',#2947,6.29900624923107,2.699999956716);
#73=ELLIPSE('',#2958,4.6659316234193,2.00000042591003);
#74=ELLIPSE('',#2998,4.6659309851636,2.00000042591003);
#75=FACE_BOUND('',#455,.T.);
#76=FACE_BOUND('',#459,.T.);
#77=FACE_BOUND('',#462,.T.);
#78=FACE_BOUND('',#463,.T.);
#79=FACE_BOUND('',#464,.T.);
#80=FACE_BOUND('',#465,.T.);
#81=FACE_BOUND('',#543,.T.);
#82=FACE_BOUND('',#544,.T.);
#83=FACE_BOUND('',#545,.T.);
#84=FACE_BOUND('',#546,.T.);
#85=FACE_BOUND('',#548,.T.);
#86=PLANE('',#2774);
#87=PLANE('',#2785);
#88=PLANE('',#2792);
#89=PLANE('',#2825);
#90=PLANE('',#2828);
#91=PLANE('',#2851);
#92=PLANE('',#2854);
#93=PLANE('',#2855);
#94=PLANE('',#2858);
#95=PLANE('',#2859);
#96=PLANE('',#2862);
#97=PLANE('',#2865);
#98=PLANE('',#2867);
#99=PLANE('',#2869);
#100=PLANE('',#2873);
#101=PLANE('',#2874);
#102=PLANE('',#2877);
#103=PLANE('',#2884);
#104=PLANE('',#2885);
#105=PLANE('',#2890);
#106=PLANE('',#2894);
#107=PLANE('',#2895);
#108=PLANE('',#2896);
#109=PLANE('',#2899);
#110=PLANE('',#2905);
#111=PLANE('',#2910);
#112=PLANE('',#2913);
#113=PLANE('',#2916);
#114=PLANE('',#2917);
#115=PLANE('',#2918);
#116=PLANE('',#2919);
#117=PLANE('',#2920);
#118=PLANE('',#2923);
#119=PLANE('',#2926);
#120=PLANE('',#2927);
#121=PLANE('',#2932);
#122=PLANE('',#2935);
#123=PLANE('',#2938);
#124=PLANE('',#2943);
#125=PLANE('',#2948);
#126=PLANE('',#2949);
#127=PLANE('',#2951);
#128=PLANE('',#2952);
#129=PLANE('',#2953);
#130=PLANE('',#2954);
#131=PLANE('',#2957);
#132=PLANE('',#2975);
#133=PLANE('',#2976);
#134=PLANE('',#2981);
#135=PLANE('',#2983);
#136=PLANE('',#2985);
#137=PLANE('',#2993);
#138=PLANE('',#2997);
#139=B_SPLINE_CURVE_WITH_KNOTS('',3,(#3690,#3691,#3692,#3693,#3694,#3695,
#3696,#3697),.UNSPECIFIED.,.F.,.F.,(4,2,2,4),(-0.398214058291063,-0.290202464282349,
-0.0582656189666569,0.),.UNSPECIFIED.);
#140=B_SPLINE_CURVE_WITH_KNOTS('',3,(#3699,#3700,#3701,#3702,#3703,#3704,
#3705,#3706,#3707,#3708,#3709,#3710,#3711,#3712,#3713,#3714,#3715,#3716,
#3717,#3718,#3719,#3720,#3721,#3722,#3723,#3724,#3725,#3726,#3727,#3728,
#3729,#3730),.UNSPECIFIED.,.F.,.F.,(4,2,2,2,2,2,2,2,2,2,2,2,2,2,2,4),(-1.11590444514521,
-0.926035834636661,-0.771129851075182,-0.687194164888589,-0.641373335881031,
-0.612783595976427,-0.590920957387797,-0.58187536945906,-0.575830645909192,
-0.570023191419938,-0.561875581640601,-0.543417055642826,-0.508304154501474,
-0.464458999983998,-0.402089472891423,-0.398214058291063),.UNSPECIFIED.);
#141=B_SPLINE_CURVE_WITH_KNOTS('',3,(#3742,#3743,#3744,#3745,#3746,#3747,
#3748,#3749),.UNSPECIFIED.,.F.,.F.,(4,2,2,4),(3.35926486760378,3.37594834113786,
3.93871739021345,3.9654301666809),.UNSPECIFIED.);
#142=B_SPLINE_CURVE_WITH_KNOTS('',3,(#3785,#3786,#3787,#3788),
 .UNSPECIFIED.,.F.,.F.,(4,4),(-3.33431372617892,-2.95807566568156),
 .UNSPECIFIED.);
#143=B_SPLINE_CURVE_WITH_KNOTS('',3,(#3792,#3793,#3794,#3795,#3796,#3797,
#3798,#3799,#3800),.UNSPECIFIED.,.F.,.F.,(4,1,1,1,1,1,4),(-0.0754493163847154,
-0.0538923737407421,-0.0323354242444453,-0.0215569494962969,-0.0107784747481484,
-0.00808385606111132,-3.24255112105156E-9),.UNSPECIFIED.);
#144=B_SPLINE_CURVE_WITH_KNOTS('',3,(#3804,#3805,#3806,#3807,#3808,#3809,
#3810,#3811,#3812),.UNSPECIFIED.,.F.,.F.,(4,1,1,1,1,1,4),(-0.0754510832208137,
-0.0646723570464117,-0.0538936308720098,-0.0431149046976078,-0.0323361785232059,
-0.0215574523488039,-4.5682164700291E-9),.UNSPECIFIED.);
#145=B_SPLINE_CURVE_WITH_KNOTS('',3,(#3816,#3817,#3818,#3819,#3820,#3821,
#3822),.UNSPECIFIED.,.F.,.F.,(4,1,1,1,4),(-2.40620337633424,-1.83727074850617,
-1.1023624491037,-0.367454149701233,-3.8575686601378E-10),.UNSPECIFIED.);
#146=B_SPLINE_CURVE_WITH_KNOTS('',3,(#3824,#3825,#3826,#3827),
 .UNSPECIFIED.,.F.,.F.,(4,4),(2.40621515722037,2.57217904723809),
 .UNSPECIFIED.);
#147=B_SPLINE_CURVE_WITH_KNOTS('',3,(#3829,#3830,#3831,#3832),
 .UNSPECIFIED.,.F.,.F.,(4,4),(-2.79209993838406,-2.57217910253915),
 .UNSPECIFIED.);
#148=B_SPLINE_CURVE_WITH_KNOTS('',3,(#3833,#3834,#3835,#3836),
 .UNSPECIFIED.,.F.,.F.,(4,4),(2.79210002251248,2.95808363778337),
 .UNSPECIFIED.);
#149=B_SPLINE_CURVE_WITH_KNOTS('',3,(#4098,#4099,#4100,#4101),
 .UNSPECIFIED.,.F.,.F.,(4,4),(0.,0.0369120445455673),.UNSPECIFIED.);
#150=B_SPLINE_CURVE_WITH_KNOTS('',3,(#4150,#4151,#4152,#4153),
 .UNSPECIFIED.,.F.,.F.,(4,4),(0.,0.514309225912859),.UNSPECIFIED.);
#151=B_SPLINE_CURVE_WITH_KNOTS('',3,(#4167,#4168,#4169,#4170,#4171,#4172),
 .UNSPECIFIED.,.F.,.F.,(4,2,4),(-0.0663221214374721,-0.031613006227604,
0.),.UNSPECIFIED.);
#152=B_SPLINE_CURVE_WITH_KNOTS('',3,(#4174,#4175,#4176,#4177,#4178,#4179,
#4180,#4181,#4182,#4183),.UNSPECIFIED.,.F.,.F.,(4,2,2,2,4),(-0.857497956232802,
-0.665558022367435,-0.472747682407303,-0.235941780213984,0.),
 .UNSPECIFIED.);
#153=B_SPLINE_CURVE_WITH_KNOTS('',3,(#4185,#4186,#4187,#4188,#4189,#4190),
 .UNSPECIFIED.,.F.,.F.,(4,2,4),(-0.0660278437367855,-0.0344375580552529,
-1.5366980909981E-8),.UNSPECIFIED.);
#154=B_SPLINE_CURVE_WITH_KNOTS('',3,(#4194,#4195,#4196,#4197,#4198,#4199),
 .UNSPECIFIED.,.F.,.F.,(4,2,4),(-0.0660165853682071,-0.0314678202125188,
0.),.UNSPECIFIED.);
#155=B_SPLINE_CURVE_WITH_KNOTS('',3,(#4201,#4202,#4203,#4204,#4205,#4206,
#4207,#4208,#4209,#4210),.UNSPECIFIED.,.F.,.F.,(4,2,2,2,4),(-0.857521889331402,
-0.665545852460736,-0.472673139268899,-0.236100905525588,0.),
 .UNSPECIFIED.);
#156=B_SPLINE_CURVE_WITH_KNOTS('',3,(#4211,#4212,#4213,#4214,#4215,#4216,
#4217,#4218,#4219,#4220,#4221,#4222,#4223,#4224,#4225,#4226,#4227,#4228,
#4229),.UNSPECIFIED.,.F.,.F.,(4,3,3,3,3,3,4),(-0.0663310562277153,-0.0522078886870165,
-0.0390345492884314,-0.0345907020479728,-0.0222613853981522,-0.0105730855605278,
-1.53357513355008E-8),.UNSPECIFIED.);
#157=B_SPLINE_CURVE_WITH_KNOTS('',3,(#4231,#4232,#4233,#4234,#4235,#4236,
#4237,#4238,#4239,#4240,#4241,#4242,#4243,#4244,#4245,#4246,#4247,#4248,
#4249,#4250,#4251,#4252),.UNSPECIFIED.,.F.,.F.,(4,3,3,3,3,3,3,4),(-5.02417368917752,
-4.30643459072359,-3.58869549226966,-2.87095639381573,-2.1532172953618,
-1.43547819690786,-0.717739098453931,0.),.UNSPECIFIED.);
#158=B_SPLINE_CURVE_WITH_KNOTS('',3,(#4255,#4256,#4257,#4258,#4259,#4260,
#4261,#4262,#4263,#4264,#4265,#4266,#4267,#4268,#4269,#4270,#4271,#4272,
#4273,#4274,#4275,#4276),.UNSPECIFIED.,.F.,.F.,(4,3,3,3,3,3,3,4),(1.66178848459615E-9,
0.650216047566166,1.3004320951323,1.95064814269844,2.60086419026457,3.25108023783071,
3.90129628539685,4.55151232735898),.UNSPECIFIED.);
#159=B_SPLINE_CURVE_WITH_KNOTS('',3,(#4280,#4281,#4282,#4283),
 .UNSPECIFIED.,.F.,.F.,(4,4),(3.96158927884324E-9,0.0546552046414614),
 .UNSPECIFIED.);
#160=B_SPLINE_CURVE_WITH_KNOTS('',3,(#4285,#4286,#4287,#4288,#4289,#4290,
#4291,#4292,#4293,#4294,#4295,#4296,#4297,#4298,#4299,#4300,#4301,#4302,
#4303,#4304),.UNSPECIFIED.,.F.,.F.,(4,2,2,2,2,2,2,2,2,4),(0.,0.0438395960874092,
0.131974557747356,0.220642434724623,0.264925902871158,0.353792362620434,
0.426260998936596,0.535022285853848,0.589263862138014,0.643512708066934),
 .UNSPECIFIED.);
#161=B_SPLINE_CURVE_WITH_KNOTS('',3,(#4306,#4307,#4308,#4309),
 .UNSPECIFIED.,.F.,.F.,(4,4),(0.,0.0544155861979485),.UNSPECIFIED.);
#162=B_SPLINE_CURVE_WITH_KNOTS('',3,(#4313,#4314,#4315,#4316),
 .UNSPECIFIED.,.F.,.F.,(4,4),(3.99061605982356E-9,0.054406778664751),
 .UNSPECIFIED.);
#163=B_SPLINE_CURVE_WITH_KNOTS('',3,(#4318,#4319,#4320,#4321,#4322,#4323,
#4324),.UNSPECIFIED.,.F.,.F.,(4,3,4),(0.,0.368324100068204,0.644567175119356),
 .UNSPECIFIED.);
#164=B_SPLINE_CURVE_WITH_KNOTS('',3,(#4325,#4326,#4327,#4328),
 .UNSPECIFIED.,.F.,.F.,(4,4),(0.,0.0546667383656429),.UNSPECIFIED.);
#165=B_SPLINE_CURVE_WITH_KNOTS('',3,(#4344,#4345,#4346,#4347),
 .UNSPECIFIED.,.F.,.F.,(4,4),(4.21460679644087E-8,0.0369120758779391),
 .UNSPECIFIED.);
#166=B_SPLINE_CURVE_WITH_KNOTS('',3,(#4395,#4396,#4397,#4398,#4399,#4400,
#4401),.UNSPECIFIED.,.F.,.F.,(4,3,4),(-1.25740692513557,-0.862305833727218,
-0.252025466587689),.UNSPECIFIED.);
#167=B_SPLINE_CURVE_WITH_KNOTS('',3,(#4404,#4405,#4406,#4407,#4408,#4409,
#4410,#4411,#4412,#4413,#4414,#4415,#4416,#4417,#4418,#4419,#4420,#4421,
#4422,#4423),.UNSPECIFIED.,.F.,.F.,(4,2,2,2,2,2,2,2,2,4),(-1.24507987942238,
-1.10465883518117,-0.940369894810432,-0.757294482346809,-0.67484059680333,
-0.615320138665747,-0.553184893650507,-0.457359534818724,-0.239618677464875,
0.),.UNSPECIFIED.);
#168=B_SPLINE_CURVE_WITH_KNOTS('',3,(#4429,#4430,#4431,#4432,#4433,#4434),
 .UNSPECIFIED.,.F.,.F.,(4,2,4),(-0.29531322846504,-0.284624187826995,0.),
 .UNSPECIFIED.);
#169=B_SPLINE_CURVE_WITH_KNOTS('',3,(#4439,#4440,#4441,#4442),
 .UNSPECIFIED.,.F.,.F.,(4,4),(-0.674793520790988,-0.11270405552191),
 .UNSPECIFIED.);
#170=B_SPLINE_CURVE_WITH_KNOTS('',3,(#4444,#4445,#4446,#4447,#4448,#4449,
#4450),.UNSPECIFIED.,.F.,.F.,(4,3,4),(-0.0345984524655179,-0.00822422956545459,
0.),.UNSPECIFIED.);
#171=B_SPLINE_CURVE_WITH_KNOTS('',3,(#4473,#4474,#4475,#4476,#4477,#4478,
#4479,#4480,#4481,#4482),.UNSPECIFIED.,.F.,.F.,(4,3,3,4),(-0.604948408007582,
-0.588298426938325,-0.0266591499415277,0.),.UNSPECIFIED.);
#172=B_SPLINE_CURVE_WITH_KNOTS('',3,(#4487,#4488,#4489,#4490),
 .UNSPECIFIED.,.F.,.F.,(4,4),(-0.559429924365946,-1.83077354387606E-8),
 .UNSPECIFIED.);
#173=B_SPLINE_CURVE_WITH_KNOTS('',3,(#4492,#4493,#4494,#4495,#4496,#4497,
#4498),.UNSPECIFIED.,.F.,.F.,(4,3,4),(-0.111031286543823,-0.084661784403301,
-0.0764350541877921),.UNSPECIFIED.);
#174=B_SPLINE_CURVE_WITH_KNOTS('',3,(#4502,#4503,#4504,#4505),
 .UNSPECIFIED.,.F.,.F.,(4,4),(-0.29569901760963,0.),.UNSPECIFIED.);
#175=B_SPLINE_CURVE_WITH_KNOTS('',3,(#4508,#4509,#4510,#4511,#4512,#4513,
#4514),.UNSPECIFIED.,.F.,.F.,(4,1,1,1,4),(-0.721652742006944,-0.526594870973941,
-0.315956922584365,-0.105318974194788,-1.15687879874655E-10),
 .UNSPECIFIED.);
#176=B_SPLINE_CURVE_WITH_KNOTS('',3,(#4522,#4523,#4524,#4525,#4526,#4527,
#4528,#4529,#4530,#4531,#4532,#4533),.UNSPECIFIED.,.F.,.F.,(4,2,2,2,2,4),
(-0.0815543724252816,-0.0746291752283261,-0.0675114816338785,-0.0500718647742269,
-0.0267514377480548,-4.56821647176753E-9),.UNSPECIFIED.);
#177=B_SPLINE_CURVE_WITH_KNOTS('',3,(#4537,#4538,#4539,#4540,#4541,#4542,
#4543,#4544,#4545,#4546,#4547,#4548),.UNSPECIFIED.,.F.,.F.,(4,2,2,2,2,4),
(-0.0701336466530518,-0.0579361459258971,-0.0464239772934658,-0.0265469331720837,
-0.0117299453589455,-2.73541805873023E-9),.UNSPECIFIED.);
#178=B_SPLINE_CURVE_WITH_KNOTS('',3,(#4551,#4552,#4553,#4554),
 .UNSPECIFIED.,.F.,.F.,(4,4),(-1.,-0.887166466980443),.UNSPECIFIED.);
#179=B_SPLINE_CURVE_WITH_KNOTS('',3,(#4584,#4585,#4586,#4587,#4588,#4589,
#4590,#4591,#4592),.UNSPECIFIED.,.F.,.F.,(4,1,1,1,1,1,4),(-2.79364339647052,
-2.70670526809861,-2.16536421447889,-1.62402316085917,-1.08268210723944,
-0.541341053619722,-2.97364736504051E-9),.UNSPECIFIED.);
#180=B_SPLINE_CURVE_WITH_KNOTS('',3,(#4611,#4612,#4613,#4614),
 .UNSPECIFIED.,.F.,.F.,(4,4),(0.0857992906554755,0.909642459418884),
 .UNSPECIFIED.);
#181=B_SPLINE_CURVE_WITH_KNOTS('',3,(#4615,#4616,#4617,#4618),
 .UNSPECIFIED.,.F.,.F.,(4,4),(-3.78938737103172,-3.30278249331984),
 .UNSPECIFIED.);
#182=B_SPLINE_CURVE_WITH_KNOTS('',3,(#4635,#4636,#4637,#4638),
 .UNSPECIFIED.,.F.,.F.,(4,4),(-0.837389293127206,-0.771430436316099),
 .UNSPECIFIED.);
#183=B_SPLINE_CURVE_WITH_KNOTS('',3,(#4680,#4681,#4682,#4683),
 .UNSPECIFIED.,.F.,.F.,(4,4),(5.77235781702764E-8,1.),.UNSPECIFIED.);
#184=B_SPLINE_CURVE_WITH_KNOTS('',3,(#4685,#4686,#4687,#4688,#4689,#4690,
#4691,#4692,#4693,#4694),.UNSPECIFIED.,.F.,.F.,(4,1,1,1,1,1,1,4),(4.66296218257458E-9,
0.541341053619722,1.08268210723944,1.62402316085917,2.16536421447889,2.70670526809861,
3.24804632171833,3.78938737128759),.UNSPECIFIED.);
#185=B_SPLINE_CURVE_WITH_KNOTS('',3,(#4738,#4739,#4740,#4741,#4742),
 .UNSPECIFIED.,.F.,.F.,(4,1,4),(0.841693170040933,0.857142857142857,0.885069430705256),
 .UNSPECIFIED.);
#186=B_SPLINE_CURVE_WITH_KNOTS('',3,(#4744,#4745,#4746,#4747),
 .UNSPECIFIED.,.F.,.F.,(4,4),(2.55784284231331,2.80643605254277),
 .UNSPECIFIED.);
#187=B_SPLINE_CURVE_WITH_KNOTS('',3,(#4749,#4750,#4751,#4752),
 .UNSPECIFIED.,.F.,.F.,(4,4),(0.72377310995393,0.76713558455997),
 .UNSPECIFIED.);
#188=B_SPLINE_CURVE_WITH_KNOTS('',3,(#4754,#4755,#4756,#4757,#4758,#4759,
#4760,#4761,#4762,#4763,#4764,#4765,#4766,#4767,#4768,#4769,#4770,#4771,
#4772),.UNSPECIFIED.,.F.,.F.,(4,3,3,3,3,3,4),(0.,0.476327272174866,0.952654544349732,
1.4289818165246,1.90530908869946,2.38163636087433,2.41325006825376),
 .UNSPECIFIED.);
#189=B_SPLINE_CURVE_WITH_KNOTS('',3,(#4775,#4776,#4777,#4778,#4779,#4780,
#4781,#4782,#4783,#4784),.UNSPECIFIED.,.F.,.F.,(4,1,1,1,1,1,1,4),(-3.78938737533805,
-3.24804632171833,-2.70670526809861,-2.16536421447889,-1.62402316085917,
-1.08268210723944,-0.541341053619722,0.),.UNSPECIFIED.);
#190=B_SPLINE_CURVE_WITH_KNOTS('',3,(#4787,#4788,#4789,#4790),
 .UNSPECIFIED.,.F.,.F.,(4,4),(2.95102879328392,3.33431372617892),
 .UNSPECIFIED.);
#191=B_SPLINE_CURVE_WITH_KNOTS('',3,(#4811,#4812,#4813,#4814,#4815,#4816,
#4817,#4818,#4819,#4820),.UNSPECIFIED.,.F.,.F.,(4,2,2,2,4),(-0.17574470541344,
-0.130924307009256,-0.0847359716350489,-0.0436276912773791,0.),
 .UNSPECIFIED.);
#192=B_SPLINE_CURVE_WITH_KNOTS('',3,(#4858,#4859,#4860,#4861,#4862,#4863,
#4864,#4865,#4866,#4867,#4868,#4869),.UNSPECIFIED.,.F.,.F.,(4,2,2,2,2,4),
(-0.175931066821371,-0.145271798719233,-0.117196964444689,-0.0705911097195789,
-0.0128094918043504,0.),.UNSPECIFIED.);
#193=B_SPLINE_CURVE_WITH_KNOTS('',3,(#4898,#4899,#4900,#4901),
 .UNSPECIFIED.,.F.,.F.,(4,4),(3.90417401582106E-7,0.218577955177537),
 .UNSPECIFIED.);
#194=B_SPLINE_CURVE_WITH_KNOTS('',3,(#4938,#4939,#4940,#4941,#4942,#4943,
#4944),.UNSPECIFIED.,.F.,.F.,(4,3,4),(-0.0660278437367855,-0.0344375507030905,
-2.24246492585681E-8),.UNSPECIFIED.);
#195=B_SPLINE_CURVE_WITH_KNOTS('',3,(#4967,#4968,#4969,#4970,#4971,#4972,
#4973),.UNSPECIFIED.,.F.,.F.,(4,3,4),(-0.857497956232802,-0.297592892709904,
0.),.UNSPECIFIED.);
#196=B_SPLINE_CURVE_WITH_KNOTS('',3,(#4991,#4992,#4993,#4994,#4995,#4996,
#4997),.UNSPECIFIED.,.F.,.F.,(4,3,4),(-0.066322110839916,-0.0316130171911493,
0.),.UNSPECIFIED.);
#197=B_SPLINE_CURVE_WITH_KNOTS('',3,(#5039,#5040,#5041,#5042,#5043,#5044,
#5045,#5046,#5047,#5048),.UNSPECIFIED.,.F.,.F.,(4,1,1,1,1,1,1,4),(3.07383225822453E-8,
0.541341052832618,1.08268210566524,1.62402315849785,2.16536421133047,2.70670526416309,
3.24804631699571,3.78938736909493),.UNSPECIFIED.);
#198=B_SPLINE_CURVE_WITH_KNOTS('',3,(#5073,#5074,#5075,#5076,#5077,#5078,
#5079),.UNSPECIFIED.,.F.,.F.,(4,3,4),(-0.857521889331402,-0.297594056591264,
0.),.UNSPECIFIED.);
#199=B_SPLINE_CURVE_WITH_KNOTS('',3,(#5098,#5099,#5100,#5101,#5102,#5103,
#5104),.UNSPECIFIED.,.F.,.F.,(4,3,4),(-0.0660165713979657,-0.0314678311980192,
0.),.UNSPECIFIED.);
#200=B_SPLINE_CURVE_WITH_KNOTS('',3,(#5128,#5129,#5130,#5131,#5132,#5133,
#5134),.UNSPECIFIED.,.F.,.F.,(4,3,4),(-0.0663310562277153,-0.0345907020479728,
-2.23460234123016E-8),.UNSPECIFIED.);
#201=B_SPLINE_CURVE_WITH_KNOTS('',3,(#5161,#5162,#5163,#5164,#5165,#5166),
 .UNSPECIFIED.,.F.,.F.,(4,1,1,4),(0.,0.1364311761907,0.227385293651167,
0.318339411111633),.UNSPECIFIED.);
#202=B_SPLINE_CURVE_WITH_KNOTS('',3,(#5167,#5168,#5169,#5170),
 .UNSPECIFIED.,.F.,.F.,(4,4),(-0.491539993813698,0.),.UNSPECIFIED.);
#203=B_SPLINE_CURVE_WITH_KNOTS('',3,(#5171,#5172,#5173,#5174),
 .UNSPECIFIED.,.F.,.F.,(4,4),(0.,0.490813531851901),.UNSPECIFIED.);
#204=B_SPLINE_CURVE_WITH_KNOTS('',3,(#5192,#5193,#5194,#5195),
 .UNSPECIFIED.,.F.,.F.,(4,4),(2.17092730429902E-8,0.036743667541002),
 .UNSPECIFIED.);
#205=B_SPLINE_CURVE_WITH_KNOTS('',3,(#5196,#5197,#5198,#5199),
 .UNSPECIFIED.,.F.,.F.,(4,4),(0.,0.514522279787567),.UNSPECIFIED.);
#206=B_SPLINE_CURVE_WITH_KNOTS('',3,(#5221,#5222,#5223,#5224),
 .UNSPECIFIED.,.F.,.F.,(4,4),(0.,0.0367436417492778),.UNSPECIFIED.);
#207=B_SPLINE_CURVE_WITH_KNOTS('',3,(#5225,#5226,#5227,#5228),
 .UNSPECIFIED.,.F.,.F.,(4,4),(3.28966558819786E-8,0.491540013627598),
 .UNSPECIFIED.);
#208=B_SPLINE_CURVE_WITH_KNOTS('',3,(#5254,#5255,#5256,#5257,#5258,#5259),
 .UNSPECIFIED.,.F.,.F.,(4,1,1,4),(0.,0.136431176226114,0.227385293710189,
0.318339411194265),.UNSPECIFIED.);
#209=B_SPLINE_CURVE_WITH_KNOTS('',3,(#5260,#5261,#5262,#5263),
 .UNSPECIFIED.,.F.,.F.,(4,4),(-0.490813534458516,0.),.UNSPECIFIED.);
#210=B_SPLINE_CURVE_WITH_KNOTS('',3,(#5306,#5307,#5308,#5309,#5310,#5311,
#5312,#5313,#5314,#5315),.UNSPECIFIED.,.F.,.F.,(4,2,1,1,1,1,4),(-0.00145399851806181,
0.,0.056356304014386,0.112712608028772,0.169068912043158,0.225425216057544,
0.28178152007193),.UNSPECIFIED.);
#211=B_SPLINE_CURVE_WITH_KNOTS('',3,(#5316,#5317,#5318,#5319,#5320,#5321,
#5322,#5323,#5324,#5325),.UNSPECIFIED.,.F.,.F.,(4,1,1,1,1,2,4),(-0.28178152007193,
-0.225425216057544,-0.169068912043158,-0.112712608028772,-0.056356304014386,
0.,0.00145399851806181),.UNSPECIFIED.);
#212=B_SPLINE_CURVE_WITH_KNOTS('',3,(#5326,#5327,#5328,#5329),
 .UNSPECIFIED.,.F.,.F.,(4,4),(2.24695035135331E-8,1.),.UNSPECIFIED.);
#213=B_SPLINE_CURVE_WITH_KNOTS('',3,(#5352,#5353,#5354,#5355),
 .UNSPECIFIED.,.F.,.F.,(4,4),(-0.218577955177537,-3.90417401582106E-7),
 .UNSPECIFIED.);
#214=B_SPLINE_CURVE_WITH_KNOTS('',3,(#5398,#5399,#5400,#5401,#5402,#5403,
#5404,#5405,#5406,#5407),.UNSPECIFIED.,.F.,.F.,(4,1,1,1,1,2,4),(0.,0.0805090049251602,
0.12076350738774,0.16101800985032,0.2012725123129,0.281781517238061,0.283235520546077),
 .UNSPECIFIED.);
#215=B_SPLINE_CURVE_WITH_KNOTS('',3,(#5409,#5410,#5411,#5412),
 .UNSPECIFIED.,.F.,.F.,(4,4),(-0.999999999023145,0.),.UNSPECIFIED.);
#216=B_SPLINE_CURVE_WITH_KNOTS('',3,(#5413,#5414,#5415,#5416,#5417,#5418,
#5419,#5420,#5421,#5422),.UNSPECIFIED.,.F.,.F.,(4,2,1,1,1,1,4),(-0.283235520546077,
-0.281781517238061,-0.2012725123129,-0.16101800985032,-0.12076350738774,
-0.0805090049251602,0.),.UNSPECIFIED.);
#217=B_SPLINE_CURVE_WITH_KNOTS('',3,(#5439,#5440,#5441,#5442),
 .UNSPECIFIED.,.F.,.F.,(4,4),(1.41968815619856E-7,0.218577827573959),
 .UNSPECIFIED.);
#218=B_SPLINE_CURVE_WITH_KNOTS('',3,(#5443,#5444,#5445,#5446),
 .UNSPECIFIED.,.F.,.F.,(4,4),(-0.218577833827204,-1.41968815619856E-7),
 .UNSPECIFIED.);
#219=B_SPLINE_CURVE_WITH_KNOTS('',3,(#5520,#5521,#5522,#5523,#5524,#5525,
#5526,#5527,#5528),.UNSPECIFIED.,.F.,.F.,(4,1,1,1,1,1,4),(0.,0.389846764348437,
0.454821225073177,0.519795685797916,0.649744607247395,0.779693528696874,
0.841855561412757),.UNSPECIFIED.);
#220=B_SPLINE_CURVE_WITH_KNOTS('',3,(#5575,#5576,#5577,#5578,#5579,#5580,
#5581,#5582,#5583,#5584),.UNSPECIFIED.,.F.,.F.,(4,1,1,1,1,1,1,4),(8.76801427986279E-9,
0.541341052832618,1.08268210566524,1.62402315849785,2.16536421133047,2.70670526416309,
3.24804631699571,3.78938736840749),.UNSPECIFIED.);
#221=B_SPLINE_CURVE_WITH_KNOTS('',3,(#5601,#5602,#5603,#5604),
 .UNSPECIFIED.,.F.,.F.,(4,4),(0.,0.0369120445455673),.UNSPECIFIED.);
#222=B_SPLINE_CURVE_WITH_KNOTS('',3,(#5621,#5622,#5623,#5624),
 .UNSPECIFIED.,.F.,.F.,(4,4),(4.21460688570973E-8,0.0369120758779391),
 .UNSPECIFIED.);
#223=B_SPLINE_CURVE_WITH_KNOTS('',3,(#5691,#5692,#5693,#5694,#5695,#5696,
#5697,#5698,#5699,#5700),.UNSPECIFIED.,.F.,.F.,(4,1,1,1,1,2,4),(-0.28178152007193,
-0.225425216057544,-0.169068912043158,-0.112712608028772,-0.056356304014386,
0.,0.00145400321345587),.UNSPECIFIED.);
#224=B_SPLINE_CURVE_WITH_KNOTS('',3,(#5702,#5703,#5704,#5705,#5706,#5707,
#5708,#5709,#5710),.UNSPECIFIED.,.F.,.F.,(4,1,1,1,1,1,4),(0.,0.0215574523488039,
0.0323361785232059,0.0431149046976078,0.0538936308720098,0.0646723570464117,
0.0754510832208137),.UNSPECIFIED.);
#225=B_SPLINE_CURVE_WITH_KNOTS('',3,(#5761,#5762,#5763,#5764,#5765,#5766,
#5767,#5768,#5769),.UNSPECIFIED.,.F.,.F.,(4,1,1,1,1,1,4),(0.,0.00808385606111132,
0.0107784747481484,0.0215569494962969,0.0323354242444453,0.0538923737407421,
0.075449323237039),.UNSPECIFIED.);
#226=B_SPLINE_CURVE_WITH_KNOTS('',3,(#5841,#5842,#5843,#5844,#5845,#5846,
#5847,#5848,#5849,#5850),.UNSPECIFIED.,.F.,.F.,(4,1,1,1,1,1,1,4),(1.79190394830526E-9,
0.541341053619722,1.08268210723944,1.62402316085917,2.16536421447889,2.70670526809861,
3.24804632171833,3.78938737252276),.UNSPECIFIED.);
#227=B_SPLINE_CURVE_WITH_KNOTS('',3,(#5851,#5852,#5853,#5854,#5855,#5856,
#5857,#5858,#5859,#5860),.UNSPECIFIED.,.F.,.F.,(4,1,1,1,1,1,1,4),(1.89447487102837E-9,
0.541341052832618,1.08268210566524,1.62402315849785,2.16536421133047,2.70670526416309,
3.24804631699571,3.78938736982832),.UNSPECIFIED.);
#228=B_SPLINE_CURVE_WITH_KNOTS('',3,(#5863,#5864,#5865,#5866,#5867,#5868,
#5869,#5870,#5871,#5872),.UNSPECIFIED.,.F.,.F.,(4,2,1,1,1,1,4),(-0.00145400321345587,
0.,0.056356304014386,0.112712608028772,0.169068912043158,0.225425216057544,
0.28178152007193),.UNSPECIFIED.);
#229=B_SPLINE_CURVE_WITH_KNOTS('',3,(#5875,#5876,#5877,#5878,#5879,#5880),
 .UNSPECIFIED.,.F.,.F.,(4,1,1,4),(0.,0.136431176226114,0.227385293710189,
0.318339411194265),.UNSPECIFIED.);
#230=B_SPLINE_CURVE_WITH_KNOTS('',3,(#5881,#5882,#5883,#5884),
 .UNSPECIFIED.,.F.,.F.,(4,4),(-0.218577955177537,-3.90417401582106E-7),
 .UNSPECIFIED.);
#231=B_SPLINE_CURVE_WITH_KNOTS('',3,(#5888,#5889,#5890,#5891),
 .UNSPECIFIED.,.F.,.F.,(4,4),(4.23862328529069E-8,0.036743667541002),
 .UNSPECIFIED.);
#232=B_SPLINE_CURVE_WITH_KNOTS('',3,(#5894,#5895,#5896,#5897),
 .UNSPECIFIED.,.F.,.F.,(4,4),(0.,0.0367436417492777),.UNSPECIFIED.);
#233=B_SPLINE_CURVE_WITH_KNOTS('',3,(#5903,#5904,#5905,#5906),
 .UNSPECIFIED.,.F.,.F.,(4,4),(1.41968815619856E-7,0.21857782553563),
 .UNSPECIFIED.);
#234=B_SPLINE_CURVE_WITH_KNOTS('',3,(#5907,#5908,#5909,#5910,#5911,#5912),
 .UNSPECIFIED.,.F.,.F.,(4,1,1,4),(0.,0.1364311761907,0.227385293651167,
0.318339411111633),.UNSPECIFIED.);
#235=B_SPLINE_CURVE_WITH_KNOTS('',3,(#5913,#5914,#5915,#5916,#5917,#5918,
#5919,#5920,#5921,#5922,#5923,#5924),.UNSPECIFIED.,.F.,.F.,(4,1,1,1,1,1,
1,2,4),(0.,0.0503181280782251,0.0805090049251602,0.12076350738774,0.16101800985032,
0.2012725123129,0.231463389159835,0.281781517238061,0.283235520545992),
 .UNSPECIFIED.);
#236=B_SPLINE_CURVE_WITH_KNOTS('',3,(#6024,#6025,#6026,#6027,#6028,#6029,
#6030,#6031,#6032,#6033,#6034,#6035),.UNSPECIFIED.,.F.,.F.,(4,2,1,1,1,1,
1,1,4),(-0.283235520545992,-0.281781517238061,-0.231463389159835,-0.2012725123129,
-0.16101800985032,-0.12076350738774,-0.0805090049251602,-0.0503181280782251,
0.),.UNSPECIFIED.);
#237=CYLINDRICAL_SURFACE('',#2772,1.45);
#238=CYLINDRICAL_SURFACE('',#2781,1.45);
#239=CYLINDRICAL_SURFACE('',#2801,1.5);
#240=CYLINDRICAL_SURFACE('',#2803,0.5);
#241=CYLINDRICAL_SURFACE('',#2809,0.5);
#242=CYLINDRICAL_SURFACE('',#2814,0.5);
#243=CYLINDRICAL_SURFACE('',#2819,0.5);
#244=CYLINDRICAL_SURFACE('',#2823,0.799999999999996);
#245=CYLINDRICAL_SURFACE('',#2826,0.80000000000001);
#246=CYLINDRICAL_SURFACE('',#2829,0.5);
#247=CYLINDRICAL_SURFACE('',#2835,0.5);
#248=CYLINDRICAL_SURFACE('',#2840,0.5);
#249=CYLINDRICAL_SURFACE('',#2845,0.5);
#250=CYLINDRICAL_SURFACE('',#2849,0.800000000000001);
#251=CYLINDRICAL_SURFACE('',#2852,0.799999999999996);
#252=CYLINDRICAL_SURFACE('',#2863,1.5);
#253=CYLINDRICAL_SURFACE('',#2870,1.00000000000001);
#254=CYLINDRICAL_SURFACE('',#2880,4.);
#255=CYLINDRICAL_SURFACE('',#2882,4.);
#256=CYLINDRICAL_SURFACE('',#2886,4.);
#257=CYLINDRICAL_SURFACE('',#2888,4.);
#258=CYLINDRICAL_SURFACE('',#2891,1.00000000000001);
#259=CYLINDRICAL_SURFACE('',#2900,2.5);
#260=CYLINDRICAL_SURFACE('',#2901,2.5);
#261=CYLINDRICAL_SURFACE('',#2903,1.5);
#262=CYLINDRICAL_SURFACE('',#2906,4.);
#263=CYLINDRICAL_SURFACE('',#2908,4.);
#264=CYLINDRICAL_SURFACE('',#2911,0.800000000000005);
#265=CYLINDRICAL_SURFACE('',#2914,0.800000000000005);
#266=CYLINDRICAL_SURFACE('',#2921,0.799999999999996);
#267=CYLINDRICAL_SURFACE('',#2924,0.8);
#268=CYLINDRICAL_SURFACE('',#2929,6.6);
#269=CYLINDRICAL_SURFACE('',#2930,3.);
#270=CYLINDRICAL_SURFACE('',#2933,6.8);
#271=CYLINDRICAL_SURFACE('',#2936,3.00000000000001);
#272=CYLINDRICAL_SURFACE('',#2945,2.699999956716);
#273=CYLINDRICAL_SURFACE('',#2955,2.5);
#274=CYLINDRICAL_SURFACE('',#2959,1.5);
#275=CYLINDRICAL_SURFACE('',#2968,1.5);
#276=CYLINDRICAL_SURFACE('',#2969,1.5);
#277=CYLINDRICAL_SURFACE('',#2971,2.5);
#278=CYLINDRICAL_SURFACE('',#2973,2.5);
#279=CYLINDRICAL_SURFACE('',#2977,2.5);
#280=CYLINDRICAL_SURFACE('',#2980,4.50000042591001);
#281=CYLINDRICAL_SURFACE('',#2982,4.50000042591001);
#282=CYLINDRICAL_SURFACE('',#2984,14.56250037705);
#283=CYLINDRICAL_SURFACE('',#2988,1.5);
#284=CYLINDRICAL_SURFACE('',#2990,1.5);
#285=CYLINDRICAL_SURFACE('',#2991,16.06250037705);
#286=CYLINDRICAL_SURFACE('',#2992,6.00000042591001);
#287=CYLINDRICAL_SURFACE('',#2994,6.00000042591001);
#288=CYLINDRICAL_SURFACE('',#3003,4.);
#289=CYLINDRICAL_SURFACE('',#3006,4.);
#290=FACE_OUTER_BOUND('',#452,.T.);
#291=FACE_OUTER_BOUND('',#453,.T.);
#292=FACE_OUTER_BOUND('',#454,.T.);
#293=FACE_OUTER_BOUND('',#456,.T.);
#294=FACE_OUTER_BOUND('',#457,.T.);
#295=FACE_OUTER_BOUND('',#458,.T.);
#296=FACE_OUTER_BOUND('',#460,.T.);
#297=FACE_OUTER_BOUND('',#461,.T.);
#298=FACE_OUTER_BOUND('',#466,.T.);
#299=FACE_OUTER_BOUND('',#467,.T.);
#300=FACE_OUTER_BOUND('',#468,.T.);
#301=FACE_OUTER_BOUND('',#469,.T.);
#302=FACE_OUTER_BOUND('',#470,.T.);
#303=FACE_OUTER_BOUND('',#471,.T.);
#304=FACE_OUTER_BOUND('',#472,.T.);
#305=FACE_OUTER_BOUND('',#473,.T.);
#306=FACE_OUTER_BOUND('',#474,.T.);
#307=FACE_OUTER_BOUND('',#475,.T.);
#308=FACE_OUTER_BOUND('',#476,.T.);
#309=FACE_OUTER_BOUND('',#477,.T.);
#310=FACE_OUTER_BOUND('',#478,.T.);
#311=FACE_OUTER_BOUND('',#479,.T.);
#312=FACE_OUTER_BOUND('',#480,.T.);
#313=FACE_OUTER_BOUND('',#481,.T.);
#314=FACE_OUTER_BOUND('',#482,.T.);
#315=FACE_OUTER_BOUND('',#483,.T.);
#316=FACE_OUTER_BOUND('',#484,.T.);
#317=FACE_OUTER_BOUND('',#485,.T.);
#318=FACE_OUTER_BOUND('',#486,.T.);
#319=FACE_OUTER_BOUND('',#487,.T.);
#320=FACE_OUTER_BOUND('',#488,.T.);
#321=FACE_OUTER_BOUND('',#489,.T.);
#322=FACE_OUTER_BOUND('',#490,.T.);
#323=FACE_OUTER_BOUND('',#491,.T.);
#324=FACE_OUTER_BOUND('',#492,.T.);
#325=FACE_OUTER_BOUND('',#493,.T.);
#326=FACE_OUTER_BOUND('',#494,.T.);
#327=FACE_OUTER_BOUND('',#495,.T.);
#328=FACE_OUTER_BOUND('',#496,.T.);
#329=FACE_OUTER_BOUND('',#497,.T.);
#330=FACE_OUTER_BOUND('',#498,.T.);
#331=FACE_OUTER_BOUND('',#499,.T.);
#332=FACE_OUTER_BOUND('',#500,.T.);
#333=FACE_OUTER_BOUND('',#501,.T.);
#334=FACE_OUTER_BOUND('',#502,.T.);
#335=FACE_OUTER_BOUND('',#503,.T.);
#336=FACE_OUTER_BOUND('',#504,.T.);
#337=FACE_OUTER_BOUND('',#505,.T.);
#338=FACE_OUTER_BOUND('',#506,.T.);
#339=FACE_OUTER_BOUND('',#507,.T.);
#340=FACE_OUTER_BOUND('',#508,.T.);
#341=FACE_OUTER_BOUND('',#509,.T.);
#342=FACE_OUTER_BOUND('',#510,.T.);
#343=FACE_OUTER_BOUND('',#511,.T.);
#344=FACE_OUTER_BOUND('',#512,.T.);
#345=FACE_OUTER_BOUND('',#513,.T.);
#346=FACE_OUTER_BOUND('',#514,.T.);
#347=FACE_OUTER_BOUND('',#515,.T.);
#348=FACE_OUTER_BOUND('',#516,.T.);
#349=FACE_OUTER_BOUND('',#517,.T.);
#350=FACE_OUTER_BOUND('',#518,.T.);
#351=FACE_OUTER_BOUND('',#519,.T.);
#352=FACE_OUTER_BOUND('',#520,.T.);
#353=FACE_OUTER_BOUND('',#521,.T.);
#354=FACE_OUTER_BOUND('',#522,.T.);
#355=FACE_OUTER_BOUND('',#523,.T.);
#356=FACE_OUTER_BOUND('',#524,.T.);
#357=FACE_OUTER_BOUND('',#525,.T.);
#358=FACE_OUTER_BOUND('',#526,.T.);
#359=FACE_OUTER_BOUND('',#527,.T.);
#360=FACE_OUTER_BOUND('',#528,.T.);
#361=FACE_OUTER_BOUND('',#529,.T.);
#362=FACE_OUTER_BOUND('',#530,.T.);
#363=FACE_OUTER_BOUND('',#531,.T.);
#364=FACE_OUTER_BOUND('',#532,.T.);
#365=FACE_OUTER_BOUND('',#533,.T.);
#366=FACE_OUTER_BOUND('',#534,.T.);
#367=FACE_OUTER_BOUND('',#535,.T.);
#368=FACE_OUTER_BOUND('',#536,.T.);
#369=FACE_OUTER_BOUND('',#537,.T.);
#370=FACE_OUTER_BOUND('',#538,.T.);
#371=FACE_OUTER_BOUND('',#539,.T.);
#372=FACE_OUTER_BOUND('',#540,.T.);
#373=FACE_OUTER_BOUND('',#541,.T.);
#374=FACE_OUTER_BOUND('',#542,.T.);
#375=FACE_OUTER_BOUND('',#547,.T.);
#376=FACE_OUTER_BOUND('',#549,.T.);
#377=FACE_OUTER_BOUND('',#550,.T.);
#378=FACE_OUTER_BOUND('',#551,.T.);
#379=FACE_OUTER_BOUND('',#552,.T.);
#380=FACE_OUTER_BOUND('',#553,.T.);
#381=FACE_OUTER_BOUND('',#554,.T.);
#382=FACE_OUTER_BOUND('',#555,.T.);
#383=FACE_OUTER_BOUND('',#556,.T.);
#384=FACE_OUTER_BOUND('',#557,.T.);
#385=FACE_OUTER_BOUND('',#558,.T.);
#386=FACE_OUTER_BOUND('',#559,.T.);
#387=FACE_OUTER_BOUND('',#560,.T.);
#388=FACE_OUTER_BOUND('',#561,.T.);
#389=FACE_OUTER_BOUND('',#562,.T.);
#390=FACE_OUTER_BOUND('',#563,.T.);
#391=FACE_OUTER_BOUND('',#564,.T.);
#392=FACE_OUTER_BOUND('',#565,.T.);
#393=FACE_OUTER_BOUND('',#566,.T.);
#394=FACE_OUTER_BOUND('',#567,.T.);
#395=FACE_OUTER_BOUND('',#568,.T.);
#396=FACE_OUTER_BOUND('',#569,.T.);
#397=FACE_OUTER_BOUND('',#570,.T.);
#398=FACE_OUTER_BOUND('',#571,.T.);
#399=FACE_OUTER_BOUND('',#572,.T.);
#400=FACE_OUTER_BOUND('',#573,.T.);
#401=FACE_OUTER_BOUND('',#574,.T.);
#402=FACE_OUTER_BOUND('',#575,.T.);
#403=FACE_OUTER_BOUND('',#576,.T.);
#404=FACE_OUTER_BOUND('',#577,.T.);
#405=FACE_OUTER_BOUND('',#578,.T.);
#406=FACE_OUTER_BOUND('',#579,.T.);
#407=FACE_OUTER_BOUND('',#580,.T.);
#408=FACE_OUTER_BOUND('',#581,.T.);
#409=FACE_OUTER_BOUND('',#582,.T.);
#410=FACE_OUTER_BOUND('',#583,.T.);
#411=FACE_OUTER_BOUND('',#584,.T.);
#412=FACE_OUTER_BOUND('',#585,.T.);
#413=FACE_OUTER_BOUND('',#586,.T.);
#414=FACE_OUTER_BOUND('',#587,.T.);
#415=FACE_OUTER_BOUND('',#588,.T.);
#416=FACE_OUTER_BOUND('',#589,.T.);
#417=FACE_OUTER_BOUND('',#590,.T.);
#418=FACE_OUTER_BOUND('',#591,.T.);
#419=FACE_OUTER_BOUND('',#592,.T.);
#420=FACE_OUTER_BOUND('',#593,.T.);
#421=FACE_OUTER_BOUND('',#594,.T.);
#422=FACE_OUTER_BOUND('',#595,.T.);
#423=FACE_OUTER_BOUND('',#596,.T.);
#424=FACE_OUTER_BOUND('',#597,.T.);
#425=FACE_OUTER_BOUND('',#598,.T.);
#426=FACE_OUTER_BOUND('',#599,.T.);
#427=FACE_OUTER_BOUND('',#600,.T.);
#428=FACE_OUTER_BOUND('',#601,.T.);
#429=FACE_OUTER_BOUND('',#602,.T.);
#430=FACE_OUTER_BOUND('',#603,.T.);
#431=FACE_OUTER_BOUND('',#604,.T.);
#432=FACE_OUTER_BOUND('',#605,.T.);
#433=FACE_OUTER_BOUND('',#606,.T.);
#434=FACE_OUTER_BOUND('',#607,.T.);
#435=FACE_OUTER_BOUND('',#608,.T.);
#436=FACE_OUTER_BOUND('',#609,.T.);
#437=FACE_OUTER_BOUND('',#610,.T.);
#438=FACE_OUTER_BOUND('',#611,.T.);
#439=FACE_OUTER_BOUND('',#612,.T.);
#440=FACE_OUTER_BOUND('',#613,.T.);
#441=FACE_OUTER_BOUND('',#614,.T.);
#442=FACE_OUTER_BOUND('',#615,.T.);
#443=FACE_OUTER_BOUND('',#616,.T.);
#444=FACE_OUTER_BOUND('',#617,.T.);
#445=FACE_OUTER_BOUND('',#618,.T.);
#446=FACE_OUTER_BOUND('',#619,.T.);
#447=FACE_OUTER_BOUND('',#620,.T.);
#448=FACE_OUTER_BOUND('',#621,.T.);
#449=FACE_OUTER_BOUND('',#622,.T.);
#450=FACE_OUTER_BOUND('',#623,.T.);
#451=FACE_OUTER_BOUND('',#624,.T.);
#452=EDGE_LOOP('',(#1775,#1776,#1777,#1778));
#453=EDGE_LOOP('',(#1779,#1780,#1781,#1782,#1783,#1784));
#454=EDGE_LOOP('',(#1785,#1786,#1787,#1788,#1789,#1790));
#455=EDGE_LOOP('',(#1791));
#456=EDGE_LOOP('',(#1792,#1793,#1794,#1795));
#457=EDGE_LOOP('',(#1796,#1797,#1798,#1799,#1800,#1801));
#458=EDGE_LOOP('',(#1802,#1803,#1804,#1805));
#459=EDGE_LOOP('',(#1806));
#460=EDGE_LOOP('',(#1807,#1808,#1809,#1810,#1811));
#461=EDGE_LOOP('',(#1812,#1813,#1814,#1815,#1816,#1817,#1818,#1819,#1820,
#1821));
#462=EDGE_LOOP('',(#1822,#1823,#1824,#1825,#1826,#1827,#1828,#1829));
#463=EDGE_LOOP('',(#1830,#1831,#1832,#1833));
#464=EDGE_LOOP('',(#1834,#1835,#1836,#1837,#1838,#1839,#1840,#1841));
#465=EDGE_LOOP('',(#1842));
#466=EDGE_LOOP('',(#1843,#1844,#1845,#1846,#1847));
#467=EDGE_LOOP('',(#1848,#1849,#1850,#1851));
#468=EDGE_LOOP('',(#1852,#1853,#1854,#1855));
#469=EDGE_LOOP('',(#1856,#1857,#1858,#1859));
#470=EDGE_LOOP('',(#1860,#1861,#1862,#1863));
#471=EDGE_LOOP('',(#1864,#1865,#1866,#1867));
#472=EDGE_LOOP('',(#1868,#1869,#1870,#1871));
#473=EDGE_LOOP('',(#1872,#1873,#1874,#1875));
#474=EDGE_LOOP('',(#1876,#1877,#1878,#1879));
#475=EDGE_LOOP('',(#1880,#1881,#1882,#1883));
#476=EDGE_LOOP('',(#1884,#1885,#1886,#1887));
#477=EDGE_LOOP('',(#1888,#1889,#1890,#1891));
#478=EDGE_LOOP('',(#1892,#1893,#1894,#1895));
#479=EDGE_LOOP('',(#1896,#1897,#1898,#1899));
#480=EDGE_LOOP('',(#1900,#1901,#1902,#1903));
#481=EDGE_LOOP('',(#1904,#1905,#1906,#1907));
#482=EDGE_LOOP('',(#1908,#1909,#1910,#1911));
#483=EDGE_LOOP('',(#1912,#1913,#1914,#1915));
#484=EDGE_LOOP('',(#1916,#1917,#1918,#1919));
#485=EDGE_LOOP('',(#1920,#1921,#1922,#1923));
#486=EDGE_LOOP('',(#1924,#1925,#1926,#1927));
#487=EDGE_LOOP('',(#1928,#1929,#1930,#1931));
#488=EDGE_LOOP('',(#1932,#1933,#1934,#1935));
#489=EDGE_LOOP('',(#1936,#1937,#1938,#1939));
#490=EDGE_LOOP('',(#1940,#1941,#1942,#1943));
#491=EDGE_LOOP('',(#1944,#1945,#1946,#1947,#1948,#1949));
#492=EDGE_LOOP('',(#1950,#1951,#1952,#1953));
#493=EDGE_LOOP('',(#1954,#1955,#1956,#1957,#1958,#1959));
#494=EDGE_LOOP('',(#1960,#1961,#1962,#1963));
#495=EDGE_LOOP('',(#1964,#1965,#1966,#1967));
#496=EDGE_LOOP('',(#1968,#1969,#1970,#1971,#1972));
#497=EDGE_LOOP('',(#1973,#1974,#1975,#1976,#1977));
#498=EDGE_LOOP('',(#1978,#1979,#1980,#1981));
#499=EDGE_LOOP('',(#1982,#1983,#1984,#1985));
#500=EDGE_LOOP('',(#1986,#1987,#1988,#1989));
#501=EDGE_LOOP('',(#1990,#1991,#1992,#1993,#1994,#1995,#1996));
#502=EDGE_LOOP('',(#1997,#1998,#1999,#2000,#2001,#2002,#2003));
#503=EDGE_LOOP('',(#2004,#2005,#2006,#2007));
#504=EDGE_LOOP('',(#2008,#2009,#2010,#2011));
#505=EDGE_LOOP('',(#2012,#2013,#2014,#2015));
#506=EDGE_LOOP('',(#2016,#2017,#2018,#2019,#2020));
#507=EDGE_LOOP('',(#2021,#2022,#2023,#2024));
#508=EDGE_LOOP('',(#2025,#2026,#2027,#2028));
#509=EDGE_LOOP('',(#2029,#2030,#2031,#2032));
#510=EDGE_LOOP('',(#2033,#2034,#2035,#2036));
#511=EDGE_LOOP('',(#2037,#2038,#2039,#2040));
#512=EDGE_LOOP('',(#2041,#2042,#2043,#2044,#2045,#2046,#2047));
#513=EDGE_LOOP('',(#2048,#2049,#2050,#2051,#2052,#2053,#2054,#2055));
#514=EDGE_LOOP('',(#2056,#2057,#2058,#2059,#2060,#2061,#2062,#2063));
#515=EDGE_LOOP('',(#2064,#2065,#2066,#2067));
#516=EDGE_LOOP('',(#2068,#2069,#2070,#2071));
#517=EDGE_LOOP('',(#2072,#2073,#2074,#2075));
#518=EDGE_LOOP('',(#2076,#2077,#2078,#2079,#2080,#2081,#2082,#2083,#2084,
#2085,#2086,#2087,#2088,#2089,#2090,#2091,#2092,#2093,#2094,#2095,#2096,
#2097,#2098,#2099,#2100,#2101,#2102,#2103,#2104,#2105,#2106,#2107,#2108,
#2109,#2110));
#519=EDGE_LOOP('',(#2111,#2112,#2113,#2114));
#520=EDGE_LOOP('',(#2115,#2116,#2117,#2118));
#521=EDGE_LOOP('',(#2119,#2120,#2121,#2122,#2123,#2124,#2125,#2126,#2127));
#522=EDGE_LOOP('',(#2128,#2129,#2130,#2131));
#523=EDGE_LOOP('',(#2132,#2133,#2134,#2135));
#524=EDGE_LOOP('',(#2136,#2137,#2138,#2139));
#525=EDGE_LOOP('',(#2140,#2141,#2142,#2143));
#526=EDGE_LOOP('',(#2144,#2145,#2146,#2147));
#527=EDGE_LOOP('',(#2148,#2149,#2150,#2151));
#528=EDGE_LOOP('',(#2152,#2153,#2154,#2155));
#529=EDGE_LOOP('',(#2156,#2157,#2158,#2159));
#530=EDGE_LOOP('',(#2160,#2161,#2162,#2163));
#531=EDGE_LOOP('',(#2164,#2165,#2166,#2167));
#532=EDGE_LOOP('',(#2168,#2169,#2170,#2171));
#533=EDGE_LOOP('',(#2172,#2173,#2174,#2175));
#534=EDGE_LOOP('',(#2176,#2177));
#535=EDGE_LOOP('',(#2178,#2179));
#536=EDGE_LOOP('',(#2180,#2181,#2182,#2183,#2184));
#537=EDGE_LOOP('',(#2185,#2186,#2187,#2188,#2189));
#538=EDGE_LOOP('',(#2190,#2191,#2192,#2193));
#539=EDGE_LOOP('',(#2194,#2195,#2196,#2197));
#540=EDGE_LOOP('',(#2198,#2199,#2200,#2201,#2202));
#541=EDGE_LOOP('',(#2203,#2204,#2205,#2206,#2207));
#542=EDGE_LOOP('',(#2208,#2209,#2210,#2211,#2212,#2213,#2214,#2215,#2216,
#2217,#2218,#2219));
#543=EDGE_LOOP('',(#2220,#2221,#2222,#2223,#2224,#2225,#2226,#2227));
#544=EDGE_LOOP('',(#2228,#2229,#2230,#2231));
#545=EDGE_LOOP('',(#2232,#2233,#2234,#2235,#2236,#2237,#2238,#2239));
#546=EDGE_LOOP('',(#2240));
#547=EDGE_LOOP('',(#2241,#2242,#2243,#2244,#2245));
#548=EDGE_LOOP('',(#2246,#2247));
#549=EDGE_LOOP('',(#2248,#2249,#2250,#2251,#2252));
#550=EDGE_LOOP('',(#2253,#2254,#2255));
#551=EDGE_LOOP('',(#2256,#2257,#2258,#2259,#2260,#2261,#2262,#2263));
#552=EDGE_LOOP('',(#2264,#2265,#2266,#2267,#2268,#2269,#2270,#2271));
#553=EDGE_LOOP('',(#2272,#2273,#2274,#2275,#2276,#2277));
#554=EDGE_LOOP('',(#2278,#2279,#2280,#2281,#2282,#2283));
#555=EDGE_LOOP('',(#2284,#2285,#2286,#2287,#2288));
#556=EDGE_LOOP('',(#2289,#2290,#2291,#2292,#2293,#2294));
#557=EDGE_LOOP('',(#2295,#2296,#2297,#2298));
#558=EDGE_LOOP('',(#2299,#2300,#2301,#2302,#2303));
#559=EDGE_LOOP('',(#2304,#2305));
#560=EDGE_LOOP('',(#2306,#2307));
#561=EDGE_LOOP('',(#2308,#2309,#2310,#2311,#2312,#2313));
#562=EDGE_LOOP('',(#2314,#2315,#2316,#2317,#2318));
#563=EDGE_LOOP('',(#2319,#2320,#2321,#2322,#2323,#2324,#2325,#2326));
#564=EDGE_LOOP('',(#2327,#2328,#2329,#2330,#2331));
#565=EDGE_LOOP('',(#2332,#2333,#2334,#2335));
#566=EDGE_LOOP('',(#2336,#2337,#2338,#2339));
#567=EDGE_LOOP('',(#2340,#2341,#2342,#2343));
#568=EDGE_LOOP('',(#2344,#2345,#2346,#2347));
#569=EDGE_LOOP('',(#2348,#2349,#2350,#2351));
#570=EDGE_LOOP('',(#2352,#2353,#2354,#2355));
#571=EDGE_LOOP('',(#2356,#2357,#2358,#2359));
#572=EDGE_LOOP('',(#2360,#2361,#2362,#2363));
#573=EDGE_LOOP('',(#2364,#2365,#2366,#2367));
#574=EDGE_LOOP('',(#2368,#2369,#2370,#2371));
#575=EDGE_LOOP('',(#2372,#2373,#2374,#2375));
#576=EDGE_LOOP('',(#2376,#2377,#2378,#2379));
#577=EDGE_LOOP('',(#2380,#2381,#2382,#2383));
#578=EDGE_LOOP('',(#2384,#2385,#2386,#2387));
#579=EDGE_LOOP('',(#2388,#2389,#2390,#2391));
#580=EDGE_LOOP('',(#2392,#2393,#2394));
#581=EDGE_LOOP('',(#2395,#2396,#2397,#2398));
#582=EDGE_LOOP('',(#2399,#2400,#2401,#2402));
#583=EDGE_LOOP('',(#2403,#2404,#2405));
#584=EDGE_LOOP('',(#2406,#2407,#2408,#2409));
#585=EDGE_LOOP('',(#2410,#2411,#2412));
#586=EDGE_LOOP('',(#2413,#2414,#2415,#2416,#2417));
#587=EDGE_LOOP('',(#2418,#2419,#2420,#2421));
#588=EDGE_LOOP('',(#2422,#2423,#2424,#2425));
#589=EDGE_LOOP('',(#2426,#2427,#2428,#2429));
#590=EDGE_LOOP('',(#2430,#2431,#2432,#2433));
#591=EDGE_LOOP('',(#2434,#2435,#2436,#2437));
#592=EDGE_LOOP('',(#2438,#2439,#2440,#2441,#2442));
#593=EDGE_LOOP('',(#2443,#2444,#2445,#2446,#2447,#2448,#2449,#2450));
#594=EDGE_LOOP('',(#2451,#2452,#2453,#2454,#2455));
#595=EDGE_LOOP('',(#2456,#2457,#2458,#2459,#2460,#2461,#2462,#2463,#2464));
#596=EDGE_LOOP('',(#2465,#2466,#2467,#2468));
#597=EDGE_LOOP('',(#2469,#2470,#2471,#2472,#2473));
#598=EDGE_LOOP('',(#2474,#2475,#2476,#2477));
#599=EDGE_LOOP('',(#2478,#2479,#2480,#2481));
#600=EDGE_LOOP('',(#2482,#2483,#2484,#2485));
#601=EDGE_LOOP('',(#2486,#2487,#2488,#2489));
#602=EDGE_LOOP('',(#2490,#2491,#2492,#2493));
#603=EDGE_LOOP('',(#2494,#2495,#2496,#2497));
#604=EDGE_LOOP('',(#2498,#2499,#2500,#2501));
#605=EDGE_LOOP('',(#2502,#2503,#2504,#2505,#2506));
#606=EDGE_LOOP('',(#2507,#2508,#2509,#2510,#2511));
#607=EDGE_LOOP('',(#2512,#2513,#2514,#2515,#2516,#2517,#2518,#2519));
#608=EDGE_LOOP('',(#2520,#2521,#2522,#2523,#2524));
#609=EDGE_LOOP('',(#2525,#2526,#2527,#2528));
#610=EDGE_LOOP('',(#2529,#2530,#2531,#2532));
#611=EDGE_LOOP('',(#2533,#2534,#2535,#2536));
#612=EDGE_LOOP('',(#2537,#2538,#2539,#2540));
#613=EDGE_LOOP('',(#2541,#2542,#2543,#2544,#2545,#2546,#2547,#2548));
#614=EDGE_LOOP('',(#2549,#2550,#2551,#2552));
#615=EDGE_LOOP('',(#2553,#2554,#2555));
#616=EDGE_LOOP('',(#2556,#2557,#2558,#2559));
#617=EDGE_LOOP('',(#2560,#2561,#2562,#2563));
#618=EDGE_LOOP('',(#2564,#2565,#2566,#2567));
#619=EDGE_LOOP('',(#2568,#2569,#2570));
#620=EDGE_LOOP('',(#2571,#2572,#2573,#2574));
#621=EDGE_LOOP('',(#2575,#2576,#2577,#2578));
#622=EDGE_LOOP('',(#2579,#2580,#2581,#2582));
#623=EDGE_LOOP('',(#2583,#2584,#2585,#2586));
#624=EDGE_LOOP('',(#2587,#2588,#2589,#2590));
#625=LINE('',#3683,#812);
#626=LINE('',#3698,#813);
#627=LINE('',#3740,#814);
#628=LINE('',#3750,#815);
#629=LINE('',#3755,#816);
#630=LINE('',#3764,#817);
#631=LINE('',#3770,#818);
#632=LINE('',#3772,#819);
#633=LINE('',#3773,#820);
#634=LINE('',#3790,#821);
#635=LINE('',#3802,#822);
#636=LINE('',#3814,#823);
#637=LINE('',#3839,#824);
#638=LINE('',#3843,#825);
#639=LINE('',#3847,#826);
#640=LINE('',#3851,#827);
#641=LINE('',#3855,#828);
#642=LINE('',#3857,#829);
#643=LINE('',#3859,#830);
#644=LINE('',#3860,#831);
#645=LINE('',#3863,#832);
#646=LINE('',#3867,#833);
#647=LINE('',#3871,#834);
#648=LINE('',#3875,#835);
#649=LINE('',#3879,#836);
#650=LINE('',#3885,#837);
#651=LINE('',#3894,#838);
#652=LINE('',#3902,#839);
#653=LINE('',#3910,#840);
#654=LINE('',#3915,#841);
#655=LINE('',#3918,#842);
#656=LINE('',#3921,#843);
#657=LINE('',#3922,#844);
#658=LINE('',#3925,#845);
#659=LINE('',#3929,#846);
#660=LINE('',#3930,#847);
#661=LINE('',#3935,#848);
#662=LINE('',#3944,#849);
#663=LINE('',#3952,#850);
#664=LINE('',#3960,#851);
#665=LINE('',#3965,#852);
#666=LINE('',#3968,#853);
#667=LINE('',#3971,#854);
#668=LINE('',#3972,#855);
#669=LINE('',#3975,#856);
#670=LINE('',#3979,#857);
#671=LINE('',#3980,#858);
#672=LINE('',#3988,#859);
#673=LINE('',#3990,#860);
#674=LINE('',#3992,#861);
#675=LINE('',#3993,#862);
#676=LINE('',#3996,#863);
#677=LINE('',#3998,#864);
#678=LINE('',#3999,#865);
#679=LINE('',#4003,#866);
#680=LINE('',#4009,#867);
#681=LINE('',#4011,#868);
#682=LINE('',#4012,#869);
#683=LINE('',#4015,#870);
#684=LINE('',#4017,#871);
#685=LINE('',#4018,#872);
#686=LINE('',#4021,#873);
#687=LINE('',#4024,#874);
#688=LINE('',#4027,#875);
#689=LINE('',#4029,#876);
#690=LINE('',#4032,#877);
#691=LINE('',#4035,#878);
#692=LINE('',#4039,#879);
#693=LINE('',#4040,#880);
#694=LINE('',#4044,#881);
#695=LINE('',#4046,#882);
#696=LINE('',#4048,#883);
#697=LINE('',#4049,#884);
#698=LINE('',#4055,#885);
#699=LINE('',#4058,#886);
#700=LINE('',#4060,#887);
#701=LINE('',#4061,#888);
#702=LINE('',#4065,#889);
#703=LINE('',#4068,#890);
#704=LINE('',#4073,#891);
#705=LINE('',#4076,#892);
#706=LINE('',#4080,#893);
#707=LINE('',#4083,#894);
#708=LINE('',#4086,#895);
#709=LINE('',#4089,#896);
#710=LINE('',#4092,#897);
#711=LINE('',#4093,#898);
#712=LINE('',#4096,#899);
#713=LINE('',#4102,#900);
#714=LINE('',#4105,#901);
#715=LINE('',#4110,#902);
#716=LINE('',#4114,#903);
#717=LINE('',#4116,#904);
#718=LINE('',#4118,#905);
#719=LINE('',#4119,#906);
#720=LINE('',#4125,#907);
#721=LINE('',#4128,#908);
#722=LINE('',#4129,#909);
#723=LINE('',#4130,#910);
#724=LINE('',#4132,#911);
#725=LINE('',#4136,#912);
#726=LINE('',#4138,#913);
#727=LINE('',#4141,#914);
#728=LINE('',#4144,#915);
#729=LINE('',#4145,#916);
#730=LINE('',#4148,#917);
#731=LINE('',#4154,#918);
#732=LINE('',#4158,#919);
#733=LINE('',#4162,#920);
#734=LINE('',#4165,#921);
#735=LINE('',#4192,#922);
#736=LINE('',#4253,#923);
#737=LINE('',#4278,#924);
#738=LINE('',#4311,#925);
#739=LINE('',#4332,#926);
#740=LINE('',#4335,#927);
#741=LINE('',#4339,#928);
#742=LINE('',#4341,#929);
#743=LINE('',#4343,#930);
#744=LINE('',#4350,#931);
#745=LINE('',#4354,#932);
#746=LINE('',#4355,#933);
#747=LINE('',#4358,#934);
#748=LINE('',#4361,#935);
#749=LINE('',#4364,#936);
#750=LINE('',#4366,#937);
#751=LINE('',#4367,#938);
#752=LINE('',#4370,#939);
#753=LINE('',#4371,#940);
#754=LINE('',#4374,#941);
#755=LINE('',#4375,#942);
#756=LINE('',#4377,#943);
#757=LINE('',#4380,#944);
#758=LINE('',#4384,#945);
#759=LINE('',#4385,#946);
#760=LINE('',#4388,#947);
#761=LINE('',#4391,#948);
#762=LINE('',#4435,#949);
#763=LINE('',#4436,#950);
#764=LINE('',#4451,#951);
#765=LINE('',#4455,#952);
#766=LINE('',#4483,#953);
#767=LINE('',#4491,#954);
#768=LINE('',#4516,#955);
#769=LINE('',#4520,#956);
#770=LINE('',#4535,#957);
#771=LINE('',#4550,#958);
#772=LINE('',#4593,#959);
#773=LINE('',#4774,#960);
#774=LINE('',#4786,#961);
#775=LINE('',#4873,#962);
#776=LINE('',#4876,#963);
#777=LINE('',#4877,#964);
#778=LINE('',#4882,#965);
#779=LINE('',#4885,#966);
#780=LINE('',#4886,#967);
#781=LINE('',#4889,#968);
#782=LINE('',#4893,#969);
#783=LINE('',#4896,#970);
#784=LINE('',#4902,#971);
#785=LINE('',#4904,#972);
#786=LINE('',#4907,#973);
#787=LINE('',#4911,#974);
#788=LINE('',#4913,#975);
#789=LINE('',#4916,#976);
#790=LINE('',#5107,#977);
#791=LINE('',#5110,#978);
#792=LINE('',#5203,#979);
#793=LINE('',#5332,#980);
#794=LINE('',#5335,#981);
#795=LINE('',#5449,#982);
#796=LINE('',#5534,#983);
#797=LINE('',#5626,#984);
#798=LINE('',#5627,#985);
#799=LINE('',#5629,#986);
#800=LINE('',#5630,#987);
#801=LINE('',#5632,#988);
#802=LINE('',#5634,#989);
#803=LINE('',#5636,#990);
#804=LINE('',#5711,#991);
#805=LINE('',#5771,#992);
#806=LINE('',#5839,#993);
#807=LINE('',#5874,#994);
#808=LINE('',#5893,#995);
#809=LINE('',#5899,#996);
#810=LINE('',#5900,#997);
#811=LINE('',#6036,#998);
#812=VECTOR('',#3015,1.7);
#813=VECTOR('',#3022,1.45);
#814=VECTOR('',#3031,10.);
#815=VECTOR('',#3032,10.);
#816=VECTOR('',#3037,1.7);
#817=VECTOR('',#3048,1.45);
#818=VECTOR('',#3053,10.);
#819=VECTOR('',#3054,10.);
#820=VECTOR('',#3055,10.);
#821=VECTOR('',#3068,10.);
#822=VECTOR('',#3069,10.);
#823=VECTOR('',#3070,10.);
#824=VECTOR('',#3071,10.);
#825=VECTOR('',#3074,10.);
#826=VECTOR('',#3077,10.);
#827=VECTOR('',#3080,10.);
#828=VECTOR('',#3083,10.);
#829=VECTOR('',#3084,10.);
#830=VECTOR('',#3085,10.);
#831=VECTOR('',#3086,10.);
#832=VECTOR('',#3087,10.);
#833=VECTOR('',#3090,10.);
#834=VECTOR('',#3093,10.);
#835=VECTOR('',#3096,10.);
#836=VECTOR('',#3101,1.5);
#837=VECTOR('',#3108,10.);
#838=VECTOR('',#3121,10.);
#839=VECTOR('',#3132,10.);
#840=VECTOR('',#3143,10.);
#841=VECTOR('',#3150,10.);
#842=VECTOR('',#3153,10.);
#843=VECTOR('',#3156,10.);
#844=VECTOR('',#3157,10.);
#845=VECTOR('',#3160,10.);
#846=VECTOR('',#3165,10.);
#847=VECTOR('',#3166,10.);
#848=VECTOR('',#3171,10.);
#849=VECTOR('',#3184,10.);
#850=VECTOR('',#3195,10.);
#851=VECTOR('',#3206,10.);
#852=VECTOR('',#3213,10.);
#853=VECTOR('',#3216,10.);
#854=VECTOR('',#3219,10.);
#855=VECTOR('',#3220,10.);
#856=VECTOR('',#3223,10.);
#857=VECTOR('',#3228,10.);
#858=VECTOR('',#3229,10.);
#859=VECTOR('',#3236,10.);
#860=VECTOR('',#3237,10.);
#861=VECTOR('',#3238,10.);
#862=VECTOR('',#3239,10.);
#863=VECTOR('',#3242,10.);
#864=VECTOR('',#3243,10.);
#865=VECTOR('',#3244,10.);
#866=VECTOR('',#3247,10.);
#867=VECTOR('',#3252,10.);
#868=VECTOR('',#3253,10.);
#869=VECTOR('',#3254,10.);
#870=VECTOR('',#3257,10.);
#871=VECTOR('',#3258,10.);
#872=VECTOR('',#3259,10.);
#873=VECTOR('',#3262,10.);
#874=VECTOR('',#3265,10.);
#875=VECTOR('',#3268,10.);
#876=VECTOR('',#3269,10.);
#877=VECTOR('',#3272,10.);
#878=VECTOR('',#3275,10.);
#879=VECTOR('',#3278,10.);
#880=VECTOR('',#3279,10.);
#881=VECTOR('',#3282,10.);
#882=VECTOR('',#3283,10.);
#883=VECTOR('',#3284,10.);
#884=VECTOR('',#3285,10.);
#885=VECTOR('',#3292,10.);
#886=VECTOR('',#3295,10.);
#887=VECTOR('',#3296,10.);
#888=VECTOR('',#3297,10.);
#889=VECTOR('',#3300,10.);
#890=VECTOR('',#3303,10.);
#891=VECTOR('',#3308,10.);
#892=VECTOR('',#3311,10.);
#893=VECTOR('',#3316,10.);
#894=VECTOR('',#3319,10.);
#895=VECTOR('',#3322,10.);
#896=VECTOR('',#3325,10.);
#897=VECTOR('',#3328,10.);
#898=VECTOR('',#3329,10.);
#899=VECTOR('',#3332,10.);
#900=VECTOR('',#3333,10.);
#901=VECTOR('',#3336,10.);
#902=VECTOR('',#3343,10.);
#903=VECTOR('',#3346,10.);
#904=VECTOR('',#3347,10.);
#905=VECTOR('',#3348,10.);
#906=VECTOR('',#3349,10.);
#907=VECTOR('',#3356,10.);
#908=VECTOR('',#3359,10.);
#909=VECTOR('',#3360,10.);
#910=VECTOR('',#3361,10.);
#911=VECTOR('',#3364,10.);
#912=VECTOR('',#3367,10.);
#913=VECTOR('',#3368,10.);
#914=VECTOR('',#3371,10.);
#915=VECTOR('',#3376,10.);
#916=VECTOR('',#3377,10.);
#917=VECTOR('',#3380,10.);
#918=VECTOR('',#3381,10.);
#919=VECTOR('',#3386,10.);
#920=VECTOR('',#3391,10.);
#921=VECTOR('',#3394,10.);
#922=VECTOR('',#3395,10.);
#923=VECTOR('',#3396,10.);
#924=VECTOR('',#3397,10.);
#925=VECTOR('',#3398,10.);
#926=VECTOR('',#3403,10.);
#927=VECTOR('',#3406,10.);
#928=VECTOR('',#3411,10.);
#929=VECTOR('',#3412,10.);
#930=VECTOR('',#3413,10.);
#931=VECTOR('',#3416,10.);
#932=VECTOR('',#3421,10.);
#933=VECTOR('',#3422,10.);
#934=VECTOR('',#3425,10.);
#935=VECTOR('',#3430,10.);
#936=VECTOR('',#3433,10.);
#937=VECTOR('',#3434,10.);
#938=VECTOR('',#3435,10.);
#939=VECTOR('',#3438,10.);
#940=VECTOR('',#3439,10.);
#941=VECTOR('',#3442,10.);
#942=VECTOR('',#3443,10.);
#943=VECTOR('',#3446,10.);
#944=VECTOR('',#3449,10.);
#945=VECTOR('',#3454,10.);
#946=VECTOR('',#3455,10.);
#947=VECTOR('',#3458,10.);
#948=VECTOR('',#3463,10.);
#949=VECTOR('',#3474,10.);
#950=VECTOR('',#3475,10.);
#951=VECTOR('',#3478,10.);
#952=VECTOR('',#3483,10.);
#953=VECTOR('',#3484,10.);
#954=VECTOR('',#3487,10.);
#955=VECTOR('',#3494,10.);
#956=VECTOR('',#3497,10.);
#957=VECTOR('',#3498,10.);
#958=VECTOR('',#3499,10.);
#959=VECTOR('',#3500,10.4983439170186);
#960=VECTOR('',#3503,10.4983439170186);
#961=VECTOR('',#3504,10.4983445635006);
#962=VECTOR('',#3511,10.);
#963=VECTOR('',#3514,10.);
#964=VECTOR('',#3515,10.);
#965=VECTOR('',#3522,10.);
#966=VECTOR('',#3525,10.);
#967=VECTOR('',#3526,10.);
#968=VECTOR('',#3529,10.);
#969=VECTOR('',#3536,10.);
#970=VECTOR('',#3539,10.);
#971=VECTOR('',#3540,10.);
#972=VECTOR('',#3543,10.);
#973=VECTOR('',#3546,10.);
#974=VECTOR('',#3551,10.);
#975=VECTOR('',#3552,10.);
#976=VECTOR('',#3555,10.);
#977=VECTOR('',#3576,10.);
#978=VECTOR('',#3579,10.);
#979=VECTOR('',#3586,10.);
#980=VECTOR('',#3589,10.);
#981=VECTOR('',#3592,10.);
#982=VECTOR('',#3597,11.4221377940873);
#983=VECTOR('',#3604,10.);
#984=VECTOR('',#3607,10.);
#985=VECTOR('',#3608,10.);
#986=VECTOR('',#3611,9.48500000000002);
#987=VECTOR('',#3612,10.);
#988=VECTOR('',#3615,10.);
#989=VECTOR('',#3618,10.);
#990=VECTOR('',#3621,10.);
#991=VECTOR('',#3624,9.48500000000002);
#992=VECTOR('',#3631,10.);
#993=VECTOR('',#3636,10.);
#994=VECTOR('',#3641,10.);
#995=VECTOR('',#3644,10.);
#996=VECTOR('',#3645,10.);
#997=VECTOR('',#3646,10.);
#998=VECTOR('',#3653,11.4221377940873);
#999=CIRCLE('',#2770,1.45);
#1000=CIRCLE('',#2771,1.95);
#1001=CIRCLE('',#2773,1.45);
#1002=CIRCLE('',#2775,3.00000000000001);
#1003=CIRCLE('',#2776,6.8);
#1004=CIRCLE('',#2777,3.);
#1005=CIRCLE('',#2779,1.95);
#1006=CIRCLE('',#2780,1.45);
#1007=CIRCLE('',#2783,1.45);
#1008=CIRCLE('',#2786,2.699999956716);
#1009=CIRCLE('',#2788,2.);
#1010=CIRCLE('',#2789,0.5);
#1011=CIRCLE('',#2790,1.5);
#1012=CIRCLE('',#2791,1.5);
#1013=CIRCLE('',#2793,1.30000000000001);
#1014=CIRCLE('',#2794,1.3);
#1015=CIRCLE('',#2795,1.3);
#1016=CIRCLE('',#2796,1.30000000000001);
#1017=CIRCLE('',#2797,1.3);
#1018=CIRCLE('',#2798,1.3);
#1019=CIRCLE('',#2799,1.3);
#1020=CIRCLE('',#2800,1.3);
#1021=CIRCLE('',#2802,1.5);
#1022=CIRCLE('',#2804,0.5);
#1023=CIRCLE('',#2805,0.499999999999998);
#1024=CIRCLE('',#2807,0.5);
#1025=CIRCLE('',#2808,0.80000000000001);
#1026=CIRCLE('',#2810,0.500000000000002);
#1027=CIRCLE('',#2812,0.499999999999998);
#1028=CIRCLE('',#2813,0.799999999999996);
#1029=CIRCLE('',#2815,0.499999999999998);
#1030=CIRCLE('',#2817,0.499999999999999);
#1031=CIRCLE('',#2818,0.800000000000005);
#1032=CIRCLE('',#2820,0.5);
#1033=CIRCLE('',#2822,0.800000000000005);
#1034=CIRCLE('',#2824,0.799999999999996);
#1035=CIRCLE('',#2827,0.80000000000001);
#1036=CIRCLE('',#2830,0.5);
#1037=CIRCLE('',#2831,0.499999999999998);
#1038=CIRCLE('',#2833,0.5);
#1039=CIRCLE('',#2834,0.799999999999996);
#1040=CIRCLE('',#2836,0.499999999999999);
#1041=CIRCLE('',#2838,0.500000000000003);
#1042=CIRCLE('',#2839,0.800000000000001);
#1043=CIRCLE('',#2841,0.499999999999998);
#1044=CIRCLE('',#2843,0.5);
#1045=CIRCLE('',#2844,0.8);
#1046=CIRCLE('',#2846,0.5);
#1047=CIRCLE('',#2848,0.799999999999996);
#1048=CIRCLE('',#2850,0.800000000000001);
#1049=CIRCLE('',#2853,0.799999999999996);
#1050=CIRCLE('',#2856,1.5);
#1051=CIRCLE('',#2857,2.5);
#1052=CIRCLE('',#2860,2.5);
#1053=CIRCLE('',#2861,1.5);
#1054=CIRCLE('',#2864,1.5);
#1055=CIRCLE('',#2866,4.);
#1056=CIRCLE('',#2868,4.);
#1057=CIRCLE('',#2871,1.00000000000001);
#1058=CIRCLE('',#2872,1.00000000000001);
#1059=CIRCLE('',#2875,4.);
#1060=CIRCLE('',#2876,4.);
#1061=CIRCLE('',#2878,4.);
#1062=CIRCLE('',#2879,4.);
#1063=CIRCLE('',#2881,4.);
#1064=CIRCLE('',#2883,3.99999999999908);
#1065=CIRCLE('',#2887,3.99999999999922);
#1066=CIRCLE('',#2889,4.);
#1067=CIRCLE('',#2892,1.00000000000001);
#1068=CIRCLE('',#2893,1.00000000000001);
#1069=CIRCLE('',#2897,4.00000075410796);
#1070=CIRCLE('',#2898,4.);
#1071=CIRCLE('',#2902,2.5);
#1072=CIRCLE('',#2904,1.5);
#1073=CIRCLE('',#2907,4.);
#1074=CIRCLE('',#2909,4.);
#1075=CIRCLE('',#2912,0.800000000000005);
#1076=CIRCLE('',#2915,0.800000000000005);
#1077=CIRCLE('',#2922,0.799999999999996);
#1078=CIRCLE('',#2925,0.8);
#1079=CIRCLE('',#2928,6.6);
#1080=CIRCLE('',#2931,3.);
#1081=CIRCLE('',#2934,6.8);
#1082=CIRCLE('',#2937,3.00000000000001);
#1083=CIRCLE('',#2939,2.699999956716);
#1084=CIRCLE('',#2940,2.49999999999923);
#1085=CIRCLE('',#2941,1.5);
#1086=CIRCLE('',#2942,1.5);
#1087=CIRCLE('',#2944,2.5);
#1088=CIRCLE('',#2950,2.5);
#1089=CIRCLE('',#2956,2.5);
#1090=CIRCLE('',#2960,1.5);
#1091=CIRCLE('',#2961,1.5);
#1092=CIRCLE('',#2962,1.5);
#1093=CIRCLE('',#2963,1.5);
#1094=CIRCLE('',#2964,1.5);
#1095=CIRCLE('',#2965,1.5);
#1096=CIRCLE('',#2966,1.5);
#1097=CIRCLE('',#2967,1.5);
#1098=CIRCLE('',#2970,1.5);
#1099=CIRCLE('',#2972,2.49999999999999);
#1100=CIRCLE('',#2974,2.49999999999908);
#1101=CIRCLE('',#2978,2.49999999999922);
#1102=CIRCLE('',#2979,2.50000075410796);
#1103=CIRCLE('',#2986,1.5);
#1104=CIRCLE('',#2987,1.50000000000065);
#1105=CIRCLE('',#2989,1.5);
#1106=CIRCLE('',#2995,4.);
#1107=CIRCLE('',#2996,4.);
#1108=CIRCLE('',#2999,4.00000000000005);
#1109=CIRCLE('',#3000,4.);
#1110=CIRCLE('',#3001,4.);
#1111=CIRCLE('',#3002,3.99999999999923);
#1112=CIRCLE('',#3004,4.);
#1113=CIRCLE('',#3005,3.99999999999999);
#1114=CIRCLE('',#3007,4.);
#1115=CIRCLE('',#3008,4.);
#1116=VERTEX_POINT('',#3680);
#1117=VERTEX_POINT('',#3682);
#1118=VERTEX_POINT('',#3686);
#1119=VERTEX_POINT('',#3687);
#1120=VERTEX_POINT('',#3689);
#1121=VERTEX_POINT('',#3732);
#1122=VERTEX_POINT('',#3733);
#1123=VERTEX_POINT('',#3735);
#1124=VERTEX_POINT('',#3737);
#1125=VERTEX_POINT('',#3739);
#1126=VERTEX_POINT('',#3741);
#1127=VERTEX_POINT('',#3752);
#1128=VERTEX_POINT('',#3754);
#1129=VERTEX_POINT('',#3758);
#1130=VERTEX_POINT('',#3759);
#1131=VERTEX_POINT('',#3761);
#1132=VERTEX_POINT('',#3766);
#1133=VERTEX_POINT('',#3767);
#1134=VERTEX_POINT('',#3769);
#1135=VERTEX_POINT('',#3771);
#1136=VERTEX_POINT('',#3775);
#1137=VERTEX_POINT('',#3777);
#1138=VERTEX_POINT('',#3779);
#1139=VERTEX_POINT('',#3783);
#1140=VERTEX_POINT('',#3784);
#1141=VERTEX_POINT('',#3789);
#1142=VERTEX_POINT('',#3791);
#1143=VERTEX_POINT('',#3801);
#1144=VERTEX_POINT('',#3803);
#1145=VERTEX_POINT('',#3813);
#1146=VERTEX_POINT('',#3815);
#1147=VERTEX_POINT('',#3823);
#1148=VERTEX_POINT('',#3828);
#1149=VERTEX_POINT('',#3837);
#1150=VERTEX_POINT('',#3838);
#1151=VERTEX_POINT('',#3840);
#1152=VERTEX_POINT('',#3842);
#1153=VERTEX_POINT('',#3844);
#1154=VERTEX_POINT('',#3846);
#1155=VERTEX_POINT('',#3848);
#1156=VERTEX_POINT('',#3850);
#1157=VERTEX_POINT('',#3853);
#1158=VERTEX_POINT('',#3854);
#1159=VERTEX_POINT('',#3856);
#1160=VERTEX_POINT('',#3858);
#1161=VERTEX_POINT('',#3861);
#1162=VERTEX_POINT('',#3862);
#1163=VERTEX_POINT('',#3864);
#1164=VERTEX_POINT('',#3866);
#1165=VERTEX_POINT('',#3868);
#1166=VERTEX_POINT('',#3870);
#1167=VERTEX_POINT('',#3872);
#1168=VERTEX_POINT('',#3874);
#1169=VERTEX_POINT('',#3878);
#1170=VERTEX_POINT('',#3882);
#1171=VERTEX_POINT('',#3884);
#1172=VERTEX_POINT('',#3888);
#1173=VERTEX_POINT('',#3892);
#1174=VERTEX_POINT('',#3896);
#1175=VERTEX_POINT('',#3900);
#1176=VERTEX_POINT('',#3904);
#1177=VERTEX_POINT('',#3908);
#1178=VERTEX_POINT('',#3914);
#1179=VERTEX_POINT('',#3916);
#1180=VERTEX_POINT('',#3920);
#1181=VERTEX_POINT('',#3924);
#1182=VERTEX_POINT('',#3928);
#1183=VERTEX_POINT('',#3932);
#1184=VERTEX_POINT('',#3934);
#1185=VERTEX_POINT('',#3938);
#1186=VERTEX_POINT('',#3942);
#1187=VERTEX_POINT('',#3946);
#1188=VERTEX_POINT('',#3950);
#1189=VERTEX_POINT('',#3954);
#1190=VERTEX_POINT('',#3958);
#1191=VERTEX_POINT('',#3964);
#1192=VERTEX_POINT('',#3966);
#1193=VERTEX_POINT('',#3970);
#1194=VERTEX_POINT('',#3974);
#1195=VERTEX_POINT('',#3978);
#1196=VERTEX_POINT('',#3982);
#1197=VERTEX_POINT('',#3983);
#1198=VERTEX_POINT('',#3985);
#1199=VERTEX_POINT('',#3987);
#1200=VERTEX_POINT('',#3989);
#1201=VERTEX_POINT('',#3991);
#1202=VERTEX_POINT('',#3995);
#1203=VERTEX_POINT('',#3997);
#1204=VERTEX_POINT('',#4001);
#1205=VERTEX_POINT('',#4002);
#1206=VERTEX_POINT('',#4004);
#1207=VERTEX_POINT('',#4006);
#1208=VERTEX_POINT('',#4008);
#1209=VERTEX_POINT('',#4010);
#1210=VERTEX_POINT('',#4014);
#1211=VERTEX_POINT('',#4016);
#1212=VERTEX_POINT('',#4020);
#1213=VERTEX_POINT('',#4022);
#1214=VERTEX_POINT('',#4026);
#1215=VERTEX_POINT('',#4028);
#1216=VERTEX_POINT('',#4030);
#1217=VERTEX_POINT('',#4034);
#1218=VERTEX_POINT('',#4036);
#1219=VERTEX_POINT('',#4038);
#1220=VERTEX_POINT('',#4042);
#1221=VERTEX_POINT('',#4043);
#1222=VERTEX_POINT('',#4045);
#1223=VERTEX_POINT('',#4047);
#1224=VERTEX_POINT('',#4051);
#1225=VERTEX_POINT('',#4053);
#1226=VERTEX_POINT('',#4057);
#1227=VERTEX_POINT('',#4059);
#1228=VERTEX_POINT('',#4063);
#1229=VERTEX_POINT('',#4064);
#1230=VERTEX_POINT('',#4067);
#1231=VERTEX_POINT('',#4071);
#1232=VERTEX_POINT('',#4072);
#1233=VERTEX_POINT('',#4074);
#1234=VERTEX_POINT('',#4079);
#1235=VERTEX_POINT('',#4081);
#1236=VERTEX_POINT('',#4085);
#1237=VERTEX_POINT('',#4087);
#1238=VERTEX_POINT('',#4091);
#1239=VERTEX_POINT('',#4095);
#1240=VERTEX_POINT('',#4097);
#1241=VERTEX_POINT('',#4104);
#1242=VERTEX_POINT('',#4108);
#1243=VERTEX_POINT('',#4112);
#1244=VERTEX_POINT('',#4113);
#1245=VERTEX_POINT('',#4115);
#1246=VERTEX_POINT('',#4117);
#1247=VERTEX_POINT('',#4121);
#1248=VERTEX_POINT('',#4123);
#1249=VERTEX_POINT('',#4127);
#1250=VERTEX_POINT('',#4134);
#1251=VERTEX_POINT('',#4135);
#1252=VERTEX_POINT('',#4137);
#1253=VERTEX_POINT('',#4139);
#1254=VERTEX_POINT('',#4147);
#1255=VERTEX_POINT('',#4149);
#1256=VERTEX_POINT('',#4156);
#1257=VERTEX_POINT('',#4160);
#1258=VERTEX_POINT('',#4164);
#1259=VERTEX_POINT('',#4166);
#1260=VERTEX_POINT('',#4173);
#1261=VERTEX_POINT('',#4184);
#1262=VERTEX_POINT('',#4191);
#1263=VERTEX_POINT('',#4193);
#1264=VERTEX_POINT('',#4200);
#1265=VERTEX_POINT('',#4230);
#1266=VERTEX_POINT('',#4254);
#1267=VERTEX_POINT('',#4277);
#1268=VERTEX_POINT('',#4279);
#1269=VERTEX_POINT('',#4284);
#1270=VERTEX_POINT('',#4305);
#1271=VERTEX_POINT('',#4310);
#1272=VERTEX_POINT('',#4312);
#1273=VERTEX_POINT('',#4317);
#1274=VERTEX_POINT('',#4330);
#1275=VERTEX_POINT('',#4334);
#1276=VERTEX_POINT('',#4338);
#1277=VERTEX_POINT('',#4340);
#1278=VERTEX_POINT('',#4342);
#1279=VERTEX_POINT('',#4349);
#1280=VERTEX_POINT('',#4353);
#1281=VERTEX_POINT('',#4357);
#1282=VERTEX_POINT('',#4363);
#1283=VERTEX_POINT('',#4365);
#1284=VERTEX_POINT('',#4369);
#1285=VERTEX_POINT('',#4373);
#1286=VERTEX_POINT('',#4379);
#1287=VERTEX_POINT('',#4383);
#1288=VERTEX_POINT('',#4387);
#1289=VERTEX_POINT('',#4393);
#1290=VERTEX_POINT('',#4394);
#1291=VERTEX_POINT('',#4425);
#1292=VERTEX_POINT('',#4426);
#1293=VERTEX_POINT('',#4428);
#1294=VERTEX_POINT('',#4438);
#1295=VERTEX_POINT('',#4443);
#1296=VERTEX_POINT('',#4453);
#1297=VERTEX_POINT('',#4472);
#1298=VERTEX_POINT('',#4485);
#1299=VERTEX_POINT('',#4486);
#1300=VERTEX_POINT('',#4500);
#1301=VERTEX_POINT('',#4507);
#1302=VERTEX_POINT('',#4515);
#1303=VERTEX_POINT('',#4517);
#1304=VERTEX_POINT('',#4519);
#1305=VERTEX_POINT('',#4521);
#1306=VERTEX_POINT('',#4534);
#1307=VERTEX_POINT('',#4536);
#1308=VERTEX_POINT('',#4549);
#1309=VERTEX_POINT('',#4583);
#1310=VERTEX_POINT('',#4610);
#1311=VERTEX_POINT('',#4679);
#1312=VERTEX_POINT('',#4684);
#1313=VERTEX_POINT('',#4736);
#1314=VERTEX_POINT('',#4737);
#1315=VERTEX_POINT('',#4743);
#1316=VERTEX_POINT('',#4748);
#1317=VERTEX_POINT('',#4753);
#1318=VERTEX_POINT('',#4773);
#1319=VERTEX_POINT('',#4785);
#1320=VERTEX_POINT('',#4871);
#1321=VERTEX_POINT('',#4872);
#1322=VERTEX_POINT('',#4874);
#1323=VERTEX_POINT('',#4879);
#1324=VERTEX_POINT('',#4884);
#1325=VERTEX_POINT('',#4888);
#1326=VERTEX_POINT('',#4895);
#1327=VERTEX_POINT('',#4897);
#1328=VERTEX_POINT('',#4906);
#1329=VERTEX_POINT('',#4910);
#1330=VERTEX_POINT('',#4912);
#1331=VERTEX_POINT('',#4914);
#1332=VERTEX_POINT('',#4935);
#1333=VERTEX_POINT('',#4937);
#1334=VERTEX_POINT('',#4966);
#1335=VERTEX_POINT('',#5038);
#1336=VERTEX_POINT('',#5070);
#1337=VERTEX_POINT('',#5072);
#1338=VERTEX_POINT('',#5097);
#1339=VERTEX_POINT('',#5109);
#1340=VERTEX_POINT('',#5159);
#1341=VERTEX_POINT('',#5160);
#1342=VERTEX_POINT('',#5191);
#1343=VERTEX_POINT('',#5201);
#1344=VERTEX_POINT('',#5220);
#1345=VERTEX_POINT('',#5253);
#1346=VERTEX_POINT('',#5304);
#1347=VERTEX_POINT('',#5305);
#1348=VERTEX_POINT('',#5331);
#1349=VERTEX_POINT('',#5333);
#1350=VERTEX_POINT('',#5396);
#1351=VERTEX_POINT('',#5397);
#1352=VERTEX_POINT('',#5408);
#1353=VERTEX_POINT('',#5530);
#1354=VERTEX_POINT('',#5532);
#1355=VERTEX_POINT('',#5690);
#1356=VERTEX_POINT('',#5701);
#1357=VERTEX_POINT('',#5757);
#1358=VERTEX_POINT('',#5759);
#1359=VERTEX_POINT('',#5862);
#1360=VERTEX_POINT('',#5873);
#1361=VERTEX_POINT('',#5886);
#1362=VERTEX_POINT('',#5887);
#1363=VERTEX_POINT('',#5892);
#1364=VERTEX_POINT('',#5898);
#1365=VERTEX_POINT('',#5902);
#1366=VERTEX_POINT('',#6023);
#1367=EDGE_CURVE('',#1116,#1116,#999,.T.);
#1368=EDGE_CURVE('',#1116,#1117,#625,.T.);
#1369=EDGE_CURVE('',#1117,#1117,#1000,.T.);
#1370=EDGE_CURVE('',#1118,#1119,#1001,.T.);
#1371=EDGE_CURVE('',#1120,#1118,#139,.T.);
#1372=EDGE_CURVE('',#1120,#1116,#626,.T.);
#1373=EDGE_CURVE('',#1119,#1120,#140,.T.);
#1374=EDGE_CURVE('',#1121,#1122,#1002,.T.);
#1375=EDGE_CURVE('',#1123,#1122,#1003,.T.);
#1376=EDGE_CURVE('',#1123,#1124,#1004,.T.);
#1377=EDGE_CURVE('',#1124,#1125,#627,.T.);
#1378=EDGE_CURVE('',#1126,#1125,#141,.T.);
#1379=EDGE_CURVE('',#1121,#1126,#628,.T.);
#1380=EDGE_CURVE('',#1127,#1127,#1005,.T.);
#1381=EDGE_CURVE('',#1127,#1128,#629,.T.);
#1382=EDGE_CURVE('',#1128,#1128,#1006,.T.);
#1383=EDGE_CURVE('',#1129,#1130,#69,.T.);
#1384=EDGE_CURVE('',#1131,#1129,#1007,.T.);
#1385=EDGE_CURVE('',#1130,#1131,#70,.T.);
#1386=EDGE_CURVE('',#1130,#1128,#630,.T.);
#1387=EDGE_CURVE('',#1132,#1133,#1008,.T.);
#1388=EDGE_CURVE('',#1133,#1134,#631,.T.);
#1389=EDGE_CURVE('',#1135,#1134,#632,.T.);
#1390=EDGE_CURVE('',#1132,#1135,#633,.T.);
#1391=EDGE_CURVE('',#1136,#1136,#1009,.T.);
#1392=EDGE_CURVE('',#1136,#1137,#1010,.T.);
#1393=EDGE_CURVE('',#1137,#1138,#1011,.T.);
#1394=EDGE_CURVE('',#1138,#1137,#1012,.T.);
#1395=EDGE_CURVE('',#1139,#1140,#142,.T.);
#1396=EDGE_CURVE('',#1141,#1139,#634,.T.);
#1397=EDGE_CURVE('',#1142,#1141,#143,.T.);
#1398=EDGE_CURVE('',#1143,#1142,#635,.T.);
#1399=EDGE_CURVE('',#1144,#1143,#144,.T.);
#1400=EDGE_CURVE('',#1145,#1144,#636,.T.);
#1401=EDGE_CURVE('',#1146,#1145,#145,.T.);
#1402=EDGE_CURVE('',#1146,#1147,#146,.T.);
#1403=EDGE_CURVE('',#1148,#1147,#147,.T.);
#1404=EDGE_CURVE('',#1148,#1140,#148,.T.);
#1405=EDGE_CURVE('',#1149,#1150,#637,.T.);
#1406=EDGE_CURVE('',#1151,#1149,#1013,.T.);
#1407=EDGE_CURVE('',#1152,#1151,#638,.T.);
#1408=EDGE_CURVE('',#1153,#1152,#1014,.T.);
#1409=EDGE_CURVE('',#1154,#1153,#639,.T.);
#1410=EDGE_CURVE('',#1155,#1154,#1015,.T.);
#1411=EDGE_CURVE('',#1156,#1155,#640,.T.);
#1412=EDGE_CURVE('',#1150,#1156,#1016,.T.);
#1413=EDGE_CURVE('',#1157,#1158,#641,.T.);
#1414=EDGE_CURVE('',#1158,#1159,#642,.T.);
#1415=EDGE_CURVE('',#1159,#1160,#643,.T.);
#1416=EDGE_CURVE('',#1160,#1157,#644,.T.);
#1417=EDGE_CURVE('',#1161,#1162,#645,.T.);
#1418=EDGE_CURVE('',#1163,#1161,#1017,.T.);
#1419=EDGE_CURVE('',#1164,#1163,#646,.T.);
#1420=EDGE_CURVE('',#1165,#1164,#1018,.T.);
#1421=EDGE_CURVE('',#1166,#1165,#647,.T.);
#1422=EDGE_CURVE('',#1167,#1166,#1019,.T.);
#1423=EDGE_CURVE('',#1168,#1167,#648,.T.);
#1424=EDGE_CURVE('',#1162,#1168,#1020,.T.);
#1425=EDGE_CURVE('',#1138,#1169,#649,.T.);
#1426=EDGE_CURVE('',#1169,#1169,#1021,.T.);
#1427=EDGE_CURVE('',#1150,#1170,#1022,.T.);
#1428=EDGE_CURVE('',#1170,#1171,#650,.T.);
#1429=EDGE_CURVE('',#1171,#1149,#1023,.T.);
#1430=EDGE_CURVE('',#1172,#1151,#1024,.T.);
#1431=EDGE_CURVE('',#1171,#1172,#1025,.T.);
#1432=EDGE_CURVE('',#1173,#1152,#1026,.T.);
#1433=EDGE_CURVE('',#1172,#1173,#651,.T.);
#1434=EDGE_CURVE('',#1174,#1153,#1027,.T.);
#1435=EDGE_CURVE('',#1173,#1174,#1028,.T.);
#1436=EDGE_CURVE('',#1175,#1154,#1029,.T.);
#1437=EDGE_CURVE('',#1174,#1175,#652,.T.);
#1438=EDGE_CURVE('',#1176,#1155,#1030,.T.);
#1439=EDGE_CURVE('',#1175,#1176,#1031,.T.);
#1440=EDGE_CURVE('',#1177,#1156,#1032,.T.);
#1441=EDGE_CURVE('',#1176,#1177,#653,.T.);
#1442=EDGE_CURVE('',#1177,#1170,#1033,.T.);
#1443=EDGE_CURVE('',#1173,#1178,#654,.T.);
#1444=EDGE_CURVE('',#1179,#1178,#1034,.T.);
#1445=EDGE_CURVE('',#1174,#1179,#655,.T.);
#1446=EDGE_CURVE('',#1172,#1180,#656,.T.);
#1447=EDGE_CURVE('',#1178,#1180,#657,.T.);
#1448=EDGE_CURVE('',#1171,#1181,#658,.T.);
#1449=EDGE_CURVE('',#1180,#1181,#1035,.T.);
#1450=EDGE_CURVE('',#1170,#1182,#659,.T.);
#1451=EDGE_CURVE('',#1181,#1182,#660,.T.);
#1452=EDGE_CURVE('',#1162,#1183,#1036,.T.);
#1453=EDGE_CURVE('',#1183,#1184,#661,.T.);
#1454=EDGE_CURVE('',#1184,#1161,#1037,.T.);
#1455=EDGE_CURVE('',#1185,#1163,#1038,.T.);
#1456=EDGE_CURVE('',#1184,#1185,#1039,.T.);
#1457=EDGE_CURVE('',#1186,#1164,#1040,.T.);
#1458=EDGE_CURVE('',#1185,#1186,#662,.T.);
#1459=EDGE_CURVE('',#1187,#1165,#1041,.T.);
#1460=EDGE_CURVE('',#1186,#1187,#1042,.T.);
#1461=EDGE_CURVE('',#1188,#1166,#1043,.T.);
#1462=EDGE_CURVE('',#1187,#1188,#663,.T.);
#1463=EDGE_CURVE('',#1189,#1167,#1044,.T.);
#1464=EDGE_CURVE('',#1188,#1189,#1045,.T.);
#1465=EDGE_CURVE('',#1190,#1168,#1046,.T.);
#1466=EDGE_CURVE('',#1189,#1190,#664,.T.);
#1467=EDGE_CURVE('',#1190,#1183,#1047,.T.);
#1468=EDGE_CURVE('',#1186,#1191,#665,.T.);
#1469=EDGE_CURVE('',#1192,#1191,#1048,.T.);
#1470=EDGE_CURVE('',#1187,#1192,#666,.T.);
#1471=EDGE_CURVE('',#1185,#1193,#667,.T.);
#1472=EDGE_CURVE('',#1191,#1193,#668,.T.);
#1473=EDGE_CURVE('',#1184,#1194,#669,.T.);
#1474=EDGE_CURVE('',#1193,#1194,#1049,.T.);
#1475=EDGE_CURVE('',#1183,#1195,#670,.T.);
#1476=EDGE_CURVE('',#1194,#1195,#671,.T.);
#1477=EDGE_CURVE('',#1196,#1197,#1050,.T.);
#1478=EDGE_CURVE('',#1198,#1196,#1051,.T.);
#1479=EDGE_CURVE('',#1199,#1198,#672,.T.);
#1480=EDGE_CURVE('',#1199,#1200,#673,.T.);
#1481=EDGE_CURVE('',#1201,#1200,#674,.T.);
#1482=EDGE_CURVE('',#1197,#1201,#675,.T.);
#1483=EDGE_CURVE('',#1201,#1202,#676,.T.);
#1484=EDGE_CURVE('',#1200,#1203,#677,.T.);
#1485=EDGE_CURVE('',#1202,#1203,#678,.T.);
#1486=EDGE_CURVE('',#1204,#1205,#679,.T.);
#1487=EDGE_CURVE('',#1206,#1204,#1052,.T.);
#1488=EDGE_CURVE('',#1207,#1206,#1053,.T.);
#1489=EDGE_CURVE('',#1208,#1207,#680,.T.);
#1490=EDGE_CURVE('',#1208,#1209,#681,.T.);
#1491=EDGE_CURVE('',#1209,#1205,#682,.T.);
#1492=EDGE_CURVE('',#1210,#1208,#683,.T.);
#1493=EDGE_CURVE('',#1211,#1210,#684,.T.);
#1494=EDGE_CURVE('',#1211,#1209,#685,.T.);
#1495=EDGE_CURVE('',#1212,#1197,#686,.T.);
#1496=EDGE_CURVE('',#1213,#1212,#1054,.T.);
#1497=EDGE_CURVE('',#1196,#1213,#687,.T.);
#1498=EDGE_CURVE('',#1214,#1203,#688,.T.);
#1499=EDGE_CURVE('',#1215,#1214,#689,.T.);
#1500=EDGE_CURVE('',#1216,#1215,#1055,.T.);
#1501=EDGE_CURVE('',#1202,#1216,#690,.T.);
#1502=EDGE_CURVE('',#1217,#1210,#691,.T.);
#1503=EDGE_CURVE('',#1218,#1217,#1056,.T.);
#1504=EDGE_CURVE('',#1219,#1218,#692,.T.);
#1505=EDGE_CURVE('',#1219,#1211,#693,.T.);
#1506=EDGE_CURVE('',#1220,#1221,#694,.T.);
#1507=EDGE_CURVE('',#1220,#1222,#695,.T.);
#1508=EDGE_CURVE('',#1223,#1222,#696,.T.);
#1509=EDGE_CURVE('',#1221,#1223,#697,.T.);
#1510=EDGE_CURVE('',#1221,#1224,#1057,.T.);
#1511=EDGE_CURVE('',#1225,#1223,#1058,.T.);
#1512=EDGE_CURVE('',#1224,#1225,#698,.T.);
#1513=EDGE_CURVE('',#1226,#1224,#699,.T.);
#1514=EDGE_CURVE('',#1227,#1225,#700,.T.);
#1515=EDGE_CURVE('',#1226,#1227,#701,.T.);
#1516=EDGE_CURVE('',#1228,#1229,#702,.T.);
#1517=EDGE_CURVE('',#1220,#1228,#1059,.T.);
#1518=EDGE_CURVE('',#1230,#1226,#703,.T.);
#1519=EDGE_CURVE('',#1229,#1230,#1060,.T.);
#1520=EDGE_CURVE('',#1231,#1232,#704,.T.);
#1521=EDGE_CURVE('',#1233,#1231,#1061,.T.);
#1522=EDGE_CURVE('',#1233,#1227,#705,.T.);
#1523=EDGE_CURVE('',#1232,#1222,#1062,.T.);
#1524=EDGE_CURVE('',#1222,#1234,#706,.T.);
#1525=EDGE_CURVE('',#1234,#1235,#1063,.T.);
#1526=EDGE_CURVE('',#1235,#1232,#707,.T.);
#1527=EDGE_CURVE('',#1228,#1236,#708,.T.);
#1528=EDGE_CURVE('',#1236,#1237,#1064,.T.);
#1529=EDGE_CURVE('',#1237,#1220,#709,.T.);
#1530=EDGE_CURVE('',#1235,#1238,#710,.T.);
#1531=EDGE_CURVE('',#1231,#1238,#711,.T.);
#1532=EDGE_CURVE('',#1239,#1229,#712,.T.);
#1533=EDGE_CURVE('',#1240,#1239,#149,.T.);
#1534=EDGE_CURVE('',#1236,#1240,#713,.T.);
#1535=EDGE_CURVE('',#1241,#1230,#714,.T.);
#1536=EDGE_CURVE('',#1241,#1239,#1065,.T.);
#1537=EDGE_CURVE('',#1238,#1242,#1066,.T.);
#1538=EDGE_CURVE('',#1233,#1242,#715,.T.);
#1539=EDGE_CURVE('',#1243,#1244,#716,.T.);
#1540=EDGE_CURVE('',#1243,#1245,#717,.T.);
#1541=EDGE_CURVE('',#1246,#1245,#718,.T.);
#1542=EDGE_CURVE('',#1244,#1246,#719,.T.);
#1543=EDGE_CURVE('',#1247,#1244,#1067,.T.);
#1544=EDGE_CURVE('',#1248,#1246,#1068,.T.);
#1545=EDGE_CURVE('',#1247,#1248,#720,.T.);
#1546=EDGE_CURVE('',#1249,#1247,#721,.T.);
#1547=EDGE_CURVE('',#1234,#1248,#722,.T.);
#1548=EDGE_CURVE('',#1234,#1249,#723,.T.);
#1549=EDGE_CURVE('',#1245,#1242,#724,.T.);
#1550=EDGE_CURVE('',#1250,#1251,#725,.T.);
#1551=EDGE_CURVE('',#1251,#1252,#726,.T.);
#1552=EDGE_CURVE('',#1252,#1253,#1069,.T.);
#1553=EDGE_CURVE('',#1253,#1243,#727,.T.);
#1554=EDGE_CURVE('',#1250,#1249,#1070,.T.);
#1555=EDGE_CURVE('',#1205,#1199,#728,.T.);
#1556=EDGE_CURVE('',#1214,#1219,#729,.T.);
#1557=EDGE_CURVE('',#1254,#1204,#730,.T.);
#1558=EDGE_CURVE('',#1254,#1255,#150,.T.);
#1559=EDGE_CURVE('',#1255,#1206,#731,.T.);
#1560=EDGE_CURVE('',#1256,#1213,#1071,.T.);
#1561=EDGE_CURVE('',#1198,#1256,#732,.T.);
#1562=EDGE_CURVE('',#1255,#1257,#1072,.T.);
#1563=EDGE_CURVE('',#1207,#1257,#733,.T.);
#1564=EDGE_CURVE('',#1216,#1258,#734,.T.);
#1565=EDGE_CURVE('',#1258,#1259,#151,.T.);
#1566=EDGE_CURVE('',#1259,#1260,#152,.T.);
#1567=EDGE_CURVE('',#1260,#1261,#153,.T.);
#1568=EDGE_CURVE('',#1261,#1262,#735,.T.);
#1569=EDGE_CURVE('',#1262,#1263,#154,.T.);
#1570=EDGE_CURVE('',#1263,#1264,#155,.T.);
#1571=EDGE_CURVE('',#1264,#1241,#156,.T.);
#1572=EDGE_CURVE('',#1253,#1265,#157,.T.);
#1573=EDGE_CURVE('',#1265,#1217,#736,.T.);
#1574=EDGE_CURVE('',#1257,#1266,#158,.T.);
#1575=EDGE_CURVE('',#1266,#1267,#737,.T.);
#1576=EDGE_CURVE('',#1267,#1268,#159,.T.);
#1577=EDGE_CURVE('',#1268,#1269,#160,.T.);
#1578=EDGE_CURVE('',#1269,#1270,#161,.T.);
#1579=EDGE_CURVE('',#1270,#1271,#738,.T.);
#1580=EDGE_CURVE('',#1271,#1272,#162,.T.);
#1581=EDGE_CURVE('',#1272,#1273,#163,.T.);
#1582=EDGE_CURVE('',#1273,#1212,#164,.T.);
#1583=EDGE_CURVE('',#1274,#1265,#1073,.T.);
#1584=EDGE_CURVE('',#1274,#1218,#739,.T.);
#1585=EDGE_CURVE('',#1215,#1275,#740,.T.);
#1586=EDGE_CURVE('',#1275,#1258,#1074,.T.);
#1587=EDGE_CURVE('',#1276,#1274,#741,.T.);
#1588=EDGE_CURVE('',#1277,#1276,#742,.T.);
#1589=EDGE_CURVE('',#1277,#1278,#743,.T.);
#1590=EDGE_CURVE('',#1275,#1278,#165,.T.);
#1591=EDGE_CURVE('',#1177,#1279,#744,.T.);
#1592=EDGE_CURVE('',#1182,#1279,#1075,.T.);
#1593=EDGE_CURVE('',#1176,#1280,#745,.T.);
#1594=EDGE_CURVE('',#1279,#1280,#746,.T.);
#1595=EDGE_CURVE('',#1175,#1281,#747,.T.);
#1596=EDGE_CURVE('',#1280,#1281,#1076,.T.);
#1597=EDGE_CURVE('',#1281,#1179,#748,.T.);
#1598=EDGE_CURVE('',#1157,#1282,#749,.T.);
#1599=EDGE_CURVE('',#1283,#1282,#750,.T.);
#1600=EDGE_CURVE('',#1158,#1283,#751,.T.);
#1601=EDGE_CURVE('',#1160,#1284,#752,.T.);
#1602=EDGE_CURVE('',#1282,#1284,#753,.T.);
#1603=EDGE_CURVE('',#1159,#1285,#754,.T.);
#1604=EDGE_CURVE('',#1284,#1285,#755,.T.);
#1605=EDGE_CURVE('',#1285,#1283,#756,.T.);
#1606=EDGE_CURVE('',#1190,#1286,#757,.T.);
#1607=EDGE_CURVE('',#1195,#1286,#1077,.T.);
#1608=EDGE_CURVE('',#1189,#1287,#758,.T.);
#1609=EDGE_CURVE('',#1286,#1287,#759,.T.);
#1610=EDGE_CURVE('',#1188,#1288,#760,.T.);
#1611=EDGE_CURVE('',#1287,#1288,#1078,.T.);
#1612=EDGE_CURVE('',#1288,#1192,#761,.T.);
#1613=EDGE_CURVE('',#1289,#1290,#166,.T.);
#1614=EDGE_CURVE('',#1290,#1289,#1079,.T.);
#1615=EDGE_CURVE('',#1290,#1289,#167,.T.);
#1616=EDGE_CURVE('',#1291,#1292,#1080,.T.);
#1617=EDGE_CURVE('',#1293,#1291,#168,.T.);
#1618=EDGE_CURVE('',#1124,#1293,#762,.T.);
#1619=EDGE_CURVE('',#1123,#1292,#763,.T.);
#1620=EDGE_CURVE('',#1294,#1293,#169,.T.);
#1621=EDGE_CURVE('',#1295,#1294,#170,.T.);
#1622=EDGE_CURVE('',#1125,#1295,#764,.T.);
#1623=EDGE_CURVE('',#1292,#1296,#1081,.T.);
#1624=EDGE_CURVE('',#1122,#1296,#765,.T.);
#1625=EDGE_CURVE('',#1297,#1295,#171,.T.);
#1626=EDGE_CURVE('',#1126,#1297,#766,.T.);
#1627=EDGE_CURVE('',#1298,#1299,#172,.T.);
#1628=EDGE_CURVE('',#1121,#1298,#767,.T.);
#1629=EDGE_CURVE('',#1299,#1297,#173,.T.);
#1630=EDGE_CURVE('',#1296,#1300,#1082,.T.);
#1631=EDGE_CURVE('',#1300,#1298,#174,.T.);
#1632=EDGE_CURVE('',#1300,#1301,#175,.T.);
#1633=EDGE_CURVE('',#1301,#1302,#768,.T.);
#1634=EDGE_CURVE('',#1302,#1303,#1083,.T.);
#1635=EDGE_CURVE('',#1303,#1304,#769,.T.);
#1636=EDGE_CURVE('',#1304,#1305,#176,.T.);
#1637=EDGE_CURVE('',#1305,#1306,#770,.T.);
#1638=EDGE_CURVE('',#1306,#1307,#177,.T.);
#1639=EDGE_CURVE('',#1307,#1308,#771,.T.);
#1640=EDGE_CURVE('',#1308,#1291,#178,.T.);
#1641=EDGE_CURVE('',#1299,#1309,#179,.T.);
#1642=EDGE_CURVE('',#1309,#1301,#772,.T.);
#1643=EDGE_CURVE('',#1310,#1308,#180,.T.);
#1644=EDGE_CURVE('',#1310,#1294,#181,.T.);
#1645=EDGE_CURVE('',#1119,#1118,#182,.T.);
#1646=EDGE_CURVE('',#1311,#1310,#183,.T.);
#1647=EDGE_CURVE('',#1312,#1311,#184,.T.);
#1648=EDGE_CURVE('',#1312,#1309,#1084,.T.);
#1649=EDGE_CURVE('',#1313,#1314,#185,.T.);
#1650=EDGE_CURVE('',#1315,#1313,#186,.T.);
#1651=EDGE_CURVE('',#1316,#1315,#187,.T.);
#1652=EDGE_CURVE('',#1317,#1316,#188,.T.);
#1653=EDGE_CURVE('',#1318,#1317,#773,.T.);
#1654=EDGE_CURVE('',#1249,#1318,#189,.T.);
#1655=EDGE_CURVE('',#1249,#1319,#774,.T.);
#1656=EDGE_CURVE('',#1314,#1319,#190,.T.);
#1657=EDGE_CURVE('',#1313,#1148,#191,.T.);
#1658=EDGE_CURVE('',#1319,#1139,#1085,.T.);
#1659=EDGE_CURVE('',#1317,#1145,#1086,.T.);
#1660=EDGE_CURVE('',#1147,#1315,#192,.T.);
#1661=EDGE_CURVE('',#1320,#1321,#775,.T.);
#1662=EDGE_CURVE('',#1322,#1320,#1087,.T.);
#1663=EDGE_CURVE('',#1134,#1322,#776,.T.);
#1664=EDGE_CURVE('',#1133,#1321,#777,.T.);
#1665=EDGE_CURVE('',#1303,#1323,#71,.T.);
#1666=EDGE_CURVE('',#1321,#1302,#72,.T.);
#1667=EDGE_CURVE('',#1132,#1323,#778,.T.);
#1668=EDGE_CURVE('',#1324,#1322,#779,.T.);
#1669=EDGE_CURVE('',#1135,#1324,#780,.T.);
#1670=EDGE_CURVE('',#1323,#1325,#781,.T.);
#1671=EDGE_CURVE('',#1325,#1324,#1088,.T.);
#1672=EDGE_CURVE('',#1129,#1131,#782,.T.);
#1673=EDGE_CURVE('',#1325,#1326,#783,.T.);
#1674=EDGE_CURVE('',#1326,#1327,#193,.T.);
#1675=EDGE_CURVE('',#1327,#1304,#784,.T.);
#1676=EDGE_CURVE('',#1309,#1320,#785,.T.);
#1677=EDGE_CURVE('',#1328,#1312,#786,.T.);
#1678=EDGE_CURVE('',#1326,#1328,#1089,.T.);
#1679=EDGE_CURVE('',#1329,#1317,#787,.T.);
#1680=EDGE_CURVE('',#1330,#1329,#788,.T.);
#1681=EDGE_CURVE('',#1331,#1330,#73,.T.);
#1682=EDGE_CURVE('',#1318,#1331,#789,.T.);
#1683=EDGE_CURVE('',#1329,#1144,#1090,.T.);
#1684=EDGE_CURVE('',#1271,#1332,#1091,.T.);
#1685=EDGE_CURVE('',#1333,#1332,#194,.T.);
#1686=EDGE_CURVE('',#1272,#1333,#1092,.T.);
#1687=EDGE_CURVE('',#1334,#1333,#195,.T.);
#1688=EDGE_CURVE('',#1273,#1334,#1093,.T.);
#1689=EDGE_CURVE('',#1213,#1334,#196,.T.);
#1690=EDGE_CURVE('',#1335,#1255,#197,.T.);
#1691=EDGE_CURVE('',#1335,#1266,#1094,.T.);
#1692=EDGE_CURVE('',#1336,#1268,#1095,.T.);
#1693=EDGE_CURVE('',#1337,#1336,#198,.T.);
#1694=EDGE_CURVE('',#1269,#1337,#1096,.T.);
#1695=EDGE_CURVE('',#1338,#1337,#199,.T.);
#1696=EDGE_CURVE('',#1270,#1338,#1097,.T.);
#1697=EDGE_CURVE('',#1332,#1338,#790,.T.);
#1698=EDGE_CURVE('',#1339,#1335,#791,.T.);
#1699=EDGE_CURVE('',#1267,#1339,#1098,.T.);
#1700=EDGE_CURVE('',#1336,#1339,#200,.T.);
#1701=EDGE_CURVE('',#1340,#1341,#201,.T.);
#1702=EDGE_CURVE('',#1337,#1340,#202,.T.);
#1703=EDGE_CURVE('',#1341,#1336,#203,.T.);
#1704=EDGE_CURVE('',#1342,#1340,#204,.T.);
#1705=EDGE_CURVE('',#1342,#1338,#205,.T.);
#1706=EDGE_CURVE('',#1332,#1343,#1099,.T.);
#1707=EDGE_CURVE('',#1343,#1342,#792,.T.);
#1708=EDGE_CURVE('',#1344,#1343,#206,.T.);
#1709=EDGE_CURVE('',#1344,#1333,#207,.T.);
#1710=EDGE_CURVE('',#1345,#1344,#208,.T.);
#1711=EDGE_CURVE('',#1334,#1345,#209,.T.);
#1712=EDGE_CURVE('',#1346,#1347,#210,.T.);
#1713=EDGE_CURVE('',#1327,#1346,#211,.T.);
#1714=EDGE_CURVE('',#1347,#1327,#212,.T.);
#1715=EDGE_CURVE('',#1348,#1310,#793,.T.);
#1716=EDGE_CURVE('',#1349,#1348,#1100,.T.);
#1717=EDGE_CURVE('',#1311,#1349,#794,.T.);
#1718=EDGE_CURVE('',#1347,#1328,#213,.T.);
#1719=EDGE_CURVE('',#1350,#1351,#214,.T.);
#1720=EDGE_CURVE('',#1352,#1350,#215,.T.);
#1721=EDGE_CURVE('',#1351,#1352,#216,.T.);
#1722=EDGE_CURVE('',#1349,#1350,#217,.T.);
#1723=EDGE_CURVE('',#1352,#1348,#218,.T.);
#1724=EDGE_CURVE('',#1352,#1307,#795,.T.);
#1725=EDGE_CURVE('',#1351,#1306,#219,.T.);
#1726=EDGE_CURVE('',#1339,#1353,#1101,.T.);
#1727=EDGE_CURVE('',#1354,#1335,#1102,.T.);
#1728=EDGE_CURVE('',#1353,#1354,#796,.T.);
#1729=EDGE_CURVE('',#1354,#1254,#220,.T.);
#1730=EDGE_CURVE('',#1341,#1353,#221,.T.);
#1731=EDGE_CURVE('',#1256,#1345,#222,.T.);
#1732=EDGE_CURVE('',#1349,#1341,#797,.T.);
#1733=EDGE_CURVE('',#1351,#1340,#798,.T.);
#1734=EDGE_CURVE('',#1346,#1305,#799,.T.);
#1735=EDGE_CURVE('',#1346,#1344,#800,.T.);
#1736=EDGE_CURVE('',#1328,#1345,#801,.T.);
#1737=EDGE_CURVE('',#1312,#1254,#802,.T.);
#1738=EDGE_CURVE('',#1311,#1354,#803,.T.);
#1739=EDGE_CURVE('',#1330,#1355,#223,.T.);
#1740=EDGE_CURVE('',#1356,#1329,#224,.T.);
#1741=EDGE_CURVE('',#1355,#1356,#804,.T.);
#1742=EDGE_CURVE('',#1142,#1357,#1103,.T.);
#1743=EDGE_CURVE('',#1358,#1141,#1104,.T.);
#1744=EDGE_CURVE('',#1358,#1357,#225,.T.);
#1745=EDGE_CURVE('',#1319,#1358,#805,.T.);
#1746=EDGE_CURVE('',#1356,#1143,#1105,.T.);
#1747=EDGE_CURVE('',#1357,#1356,#806,.T.);
#1748=EDGE_CURVE('',#1276,#1250,#226,.T.);
#1749=EDGE_CURVE('',#1252,#1274,#227,.T.);
#1750=EDGE_CURVE('',#1355,#1359,#228,.T.);
#1751=EDGE_CURVE('',#1355,#1360,#807,.T.);
#1752=EDGE_CURVE('',#1278,#1360,#229,.T.);
#1753=EDGE_CURVE('',#1359,#1277,#230,.T.);
#1754=EDGE_CURVE('',#1361,#1362,#231,.T.);
#1755=EDGE_CURVE('',#1363,#1361,#808,.T.);
#1756=EDGE_CURVE('',#1360,#1363,#232,.T.);
#1757=EDGE_CURVE('',#1364,#1357,#809,.T.);
#1758=EDGE_CURVE('',#1364,#1362,#810,.T.);
#1759=EDGE_CURVE('',#1236,#1365,#233,.T.);
#1760=EDGE_CURVE('',#1362,#1240,#234,.T.);
#1761=EDGE_CURVE('',#1365,#1364,#235,.T.);
#1762=EDGE_CURVE('',#1259,#1278,#1106,.T.);
#1763=EDGE_CURVE('',#1240,#1264,#1107,.T.);
#1764=EDGE_CURVE('',#1364,#1366,#236,.T.);
#1765=EDGE_CURVE('',#1366,#1358,#811,.T.);
#1766=EDGE_CURVE('',#1366,#1237,#74,.T.);
#1767=EDGE_CURVE('',#1366,#1365,#1108,.T.);
#1768=EDGE_CURVE('',#1331,#1277,#1109,.T.);
#1769=EDGE_CURVE('',#1359,#1330,#1110,.T.);
#1770=EDGE_CURVE('',#1276,#1318,#1111,.T.);
#1771=EDGE_CURVE('',#1360,#1260,#1112,.T.);
#1772=EDGE_CURVE('',#1261,#1363,#1113,.T.);
#1773=EDGE_CURVE('',#1361,#1262,#1114,.T.);
#1774=EDGE_CURVE('',#1263,#1362,#1115,.T.);
#1775=ORIENTED_EDGE('',*,*,#1367,.T.);
#1776=ORIENTED_EDGE('',*,*,#1368,.T.);
#1777=ORIENTED_EDGE('',*,*,#1369,.T.);
#1778=ORIENTED_EDGE('',*,*,#1368,.F.);
#1779=ORIENTED_EDGE('',*,*,#1370,.F.);
#1780=ORIENTED_EDGE('',*,*,#1371,.F.);
#1781=ORIENTED_EDGE('',*,*,#1372,.T.);
#1782=ORIENTED_EDGE('',*,*,#1367,.F.);
#1783=ORIENTED_EDGE('',*,*,#1372,.F.);
#1784=ORIENTED_EDGE('',*,*,#1373,.F.);
#1785=ORIENTED_EDGE('',*,*,#1374,.T.);
#1786=ORIENTED_EDGE('',*,*,#1375,.F.);
#1787=ORIENTED_EDGE('',*,*,#1376,.T.);
#1788=ORIENTED_EDGE('',*,*,#1377,.T.);
#1789=ORIENTED_EDGE('',*,*,#1378,.F.);
#1790=ORIENTED_EDGE('',*,*,#1379,.F.);
#1791=ORIENTED_EDGE('',*,*,#1369,.F.);
#1792=ORIENTED_EDGE('',*,*,#1380,.T.);
#1793=ORIENTED_EDGE('',*,*,#1381,.T.);
#1794=ORIENTED_EDGE('',*,*,#1382,.T.);
#1795=ORIENTED_EDGE('',*,*,#1381,.F.);
#1796=ORIENTED_EDGE('',*,*,#1383,.F.);
#1797=ORIENTED_EDGE('',*,*,#1384,.F.);
#1798=ORIENTED_EDGE('',*,*,#1385,.F.);
#1799=ORIENTED_EDGE('',*,*,#1386,.T.);
#1800=ORIENTED_EDGE('',*,*,#1382,.F.);
#1801=ORIENTED_EDGE('',*,*,#1386,.F.);
#1802=ORIENTED_EDGE('',*,*,#1387,.T.);
#1803=ORIENTED_EDGE('',*,*,#1388,.T.);
#1804=ORIENTED_EDGE('',*,*,#1389,.F.);
#1805=ORIENTED_EDGE('',*,*,#1390,.F.);
#1806=ORIENTED_EDGE('',*,*,#1380,.F.);
#1807=ORIENTED_EDGE('',*,*,#1391,.T.);
#1808=ORIENTED_EDGE('',*,*,#1392,.T.);
#1809=ORIENTED_EDGE('',*,*,#1393,.T.);
#1810=ORIENTED_EDGE('',*,*,#1394,.T.);
#1811=ORIENTED_EDGE('',*,*,#1392,.F.);
#1812=ORIENTED_EDGE('',*,*,#1395,.F.);
#1813=ORIENTED_EDGE('',*,*,#1396,.F.);
#1814=ORIENTED_EDGE('',*,*,#1397,.F.);
#1815=ORIENTED_EDGE('',*,*,#1398,.F.);
#1816=ORIENTED_EDGE('',*,*,#1399,.F.);
#1817=ORIENTED_EDGE('',*,*,#1400,.F.);
#1818=ORIENTED_EDGE('',*,*,#1401,.F.);
#1819=ORIENTED_EDGE('',*,*,#1402,.T.);
#1820=ORIENTED_EDGE('',*,*,#1403,.F.);
#1821=ORIENTED_EDGE('',*,*,#1404,.T.);
#1822=ORIENTED_EDGE('',*,*,#1405,.F.);
#1823=ORIENTED_EDGE('',*,*,#1406,.F.);
#1824=ORIENTED_EDGE('',*,*,#1407,.F.);
#1825=ORIENTED_EDGE('',*,*,#1408,.F.);
#1826=ORIENTED_EDGE('',*,*,#1409,.F.);
#1827=ORIENTED_EDGE('',*,*,#1410,.F.);
#1828=ORIENTED_EDGE('',*,*,#1411,.F.);
#1829=ORIENTED_EDGE('',*,*,#1412,.F.);
#1830=ORIENTED_EDGE('',*,*,#1413,.T.);
#1831=ORIENTED_EDGE('',*,*,#1414,.T.);
#1832=ORIENTED_EDGE('',*,*,#1415,.T.);
#1833=ORIENTED_EDGE('',*,*,#1416,.T.);
#1834=ORIENTED_EDGE('',*,*,#1417,.F.);
#1835=ORIENTED_EDGE('',*,*,#1418,.F.);
#1836=ORIENTED_EDGE('',*,*,#1419,.F.);
#1837=ORIENTED_EDGE('',*,*,#1420,.F.);
#1838=ORIENTED_EDGE('',*,*,#1421,.F.);
#1839=ORIENTED_EDGE('',*,*,#1422,.F.);
#1840=ORIENTED_EDGE('',*,*,#1423,.F.);
#1841=ORIENTED_EDGE('',*,*,#1424,.F.);
#1842=ORIENTED_EDGE('',*,*,#1391,.F.);
#1843=ORIENTED_EDGE('',*,*,#1394,.F.);
#1844=ORIENTED_EDGE('',*,*,#1425,.T.);
#1845=ORIENTED_EDGE('',*,*,#1426,.F.);
#1846=ORIENTED_EDGE('',*,*,#1425,.F.);
#1847=ORIENTED_EDGE('',*,*,#1393,.F.);
#1848=ORIENTED_EDGE('',*,*,#1427,.T.);
#1849=ORIENTED_EDGE('',*,*,#1428,.T.);
#1850=ORIENTED_EDGE('',*,*,#1429,.T.);
#1851=ORIENTED_EDGE('',*,*,#1405,.T.);
#1852=ORIENTED_EDGE('',*,*,#1430,.T.);
#1853=ORIENTED_EDGE('',*,*,#1406,.T.);
#1854=ORIENTED_EDGE('',*,*,#1429,.F.);
#1855=ORIENTED_EDGE('',*,*,#1431,.T.);
#1856=ORIENTED_EDGE('',*,*,#1432,.T.);
#1857=ORIENTED_EDGE('',*,*,#1407,.T.);
#1858=ORIENTED_EDGE('',*,*,#1430,.F.);
#1859=ORIENTED_EDGE('',*,*,#1433,.T.);
#1860=ORIENTED_EDGE('',*,*,#1434,.T.);
#1861=ORIENTED_EDGE('',*,*,#1408,.T.);
#1862=ORIENTED_EDGE('',*,*,#1432,.F.);
#1863=ORIENTED_EDGE('',*,*,#1435,.T.);
#1864=ORIENTED_EDGE('',*,*,#1436,.T.);
#1865=ORIENTED_EDGE('',*,*,#1409,.T.);
#1866=ORIENTED_EDGE('',*,*,#1434,.F.);
#1867=ORIENTED_EDGE('',*,*,#1437,.T.);
#1868=ORIENTED_EDGE('',*,*,#1438,.T.);
#1869=ORIENTED_EDGE('',*,*,#1410,.T.);
#1870=ORIENTED_EDGE('',*,*,#1436,.F.);
#1871=ORIENTED_EDGE('',*,*,#1439,.T.);
#1872=ORIENTED_EDGE('',*,*,#1440,.T.);
#1873=ORIENTED_EDGE('',*,*,#1411,.T.);
#1874=ORIENTED_EDGE('',*,*,#1438,.F.);
#1875=ORIENTED_EDGE('',*,*,#1441,.T.);
#1876=ORIENTED_EDGE('',*,*,#1427,.F.);
#1877=ORIENTED_EDGE('',*,*,#1412,.T.);
#1878=ORIENTED_EDGE('',*,*,#1440,.F.);
#1879=ORIENTED_EDGE('',*,*,#1442,.T.);
#1880=ORIENTED_EDGE('',*,*,#1435,.F.);
#1881=ORIENTED_EDGE('',*,*,#1443,.T.);
#1882=ORIENTED_EDGE('',*,*,#1444,.F.);
#1883=ORIENTED_EDGE('',*,*,#1445,.F.);
#1884=ORIENTED_EDGE('',*,*,#1433,.F.);
#1885=ORIENTED_EDGE('',*,*,#1446,.T.);
#1886=ORIENTED_EDGE('',*,*,#1447,.F.);
#1887=ORIENTED_EDGE('',*,*,#1443,.F.);
#1888=ORIENTED_EDGE('',*,*,#1431,.F.);
#1889=ORIENTED_EDGE('',*,*,#1448,.T.);
#1890=ORIENTED_EDGE('',*,*,#1449,.F.);
#1891=ORIENTED_EDGE('',*,*,#1446,.F.);
#1892=ORIENTED_EDGE('',*,*,#1428,.F.);
#1893=ORIENTED_EDGE('',*,*,#1450,.T.);
#1894=ORIENTED_EDGE('',*,*,#1451,.F.);
#1895=ORIENTED_EDGE('',*,*,#1448,.F.);
#1896=ORIENTED_EDGE('',*,*,#1452,.T.);
#1897=ORIENTED_EDGE('',*,*,#1453,.T.);
#1898=ORIENTED_EDGE('',*,*,#1454,.T.);
#1899=ORIENTED_EDGE('',*,*,#1417,.T.);
#1900=ORIENTED_EDGE('',*,*,#1455,.T.);
#1901=ORIENTED_EDGE('',*,*,#1418,.T.);
#1902=ORIENTED_EDGE('',*,*,#1454,.F.);
#1903=ORIENTED_EDGE('',*,*,#1456,.T.);
#1904=ORIENTED_EDGE('',*,*,#1457,.T.);
#1905=ORIENTED_EDGE('',*,*,#1419,.T.);
#1906=ORIENTED_EDGE('',*,*,#1455,.F.);
#1907=ORIENTED_EDGE('',*,*,#1458,.T.);
#1908=ORIENTED_EDGE('',*,*,#1459,.T.);
#1909=ORIENTED_EDGE('',*,*,#1420,.T.);
#1910=ORIENTED_EDGE('',*,*,#1457,.F.);
#1911=ORIENTED_EDGE('',*,*,#1460,.T.);
#1912=ORIENTED_EDGE('',*,*,#1461,.T.);
#1913=ORIENTED_EDGE('',*,*,#1421,.T.);
#1914=ORIENTED_EDGE('',*,*,#1459,.F.);
#1915=ORIENTED_EDGE('',*,*,#1462,.T.);
#1916=ORIENTED_EDGE('',*,*,#1463,.T.);
#1917=ORIENTED_EDGE('',*,*,#1422,.T.);
#1918=ORIENTED_EDGE('',*,*,#1461,.F.);
#1919=ORIENTED_EDGE('',*,*,#1464,.T.);
#1920=ORIENTED_EDGE('',*,*,#1465,.T.);
#1921=ORIENTED_EDGE('',*,*,#1423,.T.);
#1922=ORIENTED_EDGE('',*,*,#1463,.F.);
#1923=ORIENTED_EDGE('',*,*,#1466,.T.);
#1924=ORIENTED_EDGE('',*,*,#1452,.F.);
#1925=ORIENTED_EDGE('',*,*,#1424,.T.);
#1926=ORIENTED_EDGE('',*,*,#1465,.F.);
#1927=ORIENTED_EDGE('',*,*,#1467,.T.);
#1928=ORIENTED_EDGE('',*,*,#1460,.F.);
#1929=ORIENTED_EDGE('',*,*,#1468,.T.);
#1930=ORIENTED_EDGE('',*,*,#1469,.F.);
#1931=ORIENTED_EDGE('',*,*,#1470,.F.);
#1932=ORIENTED_EDGE('',*,*,#1458,.F.);
#1933=ORIENTED_EDGE('',*,*,#1471,.T.);
#1934=ORIENTED_EDGE('',*,*,#1472,.F.);
#1935=ORIENTED_EDGE('',*,*,#1468,.F.);
#1936=ORIENTED_EDGE('',*,*,#1456,.F.);
#1937=ORIENTED_EDGE('',*,*,#1473,.T.);
#1938=ORIENTED_EDGE('',*,*,#1474,.F.);
#1939=ORIENTED_EDGE('',*,*,#1471,.F.);
#1940=ORIENTED_EDGE('',*,*,#1453,.F.);
#1941=ORIENTED_EDGE('',*,*,#1475,.T.);
#1942=ORIENTED_EDGE('',*,*,#1476,.F.);
#1943=ORIENTED_EDGE('',*,*,#1473,.F.);
#1944=ORIENTED_EDGE('',*,*,#1477,.F.);
#1945=ORIENTED_EDGE('',*,*,#1478,.F.);
#1946=ORIENTED_EDGE('',*,*,#1479,.F.);
#1947=ORIENTED_EDGE('',*,*,#1480,.T.);
#1948=ORIENTED_EDGE('',*,*,#1481,.F.);
#1949=ORIENTED_EDGE('',*,*,#1482,.F.);
#1950=ORIENTED_EDGE('',*,*,#1483,.F.);
#1951=ORIENTED_EDGE('',*,*,#1481,.T.);
#1952=ORIENTED_EDGE('',*,*,#1484,.T.);
#1953=ORIENTED_EDGE('',*,*,#1485,.F.);
#1954=ORIENTED_EDGE('',*,*,#1486,.F.);
#1955=ORIENTED_EDGE('',*,*,#1487,.F.);
#1956=ORIENTED_EDGE('',*,*,#1488,.F.);
#1957=ORIENTED_EDGE('',*,*,#1489,.F.);
#1958=ORIENTED_EDGE('',*,*,#1490,.T.);
#1959=ORIENTED_EDGE('',*,*,#1491,.T.);
#1960=ORIENTED_EDGE('',*,*,#1492,.F.);
#1961=ORIENTED_EDGE('',*,*,#1493,.F.);
#1962=ORIENTED_EDGE('',*,*,#1494,.T.);
#1963=ORIENTED_EDGE('',*,*,#1490,.F.);
#1964=ORIENTED_EDGE('',*,*,#1477,.T.);
#1965=ORIENTED_EDGE('',*,*,#1495,.F.);
#1966=ORIENTED_EDGE('',*,*,#1496,.F.);
#1967=ORIENTED_EDGE('',*,*,#1497,.F.);
#1968=ORIENTED_EDGE('',*,*,#1485,.T.);
#1969=ORIENTED_EDGE('',*,*,#1498,.F.);
#1970=ORIENTED_EDGE('',*,*,#1499,.F.);
#1971=ORIENTED_EDGE('',*,*,#1500,.F.);
#1972=ORIENTED_EDGE('',*,*,#1501,.F.);
#1973=ORIENTED_EDGE('',*,*,#1493,.T.);
#1974=ORIENTED_EDGE('',*,*,#1502,.F.);
#1975=ORIENTED_EDGE('',*,*,#1503,.F.);
#1976=ORIENTED_EDGE('',*,*,#1504,.F.);
#1977=ORIENTED_EDGE('',*,*,#1505,.T.);
#1978=ORIENTED_EDGE('',*,*,#1506,.F.);
#1979=ORIENTED_EDGE('',*,*,#1507,.T.);
#1980=ORIENTED_EDGE('',*,*,#1508,.F.);
#1981=ORIENTED_EDGE('',*,*,#1509,.F.);
#1982=ORIENTED_EDGE('',*,*,#1510,.F.);
#1983=ORIENTED_EDGE('',*,*,#1509,.T.);
#1984=ORIENTED_EDGE('',*,*,#1511,.F.);
#1985=ORIENTED_EDGE('',*,*,#1512,.F.);
#1986=ORIENTED_EDGE('',*,*,#1513,.T.);
#1987=ORIENTED_EDGE('',*,*,#1512,.T.);
#1988=ORIENTED_EDGE('',*,*,#1514,.F.);
#1989=ORIENTED_EDGE('',*,*,#1515,.F.);
#1990=ORIENTED_EDGE('',*,*,#1516,.F.);
#1991=ORIENTED_EDGE('',*,*,#1517,.F.);
#1992=ORIENTED_EDGE('',*,*,#1506,.T.);
#1993=ORIENTED_EDGE('',*,*,#1510,.T.);
#1994=ORIENTED_EDGE('',*,*,#1513,.F.);
#1995=ORIENTED_EDGE('',*,*,#1518,.F.);
#1996=ORIENTED_EDGE('',*,*,#1519,.F.);
#1997=ORIENTED_EDGE('',*,*,#1520,.F.);
#1998=ORIENTED_EDGE('',*,*,#1521,.F.);
#1999=ORIENTED_EDGE('',*,*,#1522,.T.);
#2000=ORIENTED_EDGE('',*,*,#1514,.T.);
#2001=ORIENTED_EDGE('',*,*,#1511,.T.);
#2002=ORIENTED_EDGE('',*,*,#1508,.T.);
#2003=ORIENTED_EDGE('',*,*,#1523,.F.);
#2004=ORIENTED_EDGE('',*,*,#1523,.T.);
#2005=ORIENTED_EDGE('',*,*,#1524,.T.);
#2006=ORIENTED_EDGE('',*,*,#1525,.T.);
#2007=ORIENTED_EDGE('',*,*,#1526,.T.);
#2008=ORIENTED_EDGE('',*,*,#1517,.T.);
#2009=ORIENTED_EDGE('',*,*,#1527,.T.);
#2010=ORIENTED_EDGE('',*,*,#1528,.T.);
#2011=ORIENTED_EDGE('',*,*,#1529,.T.);
#2012=ORIENTED_EDGE('',*,*,#1520,.T.);
#2013=ORIENTED_EDGE('',*,*,#1526,.F.);
#2014=ORIENTED_EDGE('',*,*,#1530,.T.);
#2015=ORIENTED_EDGE('',*,*,#1531,.F.);
#2016=ORIENTED_EDGE('',*,*,#1516,.T.);
#2017=ORIENTED_EDGE('',*,*,#1532,.F.);
#2018=ORIENTED_EDGE('',*,*,#1533,.F.);
#2019=ORIENTED_EDGE('',*,*,#1534,.F.);
#2020=ORIENTED_EDGE('',*,*,#1527,.F.);
#2021=ORIENTED_EDGE('',*,*,#1519,.T.);
#2022=ORIENTED_EDGE('',*,*,#1535,.F.);
#2023=ORIENTED_EDGE('',*,*,#1536,.T.);
#2024=ORIENTED_EDGE('',*,*,#1532,.T.);
#2025=ORIENTED_EDGE('',*,*,#1521,.T.);
#2026=ORIENTED_EDGE('',*,*,#1531,.T.);
#2027=ORIENTED_EDGE('',*,*,#1537,.T.);
#2028=ORIENTED_EDGE('',*,*,#1538,.F.);
#2029=ORIENTED_EDGE('',*,*,#1539,.F.);
#2030=ORIENTED_EDGE('',*,*,#1540,.T.);
#2031=ORIENTED_EDGE('',*,*,#1541,.F.);
#2032=ORIENTED_EDGE('',*,*,#1542,.F.);
#2033=ORIENTED_EDGE('',*,*,#1543,.T.);
#2034=ORIENTED_EDGE('',*,*,#1542,.T.);
#2035=ORIENTED_EDGE('',*,*,#1544,.F.);
#2036=ORIENTED_EDGE('',*,*,#1545,.F.);
#2037=ORIENTED_EDGE('',*,*,#1546,.T.);
#2038=ORIENTED_EDGE('',*,*,#1545,.T.);
#2039=ORIENTED_EDGE('',*,*,#1547,.F.);
#2040=ORIENTED_EDGE('',*,*,#1548,.T.);
#2041=ORIENTED_EDGE('',*,*,#1530,.F.);
#2042=ORIENTED_EDGE('',*,*,#1525,.F.);
#2043=ORIENTED_EDGE('',*,*,#1547,.T.);
#2044=ORIENTED_EDGE('',*,*,#1544,.T.);
#2045=ORIENTED_EDGE('',*,*,#1541,.T.);
#2046=ORIENTED_EDGE('',*,*,#1549,.T.);
#2047=ORIENTED_EDGE('',*,*,#1537,.F.);
#2048=ORIENTED_EDGE('',*,*,#1550,.T.);
#2049=ORIENTED_EDGE('',*,*,#1551,.T.);
#2050=ORIENTED_EDGE('',*,*,#1552,.T.);
#2051=ORIENTED_EDGE('',*,*,#1553,.T.);
#2052=ORIENTED_EDGE('',*,*,#1539,.T.);
#2053=ORIENTED_EDGE('',*,*,#1543,.F.);
#2054=ORIENTED_EDGE('',*,*,#1546,.F.);
#2055=ORIENTED_EDGE('',*,*,#1554,.F.);
#2056=ORIENTED_EDGE('',*,*,#1555,.F.);
#2057=ORIENTED_EDGE('',*,*,#1491,.F.);
#2058=ORIENTED_EDGE('',*,*,#1494,.F.);
#2059=ORIENTED_EDGE('',*,*,#1505,.F.);
#2060=ORIENTED_EDGE('',*,*,#1556,.F.);
#2061=ORIENTED_EDGE('',*,*,#1498,.T.);
#2062=ORIENTED_EDGE('',*,*,#1484,.F.);
#2063=ORIENTED_EDGE('',*,*,#1480,.F.);
#2064=ORIENTED_EDGE('',*,*,#1487,.T.);
#2065=ORIENTED_EDGE('',*,*,#1557,.F.);
#2066=ORIENTED_EDGE('',*,*,#1558,.T.);
#2067=ORIENTED_EDGE('',*,*,#1559,.T.);
#2068=ORIENTED_EDGE('',*,*,#1478,.T.);
#2069=ORIENTED_EDGE('',*,*,#1497,.T.);
#2070=ORIENTED_EDGE('',*,*,#1560,.F.);
#2071=ORIENTED_EDGE('',*,*,#1561,.F.);
#2072=ORIENTED_EDGE('',*,*,#1488,.T.);
#2073=ORIENTED_EDGE('',*,*,#1559,.F.);
#2074=ORIENTED_EDGE('',*,*,#1562,.T.);
#2075=ORIENTED_EDGE('',*,*,#1563,.F.);
#2076=ORIENTED_EDGE('',*,*,#1483,.T.);
#2077=ORIENTED_EDGE('',*,*,#1501,.T.);
#2078=ORIENTED_EDGE('',*,*,#1564,.T.);
#2079=ORIENTED_EDGE('',*,*,#1565,.T.);
#2080=ORIENTED_EDGE('',*,*,#1566,.T.);
#2081=ORIENTED_EDGE('',*,*,#1567,.T.);
#2082=ORIENTED_EDGE('',*,*,#1568,.T.);
#2083=ORIENTED_EDGE('',*,*,#1569,.T.);
#2084=ORIENTED_EDGE('',*,*,#1570,.T.);
#2085=ORIENTED_EDGE('',*,*,#1571,.T.);
#2086=ORIENTED_EDGE('',*,*,#1535,.T.);
#2087=ORIENTED_EDGE('',*,*,#1518,.T.);
#2088=ORIENTED_EDGE('',*,*,#1515,.T.);
#2089=ORIENTED_EDGE('',*,*,#1522,.F.);
#2090=ORIENTED_EDGE('',*,*,#1538,.T.);
#2091=ORIENTED_EDGE('',*,*,#1549,.F.);
#2092=ORIENTED_EDGE('',*,*,#1540,.F.);
#2093=ORIENTED_EDGE('',*,*,#1553,.F.);
#2094=ORIENTED_EDGE('',*,*,#1572,.T.);
#2095=ORIENTED_EDGE('',*,*,#1573,.T.);
#2096=ORIENTED_EDGE('',*,*,#1502,.T.);
#2097=ORIENTED_EDGE('',*,*,#1492,.T.);
#2098=ORIENTED_EDGE('',*,*,#1489,.T.);
#2099=ORIENTED_EDGE('',*,*,#1563,.T.);
#2100=ORIENTED_EDGE('',*,*,#1574,.T.);
#2101=ORIENTED_EDGE('',*,*,#1575,.T.);
#2102=ORIENTED_EDGE('',*,*,#1576,.T.);
#2103=ORIENTED_EDGE('',*,*,#1577,.T.);
#2104=ORIENTED_EDGE('',*,*,#1578,.T.);
#2105=ORIENTED_EDGE('',*,*,#1579,.T.);
#2106=ORIENTED_EDGE('',*,*,#1580,.T.);
#2107=ORIENTED_EDGE('',*,*,#1581,.T.);
#2108=ORIENTED_EDGE('',*,*,#1582,.T.);
#2109=ORIENTED_EDGE('',*,*,#1495,.T.);
#2110=ORIENTED_EDGE('',*,*,#1482,.T.);
#2111=ORIENTED_EDGE('',*,*,#1503,.T.);
#2112=ORIENTED_EDGE('',*,*,#1573,.F.);
#2113=ORIENTED_EDGE('',*,*,#1583,.F.);
#2114=ORIENTED_EDGE('',*,*,#1584,.T.);
#2115=ORIENTED_EDGE('',*,*,#1500,.T.);
#2116=ORIENTED_EDGE('',*,*,#1585,.T.);
#2117=ORIENTED_EDGE('',*,*,#1586,.T.);
#2118=ORIENTED_EDGE('',*,*,#1564,.F.);
#2119=ORIENTED_EDGE('',*,*,#1499,.T.);
#2120=ORIENTED_EDGE('',*,*,#1556,.T.);
#2121=ORIENTED_EDGE('',*,*,#1504,.T.);
#2122=ORIENTED_EDGE('',*,*,#1584,.F.);
#2123=ORIENTED_EDGE('',*,*,#1587,.F.);
#2124=ORIENTED_EDGE('',*,*,#1588,.F.);
#2125=ORIENTED_EDGE('',*,*,#1589,.T.);
#2126=ORIENTED_EDGE('',*,*,#1590,.F.);
#2127=ORIENTED_EDGE('',*,*,#1585,.F.);
#2128=ORIENTED_EDGE('',*,*,#1442,.F.);
#2129=ORIENTED_EDGE('',*,*,#1591,.T.);
#2130=ORIENTED_EDGE('',*,*,#1592,.F.);
#2131=ORIENTED_EDGE('',*,*,#1450,.F.);
#2132=ORIENTED_EDGE('',*,*,#1441,.F.);
#2133=ORIENTED_EDGE('',*,*,#1593,.T.);
#2134=ORIENTED_EDGE('',*,*,#1594,.F.);
#2135=ORIENTED_EDGE('',*,*,#1591,.F.);
#2136=ORIENTED_EDGE('',*,*,#1439,.F.);
#2137=ORIENTED_EDGE('',*,*,#1595,.T.);
#2138=ORIENTED_EDGE('',*,*,#1596,.F.);
#2139=ORIENTED_EDGE('',*,*,#1593,.F.);
#2140=ORIENTED_EDGE('',*,*,#1437,.F.);
#2141=ORIENTED_EDGE('',*,*,#1445,.T.);
#2142=ORIENTED_EDGE('',*,*,#1597,.F.);
#2143=ORIENTED_EDGE('',*,*,#1595,.F.);
#2144=ORIENTED_EDGE('',*,*,#1413,.F.);
#2145=ORIENTED_EDGE('',*,*,#1598,.T.);
#2146=ORIENTED_EDGE('',*,*,#1599,.F.);
#2147=ORIENTED_EDGE('',*,*,#1600,.F.);
#2148=ORIENTED_EDGE('',*,*,#1416,.F.);
#2149=ORIENTED_EDGE('',*,*,#1601,.T.);
#2150=ORIENTED_EDGE('',*,*,#1602,.F.);
#2151=ORIENTED_EDGE('',*,*,#1598,.F.);
#2152=ORIENTED_EDGE('',*,*,#1415,.F.);
#2153=ORIENTED_EDGE('',*,*,#1603,.T.);
#2154=ORIENTED_EDGE('',*,*,#1604,.F.);
#2155=ORIENTED_EDGE('',*,*,#1601,.F.);
#2156=ORIENTED_EDGE('',*,*,#1414,.F.);
#2157=ORIENTED_EDGE('',*,*,#1600,.T.);
#2158=ORIENTED_EDGE('',*,*,#1605,.F.);
#2159=ORIENTED_EDGE('',*,*,#1603,.F.);
#2160=ORIENTED_EDGE('',*,*,#1467,.F.);
#2161=ORIENTED_EDGE('',*,*,#1606,.T.);
#2162=ORIENTED_EDGE('',*,*,#1607,.F.);
#2163=ORIENTED_EDGE('',*,*,#1475,.F.);
#2164=ORIENTED_EDGE('',*,*,#1466,.F.);
#2165=ORIENTED_EDGE('',*,*,#1608,.T.);
#2166=ORIENTED_EDGE('',*,*,#1609,.F.);
#2167=ORIENTED_EDGE('',*,*,#1606,.F.);
#2168=ORIENTED_EDGE('',*,*,#1464,.F.);
#2169=ORIENTED_EDGE('',*,*,#1610,.T.);
#2170=ORIENTED_EDGE('',*,*,#1611,.F.);
#2171=ORIENTED_EDGE('',*,*,#1608,.F.);
#2172=ORIENTED_EDGE('',*,*,#1462,.F.);
#2173=ORIENTED_EDGE('',*,*,#1470,.T.);
#2174=ORIENTED_EDGE('',*,*,#1612,.F.);
#2175=ORIENTED_EDGE('',*,*,#1610,.F.);
#2176=ORIENTED_EDGE('',*,*,#1613,.F.);
#2177=ORIENTED_EDGE('',*,*,#1614,.F.);
#2178=ORIENTED_EDGE('',*,*,#1615,.F.);
#2179=ORIENTED_EDGE('',*,*,#1614,.T.);
#2180=ORIENTED_EDGE('',*,*,#1616,.F.);
#2181=ORIENTED_EDGE('',*,*,#1617,.F.);
#2182=ORIENTED_EDGE('',*,*,#1618,.F.);
#2183=ORIENTED_EDGE('',*,*,#1376,.F.);
#2184=ORIENTED_EDGE('',*,*,#1619,.T.);
#2185=ORIENTED_EDGE('',*,*,#1620,.F.);
#2186=ORIENTED_EDGE('',*,*,#1621,.F.);
#2187=ORIENTED_EDGE('',*,*,#1622,.F.);
#2188=ORIENTED_EDGE('',*,*,#1377,.F.);
#2189=ORIENTED_EDGE('',*,*,#1618,.T.);
#2190=ORIENTED_EDGE('',*,*,#1623,.F.);
#2191=ORIENTED_EDGE('',*,*,#1619,.F.);
#2192=ORIENTED_EDGE('',*,*,#1375,.T.);
#2193=ORIENTED_EDGE('',*,*,#1624,.T.);
#2194=ORIENTED_EDGE('',*,*,#1625,.F.);
#2195=ORIENTED_EDGE('',*,*,#1626,.F.);
#2196=ORIENTED_EDGE('',*,*,#1378,.T.);
#2197=ORIENTED_EDGE('',*,*,#1622,.T.);
#2198=ORIENTED_EDGE('',*,*,#1627,.F.);
#2199=ORIENTED_EDGE('',*,*,#1628,.F.);
#2200=ORIENTED_EDGE('',*,*,#1379,.T.);
#2201=ORIENTED_EDGE('',*,*,#1626,.T.);
#2202=ORIENTED_EDGE('',*,*,#1629,.F.);
#2203=ORIENTED_EDGE('',*,*,#1630,.F.);
#2204=ORIENTED_EDGE('',*,*,#1624,.F.);
#2205=ORIENTED_EDGE('',*,*,#1374,.F.);
#2206=ORIENTED_EDGE('',*,*,#1628,.T.);
#2207=ORIENTED_EDGE('',*,*,#1631,.F.);
#2208=ORIENTED_EDGE('',*,*,#1630,.T.);
#2209=ORIENTED_EDGE('',*,*,#1632,.T.);
#2210=ORIENTED_EDGE('',*,*,#1633,.T.);
#2211=ORIENTED_EDGE('',*,*,#1634,.T.);
#2212=ORIENTED_EDGE('',*,*,#1635,.T.);
#2213=ORIENTED_EDGE('',*,*,#1636,.T.);
#2214=ORIENTED_EDGE('',*,*,#1637,.T.);
#2215=ORIENTED_EDGE('',*,*,#1638,.T.);
#2216=ORIENTED_EDGE('',*,*,#1639,.T.);
#2217=ORIENTED_EDGE('',*,*,#1640,.T.);
#2218=ORIENTED_EDGE('',*,*,#1616,.T.);
#2219=ORIENTED_EDGE('',*,*,#1623,.T.);
#2220=ORIENTED_EDGE('',*,*,#1447,.T.);
#2221=ORIENTED_EDGE('',*,*,#1449,.T.);
#2222=ORIENTED_EDGE('',*,*,#1451,.T.);
#2223=ORIENTED_EDGE('',*,*,#1592,.T.);
#2224=ORIENTED_EDGE('',*,*,#1594,.T.);
#2225=ORIENTED_EDGE('',*,*,#1596,.T.);
#2226=ORIENTED_EDGE('',*,*,#1597,.T.);
#2227=ORIENTED_EDGE('',*,*,#1444,.T.);
#2228=ORIENTED_EDGE('',*,*,#1599,.T.);
#2229=ORIENTED_EDGE('',*,*,#1602,.T.);
#2230=ORIENTED_EDGE('',*,*,#1604,.T.);
#2231=ORIENTED_EDGE('',*,*,#1605,.T.);
#2232=ORIENTED_EDGE('',*,*,#1472,.T.);
#2233=ORIENTED_EDGE('',*,*,#1474,.T.);
#2234=ORIENTED_EDGE('',*,*,#1476,.T.);
#2235=ORIENTED_EDGE('',*,*,#1607,.T.);
#2236=ORIENTED_EDGE('',*,*,#1609,.T.);
#2237=ORIENTED_EDGE('',*,*,#1611,.T.);
#2238=ORIENTED_EDGE('',*,*,#1612,.T.);
#2239=ORIENTED_EDGE('',*,*,#1469,.T.);
#2240=ORIENTED_EDGE('',*,*,#1426,.T.);
#2241=ORIENTED_EDGE('',*,*,#1631,.T.);
#2242=ORIENTED_EDGE('',*,*,#1627,.T.);
#2243=ORIENTED_EDGE('',*,*,#1641,.T.);
#2244=ORIENTED_EDGE('',*,*,#1642,.T.);
#2245=ORIENTED_EDGE('',*,*,#1632,.F.);
#2246=ORIENTED_EDGE('',*,*,#1615,.T.);
#2247=ORIENTED_EDGE('',*,*,#1613,.T.);
#2248=ORIENTED_EDGE('',*,*,#1617,.T.);
#2249=ORIENTED_EDGE('',*,*,#1640,.F.);
#2250=ORIENTED_EDGE('',*,*,#1643,.F.);
#2251=ORIENTED_EDGE('',*,*,#1644,.T.);
#2252=ORIENTED_EDGE('',*,*,#1620,.T.);
#2253=ORIENTED_EDGE('',*,*,#1373,.T.);
#2254=ORIENTED_EDGE('',*,*,#1371,.T.);
#2255=ORIENTED_EDGE('',*,*,#1645,.F.);
#2256=ORIENTED_EDGE('',*,*,#1629,.T.);
#2257=ORIENTED_EDGE('',*,*,#1625,.T.);
#2258=ORIENTED_EDGE('',*,*,#1621,.T.);
#2259=ORIENTED_EDGE('',*,*,#1644,.F.);
#2260=ORIENTED_EDGE('',*,*,#1646,.F.);
#2261=ORIENTED_EDGE('',*,*,#1647,.F.);
#2262=ORIENTED_EDGE('',*,*,#1648,.T.);
#2263=ORIENTED_EDGE('',*,*,#1641,.F.);
#2264=ORIENTED_EDGE('',*,*,#1649,.F.);
#2265=ORIENTED_EDGE('',*,*,#1650,.F.);
#2266=ORIENTED_EDGE('',*,*,#1651,.F.);
#2267=ORIENTED_EDGE('',*,*,#1652,.F.);
#2268=ORIENTED_EDGE('',*,*,#1653,.F.);
#2269=ORIENTED_EDGE('',*,*,#1654,.F.);
#2270=ORIENTED_EDGE('',*,*,#1655,.T.);
#2271=ORIENTED_EDGE('',*,*,#1656,.F.);
#2272=ORIENTED_EDGE('',*,*,#1404,.F.);
#2273=ORIENTED_EDGE('',*,*,#1657,.F.);
#2274=ORIENTED_EDGE('',*,*,#1649,.T.);
#2275=ORIENTED_EDGE('',*,*,#1656,.T.);
#2276=ORIENTED_EDGE('',*,*,#1658,.T.);
#2277=ORIENTED_EDGE('',*,*,#1395,.T.);
#2278=ORIENTED_EDGE('',*,*,#1401,.T.);
#2279=ORIENTED_EDGE('',*,*,#1659,.F.);
#2280=ORIENTED_EDGE('',*,*,#1652,.T.);
#2281=ORIENTED_EDGE('',*,*,#1651,.T.);
#2282=ORIENTED_EDGE('',*,*,#1660,.F.);
#2283=ORIENTED_EDGE('',*,*,#1402,.F.);
#2284=ORIENTED_EDGE('',*,*,#1661,.F.);
#2285=ORIENTED_EDGE('',*,*,#1662,.F.);
#2286=ORIENTED_EDGE('',*,*,#1663,.F.);
#2287=ORIENTED_EDGE('',*,*,#1388,.F.);
#2288=ORIENTED_EDGE('',*,*,#1664,.T.);
#2289=ORIENTED_EDGE('',*,*,#1665,.F.);
#2290=ORIENTED_EDGE('',*,*,#1634,.F.);
#2291=ORIENTED_EDGE('',*,*,#1666,.F.);
#2292=ORIENTED_EDGE('',*,*,#1664,.F.);
#2293=ORIENTED_EDGE('',*,*,#1387,.F.);
#2294=ORIENTED_EDGE('',*,*,#1667,.T.);
#2295=ORIENTED_EDGE('',*,*,#1668,.F.);
#2296=ORIENTED_EDGE('',*,*,#1669,.F.);
#2297=ORIENTED_EDGE('',*,*,#1389,.T.);
#2298=ORIENTED_EDGE('',*,*,#1663,.T.);
#2299=ORIENTED_EDGE('',*,*,#1670,.F.);
#2300=ORIENTED_EDGE('',*,*,#1667,.F.);
#2301=ORIENTED_EDGE('',*,*,#1390,.T.);
#2302=ORIENTED_EDGE('',*,*,#1669,.T.);
#2303=ORIENTED_EDGE('',*,*,#1671,.F.);
#2304=ORIENTED_EDGE('',*,*,#1370,.T.);
#2305=ORIENTED_EDGE('',*,*,#1645,.T.);
#2306=ORIENTED_EDGE('',*,*,#1384,.T.);
#2307=ORIENTED_EDGE('',*,*,#1672,.T.);
#2308=ORIENTED_EDGE('',*,*,#1665,.T.);
#2309=ORIENTED_EDGE('',*,*,#1670,.T.);
#2310=ORIENTED_EDGE('',*,*,#1673,.T.);
#2311=ORIENTED_EDGE('',*,*,#1674,.T.);
#2312=ORIENTED_EDGE('',*,*,#1675,.T.);
#2313=ORIENTED_EDGE('',*,*,#1635,.F.);
#2314=ORIENTED_EDGE('',*,*,#1666,.T.);
#2315=ORIENTED_EDGE('',*,*,#1633,.F.);
#2316=ORIENTED_EDGE('',*,*,#1642,.F.);
#2317=ORIENTED_EDGE('',*,*,#1676,.T.);
#2318=ORIENTED_EDGE('',*,*,#1661,.T.);
#2319=ORIENTED_EDGE('',*,*,#1671,.T.);
#2320=ORIENTED_EDGE('',*,*,#1668,.T.);
#2321=ORIENTED_EDGE('',*,*,#1662,.T.);
#2322=ORIENTED_EDGE('',*,*,#1676,.F.);
#2323=ORIENTED_EDGE('',*,*,#1648,.F.);
#2324=ORIENTED_EDGE('',*,*,#1677,.F.);
#2325=ORIENTED_EDGE('',*,*,#1678,.F.);
#2326=ORIENTED_EDGE('',*,*,#1673,.F.);
#2327=ORIENTED_EDGE('',*,*,#1679,.F.);
#2328=ORIENTED_EDGE('',*,*,#1680,.F.);
#2329=ORIENTED_EDGE('',*,*,#1681,.F.);
#2330=ORIENTED_EDGE('',*,*,#1682,.F.);
#2331=ORIENTED_EDGE('',*,*,#1653,.T.);
#2332=ORIENTED_EDGE('',*,*,#1679,.T.);
#2333=ORIENTED_EDGE('',*,*,#1659,.T.);
#2334=ORIENTED_EDGE('',*,*,#1400,.T.);
#2335=ORIENTED_EDGE('',*,*,#1683,.F.);
#2336=ORIENTED_EDGE('',*,*,#1580,.F.);
#2337=ORIENTED_EDGE('',*,*,#1684,.T.);
#2338=ORIENTED_EDGE('',*,*,#1685,.F.);
#2339=ORIENTED_EDGE('',*,*,#1686,.F.);
#2340=ORIENTED_EDGE('',*,*,#1581,.F.);
#2341=ORIENTED_EDGE('',*,*,#1686,.T.);
#2342=ORIENTED_EDGE('',*,*,#1687,.F.);
#2343=ORIENTED_EDGE('',*,*,#1688,.F.);
#2344=ORIENTED_EDGE('',*,*,#1582,.F.);
#2345=ORIENTED_EDGE('',*,*,#1688,.T.);
#2346=ORIENTED_EDGE('',*,*,#1689,.F.);
#2347=ORIENTED_EDGE('',*,*,#1496,.T.);
#2348=ORIENTED_EDGE('',*,*,#1574,.F.);
#2349=ORIENTED_EDGE('',*,*,#1562,.F.);
#2350=ORIENTED_EDGE('',*,*,#1690,.F.);
#2351=ORIENTED_EDGE('',*,*,#1691,.T.);
#2352=ORIENTED_EDGE('',*,*,#1577,.F.);
#2353=ORIENTED_EDGE('',*,*,#1692,.F.);
#2354=ORIENTED_EDGE('',*,*,#1693,.F.);
#2355=ORIENTED_EDGE('',*,*,#1694,.F.);
#2356=ORIENTED_EDGE('',*,*,#1578,.F.);
#2357=ORIENTED_EDGE('',*,*,#1694,.T.);
#2358=ORIENTED_EDGE('',*,*,#1695,.F.);
#2359=ORIENTED_EDGE('',*,*,#1696,.F.);
#2360=ORIENTED_EDGE('',*,*,#1579,.F.);
#2361=ORIENTED_EDGE('',*,*,#1696,.T.);
#2362=ORIENTED_EDGE('',*,*,#1697,.F.);
#2363=ORIENTED_EDGE('',*,*,#1684,.F.);
#2364=ORIENTED_EDGE('',*,*,#1575,.F.);
#2365=ORIENTED_EDGE('',*,*,#1691,.F.);
#2366=ORIENTED_EDGE('',*,*,#1698,.F.);
#2367=ORIENTED_EDGE('',*,*,#1699,.F.);
#2368=ORIENTED_EDGE('',*,*,#1576,.F.);
#2369=ORIENTED_EDGE('',*,*,#1699,.T.);
#2370=ORIENTED_EDGE('',*,*,#1700,.F.);
#2371=ORIENTED_EDGE('',*,*,#1692,.T.);
#2372=ORIENTED_EDGE('',*,*,#1701,.F.);
#2373=ORIENTED_EDGE('',*,*,#1702,.F.);
#2374=ORIENTED_EDGE('',*,*,#1693,.T.);
#2375=ORIENTED_EDGE('',*,*,#1703,.F.);
#2376=ORIENTED_EDGE('',*,*,#1704,.F.);
#2377=ORIENTED_EDGE('',*,*,#1705,.T.);
#2378=ORIENTED_EDGE('',*,*,#1695,.T.);
#2379=ORIENTED_EDGE('',*,*,#1702,.T.);
#2380=ORIENTED_EDGE('',*,*,#1706,.F.);
#2381=ORIENTED_EDGE('',*,*,#1697,.T.);
#2382=ORIENTED_EDGE('',*,*,#1705,.F.);
#2383=ORIENTED_EDGE('',*,*,#1707,.F.);
#2384=ORIENTED_EDGE('',*,*,#1708,.F.);
#2385=ORIENTED_EDGE('',*,*,#1709,.T.);
#2386=ORIENTED_EDGE('',*,*,#1685,.T.);
#2387=ORIENTED_EDGE('',*,*,#1706,.T.);
#2388=ORIENTED_EDGE('',*,*,#1710,.F.);
#2389=ORIENTED_EDGE('',*,*,#1711,.F.);
#2390=ORIENTED_EDGE('',*,*,#1687,.T.);
#2391=ORIENTED_EDGE('',*,*,#1709,.F.);
#2392=ORIENTED_EDGE('',*,*,#1712,.F.);
#2393=ORIENTED_EDGE('',*,*,#1713,.F.);
#2394=ORIENTED_EDGE('',*,*,#1714,.F.);
#2395=ORIENTED_EDGE('',*,*,#1715,.F.);
#2396=ORIENTED_EDGE('',*,*,#1716,.F.);
#2397=ORIENTED_EDGE('',*,*,#1717,.F.);
#2398=ORIENTED_EDGE('',*,*,#1646,.T.);
#2399=ORIENTED_EDGE('',*,*,#1718,.F.);
#2400=ORIENTED_EDGE('',*,*,#1714,.T.);
#2401=ORIENTED_EDGE('',*,*,#1674,.F.);
#2402=ORIENTED_EDGE('',*,*,#1678,.T.);
#2403=ORIENTED_EDGE('',*,*,#1719,.F.);
#2404=ORIENTED_EDGE('',*,*,#1720,.F.);
#2405=ORIENTED_EDGE('',*,*,#1721,.F.);
#2406=ORIENTED_EDGE('',*,*,#1722,.F.);
#2407=ORIENTED_EDGE('',*,*,#1716,.T.);
#2408=ORIENTED_EDGE('',*,*,#1723,.F.);
#2409=ORIENTED_EDGE('',*,*,#1720,.T.);
#2410=ORIENTED_EDGE('',*,*,#1383,.T.);
#2411=ORIENTED_EDGE('',*,*,#1385,.T.);
#2412=ORIENTED_EDGE('',*,*,#1672,.F.);
#2413=ORIENTED_EDGE('',*,*,#1724,.F.);
#2414=ORIENTED_EDGE('',*,*,#1723,.T.);
#2415=ORIENTED_EDGE('',*,*,#1715,.T.);
#2416=ORIENTED_EDGE('',*,*,#1643,.T.);
#2417=ORIENTED_EDGE('',*,*,#1639,.F.);
#2418=ORIENTED_EDGE('',*,*,#1725,.F.);
#2419=ORIENTED_EDGE('',*,*,#1721,.T.);
#2420=ORIENTED_EDGE('',*,*,#1724,.T.);
#2421=ORIENTED_EDGE('',*,*,#1638,.F.);
#2422=ORIENTED_EDGE('',*,*,#1726,.F.);
#2423=ORIENTED_EDGE('',*,*,#1698,.T.);
#2424=ORIENTED_EDGE('',*,*,#1727,.F.);
#2425=ORIENTED_EDGE('',*,*,#1728,.F.);
#2426=ORIENTED_EDGE('',*,*,#1729,.F.);
#2427=ORIENTED_EDGE('',*,*,#1727,.T.);
#2428=ORIENTED_EDGE('',*,*,#1690,.T.);
#2429=ORIENTED_EDGE('',*,*,#1558,.F.);
#2430=ORIENTED_EDGE('',*,*,#1730,.F.);
#2431=ORIENTED_EDGE('',*,*,#1703,.T.);
#2432=ORIENTED_EDGE('',*,*,#1700,.T.);
#2433=ORIENTED_EDGE('',*,*,#1726,.T.);
#2434=ORIENTED_EDGE('',*,*,#1731,.F.);
#2435=ORIENTED_EDGE('',*,*,#1560,.T.);
#2436=ORIENTED_EDGE('',*,*,#1689,.T.);
#2437=ORIENTED_EDGE('',*,*,#1711,.T.);
#2438=ORIENTED_EDGE('',*,*,#1732,.F.);
#2439=ORIENTED_EDGE('',*,*,#1722,.T.);
#2440=ORIENTED_EDGE('',*,*,#1719,.T.);
#2441=ORIENTED_EDGE('',*,*,#1733,.T.);
#2442=ORIENTED_EDGE('',*,*,#1701,.T.);
#2443=ORIENTED_EDGE('',*,*,#1734,.F.);
#2444=ORIENTED_EDGE('',*,*,#1735,.T.);
#2445=ORIENTED_EDGE('',*,*,#1708,.T.);
#2446=ORIENTED_EDGE('',*,*,#1707,.T.);
#2447=ORIENTED_EDGE('',*,*,#1704,.T.);
#2448=ORIENTED_EDGE('',*,*,#1733,.F.);
#2449=ORIENTED_EDGE('',*,*,#1725,.T.);
#2450=ORIENTED_EDGE('',*,*,#1637,.F.);
#2451=ORIENTED_EDGE('',*,*,#1718,.T.);
#2452=ORIENTED_EDGE('',*,*,#1736,.T.);
#2453=ORIENTED_EDGE('',*,*,#1710,.T.);
#2454=ORIENTED_EDGE('',*,*,#1735,.F.);
#2455=ORIENTED_EDGE('',*,*,#1712,.T.);
#2456=ORIENTED_EDGE('',*,*,#1479,.T.);
#2457=ORIENTED_EDGE('',*,*,#1561,.T.);
#2458=ORIENTED_EDGE('',*,*,#1731,.T.);
#2459=ORIENTED_EDGE('',*,*,#1736,.F.);
#2460=ORIENTED_EDGE('',*,*,#1677,.T.);
#2461=ORIENTED_EDGE('',*,*,#1737,.T.);
#2462=ORIENTED_EDGE('',*,*,#1557,.T.);
#2463=ORIENTED_EDGE('',*,*,#1486,.T.);
#2464=ORIENTED_EDGE('',*,*,#1555,.T.);
#2465=ORIENTED_EDGE('',*,*,#1647,.T.);
#2466=ORIENTED_EDGE('',*,*,#1738,.T.);
#2467=ORIENTED_EDGE('',*,*,#1729,.T.);
#2468=ORIENTED_EDGE('',*,*,#1737,.F.);
#2469=ORIENTED_EDGE('',*,*,#1738,.F.);
#2470=ORIENTED_EDGE('',*,*,#1717,.T.);
#2471=ORIENTED_EDGE('',*,*,#1732,.T.);
#2472=ORIENTED_EDGE('',*,*,#1730,.T.);
#2473=ORIENTED_EDGE('',*,*,#1728,.T.);
#2474=ORIENTED_EDGE('',*,*,#1713,.T.);
#2475=ORIENTED_EDGE('',*,*,#1734,.T.);
#2476=ORIENTED_EDGE('',*,*,#1636,.F.);
#2477=ORIENTED_EDGE('',*,*,#1675,.F.);
#2478=ORIENTED_EDGE('',*,*,#1739,.F.);
#2479=ORIENTED_EDGE('',*,*,#1680,.T.);
#2480=ORIENTED_EDGE('',*,*,#1740,.F.);
#2481=ORIENTED_EDGE('',*,*,#1741,.F.);
#2482=ORIENTED_EDGE('',*,*,#1742,.F.);
#2483=ORIENTED_EDGE('',*,*,#1397,.T.);
#2484=ORIENTED_EDGE('',*,*,#1743,.F.);
#2485=ORIENTED_EDGE('',*,*,#1744,.T.);
#2486=ORIENTED_EDGE('',*,*,#1743,.T.);
#2487=ORIENTED_EDGE('',*,*,#1396,.T.);
#2488=ORIENTED_EDGE('',*,*,#1658,.F.);
#2489=ORIENTED_EDGE('',*,*,#1745,.T.);
#2490=ORIENTED_EDGE('',*,*,#1660,.T.);
#2491=ORIENTED_EDGE('',*,*,#1650,.T.);
#2492=ORIENTED_EDGE('',*,*,#1657,.T.);
#2493=ORIENTED_EDGE('',*,*,#1403,.T.);
#2494=ORIENTED_EDGE('',*,*,#1683,.T.);
#2495=ORIENTED_EDGE('',*,*,#1399,.T.);
#2496=ORIENTED_EDGE('',*,*,#1746,.F.);
#2497=ORIENTED_EDGE('',*,*,#1740,.T.);
#2498=ORIENTED_EDGE('',*,*,#1742,.T.);
#2499=ORIENTED_EDGE('',*,*,#1747,.T.);
#2500=ORIENTED_EDGE('',*,*,#1746,.T.);
#2501=ORIENTED_EDGE('',*,*,#1398,.T.);
#2502=ORIENTED_EDGE('',*,*,#1748,.F.);
#2503=ORIENTED_EDGE('',*,*,#1587,.T.);
#2504=ORIENTED_EDGE('',*,*,#1749,.F.);
#2505=ORIENTED_EDGE('',*,*,#1551,.F.);
#2506=ORIENTED_EDGE('',*,*,#1550,.F.);
#2507=ORIENTED_EDGE('',*,*,#1750,.F.);
#2508=ORIENTED_EDGE('',*,*,#1751,.T.);
#2509=ORIENTED_EDGE('',*,*,#1752,.F.);
#2510=ORIENTED_EDGE('',*,*,#1589,.F.);
#2511=ORIENTED_EDGE('',*,*,#1753,.F.);
#2512=ORIENTED_EDGE('',*,*,#1754,.F.);
#2513=ORIENTED_EDGE('',*,*,#1755,.F.);
#2514=ORIENTED_EDGE('',*,*,#1756,.F.);
#2515=ORIENTED_EDGE('',*,*,#1751,.F.);
#2516=ORIENTED_EDGE('',*,*,#1741,.T.);
#2517=ORIENTED_EDGE('',*,*,#1747,.F.);
#2518=ORIENTED_EDGE('',*,*,#1757,.F.);
#2519=ORIENTED_EDGE('',*,*,#1758,.T.);
#2520=ORIENTED_EDGE('',*,*,#1759,.F.);
#2521=ORIENTED_EDGE('',*,*,#1534,.T.);
#2522=ORIENTED_EDGE('',*,*,#1760,.F.);
#2523=ORIENTED_EDGE('',*,*,#1758,.F.);
#2524=ORIENTED_EDGE('',*,*,#1761,.F.);
#2525=ORIENTED_EDGE('',*,*,#1565,.F.);
#2526=ORIENTED_EDGE('',*,*,#1586,.F.);
#2527=ORIENTED_EDGE('',*,*,#1590,.T.);
#2528=ORIENTED_EDGE('',*,*,#1762,.F.);
#2529=ORIENTED_EDGE('',*,*,#1571,.F.);
#2530=ORIENTED_EDGE('',*,*,#1763,.F.);
#2531=ORIENTED_EDGE('',*,*,#1533,.T.);
#2532=ORIENTED_EDGE('',*,*,#1536,.F.);
#2533=ORIENTED_EDGE('',*,*,#1572,.F.);
#2534=ORIENTED_EDGE('',*,*,#1552,.F.);
#2535=ORIENTED_EDGE('',*,*,#1749,.T.);
#2536=ORIENTED_EDGE('',*,*,#1583,.T.);
#2537=ORIENTED_EDGE('',*,*,#1764,.F.);
#2538=ORIENTED_EDGE('',*,*,#1757,.T.);
#2539=ORIENTED_EDGE('',*,*,#1744,.F.);
#2540=ORIENTED_EDGE('',*,*,#1765,.F.);
#2541=ORIENTED_EDGE('',*,*,#1529,.F.);
#2542=ORIENTED_EDGE('',*,*,#1766,.F.);
#2543=ORIENTED_EDGE('',*,*,#1765,.T.);
#2544=ORIENTED_EDGE('',*,*,#1745,.F.);
#2545=ORIENTED_EDGE('',*,*,#1655,.F.);
#2546=ORIENTED_EDGE('',*,*,#1548,.F.);
#2547=ORIENTED_EDGE('',*,*,#1524,.F.);
#2548=ORIENTED_EDGE('',*,*,#1507,.F.);
#2549=ORIENTED_EDGE('',*,*,#1767,.F.);
#2550=ORIENTED_EDGE('',*,*,#1766,.T.);
#2551=ORIENTED_EDGE('',*,*,#1528,.F.);
#2552=ORIENTED_EDGE('',*,*,#1759,.T.);
#2553=ORIENTED_EDGE('',*,*,#1761,.T.);
#2554=ORIENTED_EDGE('',*,*,#1764,.T.);
#2555=ORIENTED_EDGE('',*,*,#1767,.T.);
#2556=ORIENTED_EDGE('',*,*,#1768,.F.);
#2557=ORIENTED_EDGE('',*,*,#1681,.T.);
#2558=ORIENTED_EDGE('',*,*,#1769,.F.);
#2559=ORIENTED_EDGE('',*,*,#1753,.T.);
#2560=ORIENTED_EDGE('',*,*,#1554,.T.);
#2561=ORIENTED_EDGE('',*,*,#1654,.T.);
#2562=ORIENTED_EDGE('',*,*,#1770,.F.);
#2563=ORIENTED_EDGE('',*,*,#1748,.T.);
#2564=ORIENTED_EDGE('',*,*,#1768,.T.);
#2565=ORIENTED_EDGE('',*,*,#1588,.T.);
#2566=ORIENTED_EDGE('',*,*,#1770,.T.);
#2567=ORIENTED_EDGE('',*,*,#1682,.T.);
#2568=ORIENTED_EDGE('',*,*,#1769,.T.);
#2569=ORIENTED_EDGE('',*,*,#1739,.T.);
#2570=ORIENTED_EDGE('',*,*,#1750,.T.);
#2571=ORIENTED_EDGE('',*,*,#1566,.F.);
#2572=ORIENTED_EDGE('',*,*,#1762,.T.);
#2573=ORIENTED_EDGE('',*,*,#1752,.T.);
#2574=ORIENTED_EDGE('',*,*,#1771,.T.);
#2575=ORIENTED_EDGE('',*,*,#1567,.F.);
#2576=ORIENTED_EDGE('',*,*,#1771,.F.);
#2577=ORIENTED_EDGE('',*,*,#1756,.T.);
#2578=ORIENTED_EDGE('',*,*,#1772,.F.);
#2579=ORIENTED_EDGE('',*,*,#1568,.F.);
#2580=ORIENTED_EDGE('',*,*,#1772,.T.);
#2581=ORIENTED_EDGE('',*,*,#1755,.T.);
#2582=ORIENTED_EDGE('',*,*,#1773,.T.);
#2583=ORIENTED_EDGE('',*,*,#1569,.F.);
#2584=ORIENTED_EDGE('',*,*,#1773,.F.);
#2585=ORIENTED_EDGE('',*,*,#1754,.T.);
#2586=ORIENTED_EDGE('',*,*,#1774,.F.);
#2587=ORIENTED_EDGE('',*,*,#1570,.F.);
#2588=ORIENTED_EDGE('',*,*,#1774,.T.);
#2589=ORIENTED_EDGE('',*,*,#1760,.T.);
#2590=ORIENTED_EDGE('',*,*,#1763,.T.);
#2591=CONICAL_SURFACE('',#2769,1.7,0.785398163397447);
#2592=CONICAL_SURFACE('',#2778,1.7,0.785398163397448);
#2593=ADVANCED_FACE('',(#290),#2591,.F.);
#2594=ADVANCED_FACE('',(#291),#237,.F.);
#2595=ADVANCED_FACE('',(#292,#75),#86,.T.);
#2596=ADVANCED_FACE('',(#293),#2592,.F.);
#2597=ADVANCED_FACE('',(#294),#238,.F.);
#2598=ADVANCED_FACE('',(#295,#76),#87,.T.);
#2599=ADVANCED_FACE('',(#296),#60,.T.);
#2600=ADVANCED_FACE('',(#297,#77,#78,#79,#80),#88,.F.);
#2601=ADVANCED_FACE('',(#298),#239,.F.);
#2602=ADVANCED_FACE('',(#299),#240,.T.);
#2603=ADVANCED_FACE('',(#300),#61,.T.);
#2604=ADVANCED_FACE('',(#301),#241,.T.);
#2605=ADVANCED_FACE('',(#302),#62,.T.);
#2606=ADVANCED_FACE('',(#303),#242,.T.);
#2607=ADVANCED_FACE('',(#304),#63,.T.);
#2608=ADVANCED_FACE('',(#305),#243,.T.);
#2609=ADVANCED_FACE('',(#306),#64,.T.);
#2610=ADVANCED_FACE('',(#307),#244,.F.);
#2611=ADVANCED_FACE('',(#308),#89,.F.);
#2612=ADVANCED_FACE('',(#309),#245,.F.);
#2613=ADVANCED_FACE('',(#310),#90,.F.);
#2614=ADVANCED_FACE('',(#311),#246,.T.);
#2615=ADVANCED_FACE('',(#312),#65,.T.);
#2616=ADVANCED_FACE('',(#313),#247,.T.);
#2617=ADVANCED_FACE('',(#314),#66,.T.);
#2618=ADVANCED_FACE('',(#315),#248,.T.);
#2619=ADVANCED_FACE('',(#316),#67,.T.);
#2620=ADVANCED_FACE('',(#317),#249,.T.);
#2621=ADVANCED_FACE('',(#318),#68,.T.);
#2622=ADVANCED_FACE('',(#319),#250,.F.);
#2623=ADVANCED_FACE('',(#320),#91,.F.);
#2624=ADVANCED_FACE('',(#321),#251,.F.);
#2625=ADVANCED_FACE('',(#322),#92,.F.);
#2626=ADVANCED_FACE('',(#323),#93,.F.);
#2627=ADVANCED_FACE('',(#324),#94,.F.);
#2628=ADVANCED_FACE('',(#325),#95,.F.);
#2629=ADVANCED_FACE('',(#326),#96,.F.);
#2630=ADVANCED_FACE('',(#327),#252,.T.);
#2631=ADVANCED_FACE('',(#328),#97,.F.);
#2632=ADVANCED_FACE('',(#329),#98,.F.);
#2633=ADVANCED_FACE('',(#330),#99,.T.);
#2634=ADVANCED_FACE('',(#331),#253,.T.);
#2635=ADVANCED_FACE('',(#332),#100,.T.);
#2636=ADVANCED_FACE('',(#333),#101,.T.);
#2637=ADVANCED_FACE('',(#334),#102,.F.);
#2638=ADVANCED_FACE('',(#335),#254,.T.);
#2639=ADVANCED_FACE('',(#336),#255,.T.);
#2640=ADVANCED_FACE('',(#337),#103,.T.);
#2641=ADVANCED_FACE('',(#338),#104,.T.);
#2642=ADVANCED_FACE('',(#339),#256,.T.);
#2643=ADVANCED_FACE('',(#340),#257,.T.);
#2644=ADVANCED_FACE('',(#341),#105,.T.);
#2645=ADVANCED_FACE('',(#342),#258,.T.);
#2646=ADVANCED_FACE('',(#343),#106,.T.);
#2647=ADVANCED_FACE('',(#344),#107,.T.);
#2648=ADVANCED_FACE('',(#345),#108,.F.);
#2649=ADVANCED_FACE('',(#346),#109,.F.);
#2650=ADVANCED_FACE('',(#347),#259,.F.);
#2651=ADVANCED_FACE('',(#348),#260,.F.);
#2652=ADVANCED_FACE('',(#349),#261,.T.);
#2653=ADVANCED_FACE('',(#350),#110,.T.);
#2654=ADVANCED_FACE('',(#351),#262,.T.);
#2655=ADVANCED_FACE('',(#352),#263,.T.);
#2656=ADVANCED_FACE('',(#353),#111,.T.);
#2657=ADVANCED_FACE('',(#354),#264,.F.);
#2658=ADVANCED_FACE('',(#355),#112,.F.);
#2659=ADVANCED_FACE('',(#356),#265,.F.);
#2660=ADVANCED_FACE('',(#357),#113,.F.);
#2661=ADVANCED_FACE('',(#358),#114,.F.);
#2662=ADVANCED_FACE('',(#359),#115,.F.);
#2663=ADVANCED_FACE('',(#360),#116,.F.);
#2664=ADVANCED_FACE('',(#361),#117,.F.);
#2665=ADVANCED_FACE('',(#362),#266,.F.);
#2666=ADVANCED_FACE('',(#363),#118,.F.);
#2667=ADVANCED_FACE('',(#364),#267,.F.);
#2668=ADVANCED_FACE('',(#365),#119,.F.);
#2669=ADVANCED_FACE('',(#366),#120,.T.);
#2670=ADVANCED_FACE('',(#367),#268,.F.);
#2671=ADVANCED_FACE('',(#368),#269,.T.);
#2672=ADVANCED_FACE('',(#369),#121,.T.);
#2673=ADVANCED_FACE('',(#370),#270,.F.);
#2674=ADVANCED_FACE('',(#371),#15,.T.);
#2675=ADVANCED_FACE('',(#372),#122,.T.);
#2676=ADVANCED_FACE('',(#373),#271,.T.);
#2677=ADVANCED_FACE('',(#374,#81,#82,#83,#84),#123,.T.);
#2678=ADVANCED_FACE('',(#375,#85),#16,.F.);
#2679=ADVANCED_FACE('',(#376),#17,.F.);
#2680=ADVANCED_FACE('',(#377),#18,.F.);
#2681=ADVANCED_FACE('',(#378),#19,.T.);
#2682=ADVANCED_FACE('',(#379),#20,.T.);
#2683=ADVANCED_FACE('',(#380),#21,.F.);
#2684=ADVANCED_FACE('',(#381),#22,.F.);
#2685=ADVANCED_FACE('',(#382),#124,.T.);
#2686=ADVANCED_FACE('',(#383),#272,.T.);
#2687=ADVANCED_FACE('',(#384),#125,.T.);
#2688=ADVANCED_FACE('',(#385),#126,.T.);
#2689=ADVANCED_FACE('',(#386),#127,.T.);
#2690=ADVANCED_FACE('',(#387),#128,.T.);
#2691=ADVANCED_FACE('',(#388),#129,.F.);
#2692=ADVANCED_FACE('',(#389),#130,.F.);
#2693=ADVANCED_FACE('',(#390),#273,.F.);
#2694=ADVANCED_FACE('',(#391),#131,.T.);
#2695=ADVANCED_FACE('',(#392),#274,.T.);
#2696=ADVANCED_FACE('',(#393),#23,.F.);
#2697=ADVANCED_FACE('',(#394),#24,.F.);
#2698=ADVANCED_FACE('',(#395),#25,.F.);
#2699=ADVANCED_FACE('',(#396),#26,.F.);
#2700=ADVANCED_FACE('',(#397),#27,.F.);
#2701=ADVANCED_FACE('',(#398),#28,.F.);
#2702=ADVANCED_FACE('',(#399),#275,.T.);
#2703=ADVANCED_FACE('',(#400),#276,.T.);
#2704=ADVANCED_FACE('',(#401),#29,.F.);
#2705=ADVANCED_FACE('',(#402),#30,.T.);
#2706=ADVANCED_FACE('',(#403),#31,.T.);
#2707=ADVANCED_FACE('',(#404),#277,.F.);
#2708=ADVANCED_FACE('',(#405),#32,.T.);
#2709=ADVANCED_FACE('',(#406),#33,.T.);
#2710=ADVANCED_FACE('',(#407),#34,.T.);
#2711=ADVANCED_FACE('',(#408),#278,.F.);
#2712=ADVANCED_FACE('',(#409),#35,.T.);
#2713=ADVANCED_FACE('',(#410),#36,.T.);
#2714=ADVANCED_FACE('',(#411),#37,.T.);
#2715=ADVANCED_FACE('',(#412),#132,.F.);
#2716=ADVANCED_FACE('',(#413),#133,.F.);
#2717=ADVANCED_FACE('',(#414),#38,.F.);
#2718=ADVANCED_FACE('',(#415),#279,.F.);
#2719=ADVANCED_FACE('',(#416),#39,.T.);
#2720=ADVANCED_FACE('',(#417),#40,.T.);
#2721=ADVANCED_FACE('',(#418),#41,.T.);
#2722=ADVANCED_FACE('',(#419),#280,.F.);
#2723=ADVANCED_FACE('',(#420),#134,.F.);
#2724=ADVANCED_FACE('',(#421),#281,.F.);
#2725=ADVANCED_FACE('',(#422),#135,.F.);
#2726=ADVANCED_FACE('',(#423),#282,.F.);
#2727=ADVANCED_FACE('',(#424),#136,.F.);
#2728=ADVANCED_FACE('',(#425),#42,.F.);
#2729=ADVANCED_FACE('',(#426),#43,.T.);
#2730=ADVANCED_FACE('',(#427),#44,.F.);
#2731=ADVANCED_FACE('',(#428),#283,.T.);
#2732=ADVANCED_FACE('',(#429),#45,.F.);
#2733=ADVANCED_FACE('',(#430),#46,.F.);
#2734=ADVANCED_FACE('',(#431),#284,.T.);
#2735=ADVANCED_FACE('',(#432),#285,.T.);
#2736=ADVANCED_FACE('',(#433),#286,.T.);
#2737=ADVANCED_FACE('',(#434),#137,.T.);
#2738=ADVANCED_FACE('',(#435),#287,.T.);
#2739=ADVANCED_FACE('',(#436),#47,.F.);
#2740=ADVANCED_FACE('',(#437),#48,.F.);
#2741=ADVANCED_FACE('',(#438),#49,.F.);
#2742=ADVANCED_FACE('',(#439),#50,.T.);
#2743=ADVANCED_FACE('',(#440),#138,.T.);
#2744=ADVANCED_FACE('',(#441),#51,.F.);
#2745=ADVANCED_FACE('',(#442),#52,.F.);
#2746=ADVANCED_FACE('',(#443),#53,.F.);
#2747=ADVANCED_FACE('',(#444),#54,.F.);
#2748=ADVANCED_FACE('',(#445),#288,.T.);
#2749=ADVANCED_FACE('',(#446),#55,.F.);
#2750=ADVANCED_FACE('',(#447),#56,.F.);
#2751=ADVANCED_FACE('',(#448),#57,.F.);
#2752=ADVANCED_FACE('',(#449),#289,.T.);
#2753=ADVANCED_FACE('',(#450),#58,.F.);
#2754=ADVANCED_FACE('',(#451),#59,.F.);
#2755=CLOSED_SHELL('',(#2593,#2594,#2595,#2596,#2597,#2598,#2599,#2600,
#2601,#2602,#2603,#2604,#2605,#2606,#2607,#2608,#2609,#2610,#2611,#2612,
#2613,#2614,#2615,#2616,#2617,#2618,#2619,#2620,#2621,#2622,#2623,#2624,
#2625,#2626,#2627,#2628,#2629,#2630,#2631,#2632,#2633,#2634,#2635,#2636,
#2637,#2638,#2639,#2640,#2641,#2642,#2643,#2644,#2645,#2646,#2647,#2648,
#2649,#2650,#2651,#2652,#2653,#2654,#2655,#2656,#2657,#2658,#2659,#2660,
#2661,#2662,#2663,#2664,#2665,#2666,#2667,#2668,#2669,#2670,#2671,#2672,
#2673,#2674,#2675,#2676,#2677,#2678,#2679,#2680,#2681,#2682,#2683,#2684,
#2685,#2686,#2687,#2688,#2689,#2690,#2691,#2692,#2693,#2694,#2695,#2696,
#2697,#2698,#2699,#2700,#2701,#2702,#2703,#2704,#2705,#2706,#2707,#2708,
#2709,#2710,#2711,#2712,#2713,#2714,#2715,#2716,#2717,#2718,#2719,#2720,
#2721,#2722,#2723,#2724,#2725,#2726,#2727,#2728,#2729,#2730,#2731,#2732,
#2733,#2734,#2735,#2736,#2737,#2738,#2739,#2740,#2741,#2742,#2743,#2744,
#2745,#2746,#2747,#2748,#2749,#2750,#2751,#2752,#2753,#2754));
#2756=DERIVED_UNIT_ELEMENT(#2758,1.);
#2757=DERIVED_UNIT_ELEMENT(#6294,-3.);
#2758=(
MASS_UNIT()
NAMED_UNIT(*)
SI_UNIT(.KILO.,.GRAM.)
);
#2759=DERIVED_UNIT((#2756,#2757));
#2760=MEASURE_REPRESENTATION_ITEM('density measure',
POSITIVE_RATIO_MEASURE(7850.),#2759);
#2761=PROPERTY_DEFINITION_REPRESENTATION(#2766,#2763);
#2762=PROPERTY_DEFINITION_REPRESENTATION(#2767,#2764);
#2763=REPRESENTATION('material name',(#2765),#6291);
#2764=REPRESENTATION('density',(#2760),#6291);
#2765=DESCRIPTIVE_REPRESENTATION_ITEM('\X2\92FC\X0\','\X2\92FC\X0\');
#2766=PROPERTY_DEFINITION('material property','material name',#6301);
#2767=PROPERTY_DEFINITION('material property','density of part',#6301);
#2768=AXIS2_PLACEMENT_3D('',#3678,#3009,#3010);
#2769=AXIS2_PLACEMENT_3D('',#3679,#3011,#3012);
#2770=AXIS2_PLACEMENT_3D('',#3681,#3013,#3014);
#2771=AXIS2_PLACEMENT_3D('',#3684,#3016,#3017);
#2772=AXIS2_PLACEMENT_3D('',#3685,#3018,#3019);
#2773=AXIS2_PLACEMENT_3D('',#3688,#3020,#3021);
#2774=AXIS2_PLACEMENT_3D('',#3731,#3023,#3024);
#2775=AXIS2_PLACEMENT_3D('',#3734,#3025,#3026);
#2776=AXIS2_PLACEMENT_3D('',#3736,#3027,#3028);
#2777=AXIS2_PLACEMENT_3D('',#3738,#3029,#3030);
#2778=AXIS2_PLACEMENT_3D('',#3751,#3033,#3034);
#2779=AXIS2_PLACEMENT_3D('',#3753,#3035,#3036);
#2780=AXIS2_PLACEMENT_3D('',#3756,#3038,#3039);
#2781=AXIS2_PLACEMENT_3D('',#3757,#3040,#3041);
#2782=AXIS2_PLACEMENT_3D('',#3760,#3042,#3043);
#2783=AXIS2_PLACEMENT_3D('',#3762,#3044,#3045);
#2784=AXIS2_PLACEMENT_3D('',#3763,#3046,#3047);
#2785=AXIS2_PLACEMENT_3D('',#3765,#3049,#3050);
#2786=AXIS2_PLACEMENT_3D('',#3768,#3051,#3052);
#2787=AXIS2_PLACEMENT_3D('',#3774,#3056,#3057);
#2788=AXIS2_PLACEMENT_3D('',#3776,#3058,#3059);
#2789=AXIS2_PLACEMENT_3D('',#3778,#3060,#3061);
#2790=AXIS2_PLACEMENT_3D('',#3780,#3062,#3063);
#2791=AXIS2_PLACEMENT_3D('',#3781,#3064,#3065);
#2792=AXIS2_PLACEMENT_3D('',#3782,#3066,#3067);
#2793=AXIS2_PLACEMENT_3D('',#3841,#3072,#3073);
#2794=AXIS2_PLACEMENT_3D('',#3845,#3075,#3076);
#2795=AXIS2_PLACEMENT_3D('',#3849,#3078,#3079);
#2796=AXIS2_PLACEMENT_3D('',#3852,#3081,#3082);
#2797=AXIS2_PLACEMENT_3D('',#3865,#3088,#3089);
#2798=AXIS2_PLACEMENT_3D('',#3869,#3091,#3092);
#2799=AXIS2_PLACEMENT_3D('',#3873,#3094,#3095);
#2800=AXIS2_PLACEMENT_3D('',#3876,#3097,#3098);
#2801=AXIS2_PLACEMENT_3D('',#3877,#3099,#3100);
#2802=AXIS2_PLACEMENT_3D('',#3880,#3102,#3103);
#2803=AXIS2_PLACEMENT_3D('',#3881,#3104,#3105);
#2804=AXIS2_PLACEMENT_3D('',#3883,#3106,#3107);
#2805=AXIS2_PLACEMENT_3D('',#3886,#3109,#3110);
#2806=AXIS2_PLACEMENT_3D('',#3887,#3111,#3112);
#2807=AXIS2_PLACEMENT_3D('',#3889,#3113,#3114);
#2808=AXIS2_PLACEMENT_3D('',#3890,#3115,#3116);
#2809=AXIS2_PLACEMENT_3D('',#3891,#3117,#3118);
#2810=AXIS2_PLACEMENT_3D('',#3893,#3119,#3120);
#2811=AXIS2_PLACEMENT_3D('',#3895,#3122,#3123);
#2812=AXIS2_PLACEMENT_3D('',#3897,#3124,#3125);
#2813=AXIS2_PLACEMENT_3D('',#3898,#3126,#3127);
#2814=AXIS2_PLACEMENT_3D('',#3899,#3128,#3129);
#2815=AXIS2_PLACEMENT_3D('',#3901,#3130,#3131);
#2816=AXIS2_PLACEMENT_3D('',#3903,#3133,#3134);
#2817=AXIS2_PLACEMENT_3D('',#3905,#3135,#3136);
#2818=AXIS2_PLACEMENT_3D('',#3906,#3137,#3138);
#2819=AXIS2_PLACEMENT_3D('',#3907,#3139,#3140);
#2820=AXIS2_PLACEMENT_3D('',#3909,#3141,#3142);
#2821=AXIS2_PLACEMENT_3D('',#3911,#3144,#3145);
#2822=AXIS2_PLACEMENT_3D('',#3912,#3146,#3147);
#2823=AXIS2_PLACEMENT_3D('',#3913,#3148,#3149);
#2824=AXIS2_PLACEMENT_3D('',#3917,#3151,#3152);
#2825=AXIS2_PLACEMENT_3D('',#3919,#3154,#3155);
#2826=AXIS2_PLACEMENT_3D('',#3923,#3158,#3159);
#2827=AXIS2_PLACEMENT_3D('',#3926,#3161,#3162);
#2828=AXIS2_PLACEMENT_3D('',#3927,#3163,#3164);
#2829=AXIS2_PLACEMENT_3D('',#3931,#3167,#3168);
#2830=AXIS2_PLACEMENT_3D('',#3933,#3169,#3170);
#2831=AXIS2_PLACEMENT_3D('',#3936,#3172,#3173);
#2832=AXIS2_PLACEMENT_3D('',#3937,#3174,#3175);
#2833=AXIS2_PLACEMENT_3D('',#3939,#3176,#3177);
#2834=AXIS2_PLACEMENT_3D('',#3940,#3178,#3179);
#2835=AXIS2_PLACEMENT_3D('',#3941,#3180,#3181);
#2836=AXIS2_PLACEMENT_3D('',#3943,#3182,#3183);
#2837=AXIS2_PLACEMENT_3D('',#3945,#3185,#3186);
#2838=AXIS2_PLACEMENT_3D('',#3947,#3187,#3188);
#2839=AXIS2_PLACEMENT_3D('',#3948,#3189,#3190);
#2840=AXIS2_PLACEMENT_3D('',#3949,#3191,#3192);
#2841=AXIS2_PLACEMENT_3D('',#3951,#3193,#3194);
#2842=AXIS2_PLACEMENT_3D('',#3953,#3196,#3197);
#2843=AXIS2_PLACEMENT_3D('',#3955,#3198,#3199);
#2844=AXIS2_PLACEMENT_3D('',#3956,#3200,#3201);
#2845=AXIS2_PLACEMENT_3D('',#3957,#3202,#3203);
#2846=AXIS2_PLACEMENT_3D('',#3959,#3204,#3205);
#2847=AXIS2_PLACEMENT_3D('',#3961,#3207,#3208);
#2848=AXIS2_PLACEMENT_3D('',#3962,#3209,#3210);
#2849=AXIS2_PLACEMENT_3D('',#3963,#3211,#3212);
#2850=AXIS2_PLACEMENT_3D('',#3967,#3214,#3215);
#2851=AXIS2_PLACEMENT_3D('',#3969,#3217,#3218);
#2852=AXIS2_PLACEMENT_3D('',#3973,#3221,#3222);
#2853=AXIS2_PLACEMENT_3D('',#3976,#3224,#3225);
#2854=AXIS2_PLACEMENT_3D('',#3977,#3226,#3227);
#2855=AXIS2_PLACEMENT_3D('',#3981,#3230,#3231);
#2856=AXIS2_PLACEMENT_3D('',#3984,#3232,#3233);
#2857=AXIS2_PLACEMENT_3D('',#3986,#3234,#3235);
#2858=AXIS2_PLACEMENT_3D('',#3994,#3240,#3241);
#2859=AXIS2_PLACEMENT_3D('',#4000,#3245,#3246);
#2860=AXIS2_PLACEMENT_3D('',#4005,#3248,#3249);
#2861=AXIS2_PLACEMENT_3D('',#4007,#3250,#3251);
#2862=AXIS2_PLACEMENT_3D('',#4013,#3255,#3256);
#2863=AXIS2_PLACEMENT_3D('',#4019,#3260,#3261);
#2864=AXIS2_PLACEMENT_3D('',#4023,#3263,#3264);
#2865=AXIS2_PLACEMENT_3D('',#4025,#3266,#3267);
#2866=AXIS2_PLACEMENT_3D('',#4031,#3270,#3271);
#2867=AXIS2_PLACEMENT_3D('',#4033,#3273,#3274);
#2868=AXIS2_PLACEMENT_3D('',#4037,#3276,#3277);
#2869=AXIS2_PLACEMENT_3D('',#4041,#3280,#3281);
#2870=AXIS2_PLACEMENT_3D('',#4050,#3286,#3287);
#2871=AXIS2_PLACEMENT_3D('',#4052,#3288,#3289);
#2872=AXIS2_PLACEMENT_3D('',#4054,#3290,#3291);
#2873=AXIS2_PLACEMENT_3D('',#4056,#3293,#3294);
#2874=AXIS2_PLACEMENT_3D('',#4062,#3298,#3299);
#2875=AXIS2_PLACEMENT_3D('',#4066,#3301,#3302);
#2876=AXIS2_PLACEMENT_3D('',#4069,#3304,#3305);
#2877=AXIS2_PLACEMENT_3D('',#4070,#3306,#3307);
#2878=AXIS2_PLACEMENT_3D('',#4075,#3309,#3310);
#2879=AXIS2_PLACEMENT_3D('',#4077,#3312,#3313);
#2880=AXIS2_PLACEMENT_3D('',#4078,#3314,#3315);
#2881=AXIS2_PLACEMENT_3D('',#4082,#3317,#3318);
#2882=AXIS2_PLACEMENT_3D('',#4084,#3320,#3321);
#2883=AXIS2_PLACEMENT_3D('',#4088,#3323,#3324);
#2884=AXIS2_PLACEMENT_3D('',#4090,#3326,#3327);
#2885=AXIS2_PLACEMENT_3D('',#4094,#3330,#3331);
#2886=AXIS2_PLACEMENT_3D('',#4103,#3334,#3335);
#2887=AXIS2_PLACEMENT_3D('',#4106,#3337,#3338);
#2888=AXIS2_PLACEMENT_3D('',#4107,#3339,#3340);
#2889=AXIS2_PLACEMENT_3D('',#4109,#3341,#3342);
#2890=AXIS2_PLACEMENT_3D('',#4111,#3344,#3345);
#2891=AXIS2_PLACEMENT_3D('',#4120,#3350,#3351);
#2892=AXIS2_PLACEMENT_3D('',#4122,#3352,#3353);
#2893=AXIS2_PLACEMENT_3D('',#4124,#3354,#3355);
#2894=AXIS2_PLACEMENT_3D('',#4126,#3357,#3358);
#2895=AXIS2_PLACEMENT_3D('',#4131,#3362,#3363);
#2896=AXIS2_PLACEMENT_3D('',#4133,#3365,#3366);
#2897=AXIS2_PLACEMENT_3D('',#4140,#3369,#3370);
#2898=AXIS2_PLACEMENT_3D('',#4142,#3372,#3373);
#2899=AXIS2_PLACEMENT_3D('',#4143,#3374,#3375);
#2900=AXIS2_PLACEMENT_3D('',#4146,#3378,#3379);
#2901=AXIS2_PLACEMENT_3D('',#4155,#3382,#3383);
#2902=AXIS2_PLACEMENT_3D('',#4157,#3384,#3385);
#2903=AXIS2_PLACEMENT_3D('',#4159,#3387,#3388);
#2904=AXIS2_PLACEMENT_3D('',#4161,#3389,#3390);
#2905=AXIS2_PLACEMENT_3D('',#4163,#3392,#3393);
#2906=AXIS2_PLACEMENT_3D('',#4329,#3399,#3400);
#2907=AXIS2_PLACEMENT_3D('',#4331,#3401,#3402);
#2908=AXIS2_PLACEMENT_3D('',#4333,#3404,#3405);
#2909=AXIS2_PLACEMENT_3D('',#4336,#3407,#3408);
#2910=AXIS2_PLACEMENT_3D('',#4337,#3409,#3410);
#2911=AXIS2_PLACEMENT_3D('',#4348,#3414,#3415);
#2912=AXIS2_PLACEMENT_3D('',#4351,#3417,#3418);
#2913=AXIS2_PLACEMENT_3D('',#4352,#3419,#3420);
#2914=AXIS2_PLACEMENT_3D('',#4356,#3423,#3424);
#2915=AXIS2_PLACEMENT_3D('',#4359,#3426,#3427);
#2916=AXIS2_PLACEMENT_3D('',#4360,#3428,#3429);
#2917=AXIS2_PLACEMENT_3D('',#4362,#3431,#3432);
#2918=AXIS2_PLACEMENT_3D('',#4368,#3436,#3437);
#2919=AXIS2_PLACEMENT_3D('',#4372,#3440,#3441);
#2920=AXIS2_PLACEMENT_3D('',#4376,#3444,#3445);
#2921=AXIS2_PLACEMENT_3D('',#4378,#3447,#3448);
#2922=AXIS2_PLACEMENT_3D('',#4381,#3450,#3451);
#2923=AXIS2_PLACEMENT_3D('',#4382,#3452,#3453);
#2924=AXIS2_PLACEMENT_3D('',#4386,#3456,#3457);
#2925=AXIS2_PLACEMENT_3D('',#4389,#3459,#3460);
#2926=AXIS2_PLACEMENT_3D('',#4390,#3461,#3462);
#2927=AXIS2_PLACEMENT_3D('',#4392,#3464,#3465);
#2928=AXIS2_PLACEMENT_3D('',#4402,#3466,#3467);
#2929=AXIS2_PLACEMENT_3D('',#4403,#3468,#3469);
#2930=AXIS2_PLACEMENT_3D('',#4424,#3470,#3471);
#2931=AXIS2_PLACEMENT_3D('',#4427,#3472,#3473);
#2932=AXIS2_PLACEMENT_3D('',#4437,#3476,#3477);
#2933=AXIS2_PLACEMENT_3D('',#4452,#3479,#3480);
#2934=AXIS2_PLACEMENT_3D('',#4454,#3481,#3482);
#2935=AXIS2_PLACEMENT_3D('',#4484,#3485,#3486);
#2936=AXIS2_PLACEMENT_3D('',#4499,#3488,#3489);
#2937=AXIS2_PLACEMENT_3D('',#4501,#3490,#3491);
#2938=AXIS2_PLACEMENT_3D('',#4506,#3492,#3493);
#2939=AXIS2_PLACEMENT_3D('',#4518,#3495,#3496);
#2940=AXIS2_PLACEMENT_3D('',#4695,#3501,#3502);
#2941=AXIS2_PLACEMENT_3D('',#4821,#3505,#3506);
#2942=AXIS2_PLACEMENT_3D('',#4857,#3507,#3508);
#2943=AXIS2_PLACEMENT_3D('',#4870,#3509,#3510);
#2944=AXIS2_PLACEMENT_3D('',#4875,#3512,#3513);
#2945=AXIS2_PLACEMENT_3D('',#4878,#3516,#3517);
#2946=AXIS2_PLACEMENT_3D('',#4880,#3518,#3519);
#2947=AXIS2_PLACEMENT_3D('',#4881,#3520,#3521);
#2948=AXIS2_PLACEMENT_3D('',#4883,#3523,#3524);
#2949=AXIS2_PLACEMENT_3D('',#4887,#3527,#3528);
#2950=AXIS2_PLACEMENT_3D('',#4890,#3530,#3531);
#2951=AXIS2_PLACEMENT_3D('',#4891,#3532,#3533);
#2952=AXIS2_PLACEMENT_3D('',#4892,#3534,#3535);
#2953=AXIS2_PLACEMENT_3D('',#4894,#3537,#3538);
#2954=AXIS2_PLACEMENT_3D('',#4903,#3541,#3542);
#2955=AXIS2_PLACEMENT_3D('',#4905,#3544,#3545);
#2956=AXIS2_PLACEMENT_3D('',#4908,#3547,#3548);
#2957=AXIS2_PLACEMENT_3D('',#4909,#3549,#3550);
#2958=AXIS2_PLACEMENT_3D('',#4915,#3553,#3554);
#2959=AXIS2_PLACEMENT_3D('',#4917,#3556,#3557);
#2960=AXIS2_PLACEMENT_3D('',#4918,#3558,#3559);
#2961=AXIS2_PLACEMENT_3D('',#4936,#3560,#3561);
#2962=AXIS2_PLACEMENT_3D('',#4945,#3562,#3563);
#2963=AXIS2_PLACEMENT_3D('',#4974,#3564,#3565);
#2964=AXIS2_PLACEMENT_3D('',#5049,#3566,#3567);
#2965=AXIS2_PLACEMENT_3D('',#5071,#3568,#3569);
#2966=AXIS2_PLACEMENT_3D('',#5080,#3570,#3571);
#2967=AXIS2_PLACEMENT_3D('',#5105,#3572,#3573);
#2968=AXIS2_PLACEMENT_3D('',#5106,#3574,#3575);
#2969=AXIS2_PLACEMENT_3D('',#5108,#3577,#3578);
#2970=AXIS2_PLACEMENT_3D('',#5111,#3580,#3581);
#2971=AXIS2_PLACEMENT_3D('',#5200,#3582,#3583);
#2972=AXIS2_PLACEMENT_3D('',#5202,#3584,#3585);
#2973=AXIS2_PLACEMENT_3D('',#5330,#3587,#3588);
#2974=AXIS2_PLACEMENT_3D('',#5334,#3590,#3591);
#2975=AXIS2_PLACEMENT_3D('',#5447,#3593,#3594);
#2976=AXIS2_PLACEMENT_3D('',#5448,#3595,#3596);
#2977=AXIS2_PLACEMENT_3D('',#5529,#3598,#3599);
#2978=AXIS2_PLACEMENT_3D('',#5531,#3600,#3601);
#2979=AXIS2_PLACEMENT_3D('',#5533,#3602,#3603);
#2980=AXIS2_PLACEMENT_3D('',#5625,#3605,#3606);
#2981=AXIS2_PLACEMENT_3D('',#5628,#3609,#3610);
#2982=AXIS2_PLACEMENT_3D('',#5631,#3613,#3614);
#2983=AXIS2_PLACEMENT_3D('',#5633,#3616,#3617);
#2984=AXIS2_PLACEMENT_3D('',#5635,#3619,#3620);
#2985=AXIS2_PLACEMENT_3D('',#5637,#3622,#3623);
#2986=AXIS2_PLACEMENT_3D('',#5758,#3625,#3626);
#2987=AXIS2_PLACEMENT_3D('',#5760,#3627,#3628);
#2988=AXIS2_PLACEMENT_3D('',#5770,#3629,#3630);
#2989=AXIS2_PLACEMENT_3D('',#5837,#3632,#3633);
#2990=AXIS2_PLACEMENT_3D('',#5838,#3634,#3635);
#2991=AXIS2_PLACEMENT_3D('',#5840,#3637,#3638);
#2992=AXIS2_PLACEMENT_3D('',#5861,#3639,#3640);
#2993=AXIS2_PLACEMENT_3D('',#5885,#3642,#3643);
#2994=AXIS2_PLACEMENT_3D('',#5901,#3647,#3648);
#2995=AXIS2_PLACEMENT_3D('',#5941,#3649,#3650);
#2996=AXIS2_PLACEMENT_3D('',#5958,#3651,#3652);
#2997=AXIS2_PLACEMENT_3D('',#6037,#3654,#3655);
#2998=AXIS2_PLACEMENT_3D('',#6038,#3656,#3657);
#2999=AXIS2_PLACEMENT_3D('',#6055,#3658,#3659);
#3000=AXIS2_PLACEMENT_3D('',#6120,#3660,#3661);
#3001=AXIS2_PLACEMENT_3D('',#6121,#3662,#3663);
#3002=AXIS2_PLACEMENT_3D('',#6162,#3664,#3665);
#3003=AXIS2_PLACEMENT_3D('',#6163,#3666,#3667);
#3004=AXIS2_PLACEMENT_3D('',#6228,#3668,#3669);
#3005=AXIS2_PLACEMENT_3D('',#6245,#3670,#3671);
#3006=AXIS2_PLACEMENT_3D('',#6246,#3672,#3673);
#3007=AXIS2_PLACEMENT_3D('',#6247,#3674,#3675);
#3008=AXIS2_PLACEMENT_3D('',#6264,#3676,#3677);
#3009=DIRECTION('axis',(0.,0.,1.));
#3010=DIRECTION('refdir',(1.,0.,0.));
#3011=DIRECTION('center_axis',(0.,1.,0.));
#3012=DIRECTION('ref_axis',(1.,0.,0.));
#3013=DIRECTION('center_axis',(0.,-1.,0.));
#3014=DIRECTION('ref_axis',(1.,0.,0.));
#3015=DIRECTION('',(-0.707106781186546,0.707106781186549,-8.65956056235492E-17));
#3016=DIRECTION('center_axis',(0.,1.,0.));
#3017=DIRECTION('ref_axis',(1.,0.,0.));
#3018=DIRECTION('center_axis',(0.,-1.,0.));
#3019=DIRECTION('ref_axis',(1.,0.,0.));
#3020=DIRECTION('center_axis',(7.56205848746152E-32,1.,-1.99776714762799E-16));
#3021=DIRECTION('ref_axis',(1.,0.,0.));
#3022=DIRECTION('',(0.,1.,0.));
#3023=DIRECTION('center_axis',(0.,1.,0.));
#3024=DIRECTION('ref_axis',(1.,0.,0.));
#3025=DIRECTION('center_axis',(0.,1.,0.));
#3026=DIRECTION('ref_axis',(-0.817082281996816,0.,0.576521070254051));
#3027=DIRECTION('center_axis',(0.,1.,0.));
#3028=DIRECTION('ref_axis',(0.261362389747399,0.,-0.965240747806229));
#3029=DIRECTION('center_axis',(0.,1.,0.));
#3030=DIRECTION('ref_axis',(0.325754750094105,0.,0.94545430497255));
#3031=DIRECTION('',(-0.576521070254052,0.,-0.817082281996815));
#3032=DIRECTION('',(-0.576521070254051,0.,-0.817082281996816));
#3033=DIRECTION('center_axis',(0.,1.,0.));
#3034=DIRECTION('ref_axis',(1.,0.,0.));
#3035=DIRECTION('center_axis',(0.,1.,0.));
#3036=DIRECTION('ref_axis',(1.,0.,0.));
#3037=DIRECTION('',(0.707106781186548,-0.707106781186548,-8.65956056235493E-17));
#3038=DIRECTION('center_axis',(0.,-1.,0.));
#3039=DIRECTION('ref_axis',(1.,0.,0.));
#3040=DIRECTION('center_axis',(0.,-1.,0.));
#3041=DIRECTION('ref_axis',(1.,0.,0.));
#3042=DIRECTION('center_axis',(-5.65218800312831E-17,0.428639034458109,
-0.903475831518929));
#3043=DIRECTION('ref_axis',(0.,0.903475831518929,0.428639034458109));
#3044=DIRECTION('center_axis',(7.56205848746152E-32,1.,-1.99776714762799E-16));
#3045=DIRECTION('ref_axis',(1.,0.,0.));
#3046=DIRECTION('center_axis',(-5.65218800312831E-17,0.428639034458109,
-0.903475831518929));
#3047=DIRECTION('ref_axis',(0.,0.903475831518929,0.428639034458109));
#3048=DIRECTION('',(0.,1.,0.));
#3049=DIRECTION('center_axis',(0.,1.,0.));
#3050=DIRECTION('ref_axis',(1.,0.,0.));
#3051=DIRECTION('center_axis',(0.,1.,0.));
#3052=DIRECTION('ref_axis',(1.66058178102903E-8,0.,-1.));
#3053=DIRECTION('',(1.54571403954985E-8,0.,1.));
#3054=DIRECTION('',(-1.,0.,5.82365298650268E-15));
#3055=DIRECTION('',(-1.54571412729222E-8,0.,1.));
#3056=DIRECTION('center_axis',(7.56205848746152E-32,1.,-1.99776714762799E-16));
#3057=DIRECTION('ref_axis',(0.,0.,1.));
#3058=DIRECTION('center_axis',(-7.56205848746152E-32,-1.,1.99776714762799E-16));
#3059=DIRECTION('ref_axis',(1.,-8.89241634617541E-32,-6.65922382542663E-17));
#3060=DIRECTION('center_axis',(-1.,7.56205848746152E-32,0.));
#3061=DIRECTION('ref_axis',(0.,0.,-1.));
#3062=DIRECTION('center_axis',(7.56205848746152E-32,1.,-1.99776714762799E-16));
#3063=DIRECTION('ref_axis',(1.,0.,-6.65922382542663E-17));
#3064=DIRECTION('center_axis',(7.56205848746152E-32,1.,-1.99776714762799E-16));
#3065=DIRECTION('ref_axis',(1.,0.,-6.65922382542663E-17));
#3066=DIRECTION('center_axis',(7.56205848746152E-32,1.,-1.99776714762799E-16));
#3067=DIRECTION('ref_axis',(0.,1.99776714762799E-16,1.));
#3068=DIRECTION('',(-1.,8.59517677186753E-32,5.1713648691874E-17));
#3069=DIRECTION('',(-4.41330887106467E-16,-1.99776714762799E-16,-1.));
#3070=DIRECTION('',(1.,-8.81187116766161E-32,-6.25604781660382E-17));
#3071=DIRECTION('',(-4.00080369234291E-16,1.99776714762799E-16,1.));
#3072=DIRECTION('center_axis',(-7.56205848746152E-32,-1.,1.99776714762799E-16));
#3073=DIRECTION('ref_axis',(0.707106781186549,-1.41263469731945E-16,-0.707106781186546));
#3074=DIRECTION('',(1.,-2.77253956250644E-31,-1.00929365875014E-15));
#3075=DIRECTION('center_axis',(-7.56205848746152E-32,-1.,1.99776714762799E-16));
#3076=DIRECTION('ref_axis',(-0.707106781186547,-1.41263469731946E-16,-0.707106781186548));
#3077=DIRECTION('',(8.6331435862563E-65,-1.99776714762799E-16,-1.));
#3078=DIRECTION('center_axis',(-7.56205848746152E-32,-1.,1.99776714762799E-16));
#3079=DIRECTION('ref_axis',(-0.70710678118655,1.41263469731945E-16,0.707106781186545));
#3080=DIRECTION('',(-1.,7.56205848746152E-32,0.));
#3081=DIRECTION('center_axis',(-7.56205848746152E-32,-1.,1.99776714762799E-16));
#3082=DIRECTION('ref_axis',(0.707106781186547,1.41263469731946E-16,0.707106781186547));
#3083=DIRECTION('',(8.6331435862563E-65,-1.99776714762799E-16,-1.));
#3084=DIRECTION('',(-1.,7.56205848746152E-32,0.));
#3085=DIRECTION('',(-8.6331435862563E-65,1.99776714762799E-16,1.));
#3086=DIRECTION('',(1.,-7.56205848746152E-32,0.));
#3087=DIRECTION('',(-8.6331435862563E-65,1.99776714762799E-16,1.));
#3088=DIRECTION('center_axis',(-7.56205848746152E-32,-1.,1.99776714762799E-16));
#3089=DIRECTION('ref_axis',(0.707106781186545,-1.41263469731946E-16,-0.70710678118655));
#3090=DIRECTION('',(1.,-7.11125216934438E-32,2.25655086305926E-17));
#3091=DIRECTION('center_axis',(-7.56205848746152E-32,-1.,1.99776714762799E-16));
#3092=DIRECTION('ref_axis',(-0.707106781186549,-1.41263469731945E-16,-0.707106781186546));
#3093=DIRECTION('',(8.6331435862563E-65,-1.99776714762799E-16,-1.));
#3094=DIRECTION('center_axis',(-7.56205848746152E-32,-1.,1.99776714762799E-16));
#3095=DIRECTION('ref_axis',(-0.707106781186546,1.41263469731946E-16,0.707106781186549));
#3096=DIRECTION('',(-1.,7.56205848746152E-32,0.));
#3097=DIRECTION('center_axis',(-7.56205848746152E-32,-1.,1.99776714762799E-16));
#3098=DIRECTION('ref_axis',(0.707106781186553,1.41263469731944E-16,0.707106781186542));
#3099=DIRECTION('center_axis',(0.,1.,0.));
#3100=DIRECTION('ref_axis',(1.,0.,9.79543115501515E-97));
#3101=DIRECTION('',(0.,1.,0.));
#3102=DIRECTION('center_axis',(-7.56205848746152E-32,-1.,1.99776714762799E-16));
#3103=DIRECTION('ref_axis',(1.,0.,9.79543115501515E-97));
#3104=DIRECTION('center_axis',(4.00080369234291E-16,-1.99776714762799E-16,
-1.));
#3105=DIRECTION('ref_axis',(-0.707106781186546,-0.707106781186549,0.));
#3106=DIRECTION('center_axis',(0.,0.,-1.));
#3107=DIRECTION('ref_axis',(0.,-1.,0.));
#3108=DIRECTION('',(4.00080369234291E-16,-1.99776714762799E-16,-1.));
#3109=DIRECTION('center_axis',(0.,0.,1.));
#3110=DIRECTION('ref_axis',(-1.,-2.22044604925032E-15,0.));
#3111=DIRECTION('center_axis',(7.56205848746152E-32,1.,-1.99776714762799E-16));
#3112=DIRECTION('ref_axis',(0.,0.,1.));
#3113=DIRECTION('center_axis',(1.,0.,8.88178419700124E-15));
#3114=DIRECTION('ref_axis',(-8.88178419700124E-15,0.,1.));
#3115=DIRECTION('center_axis',(7.56205848746152E-32,1.,-1.99776714762799E-16));
#3116=DIRECTION('ref_axis',(0.707106781186549,-1.73472347597679E-16,-0.707106781186546));
#3117=DIRECTION('center_axis',(-1.,2.77253956250644E-31,1.00929365875014E-15));
#3118=DIRECTION('ref_axis',(0.,-0.707106781186544,0.707106781186551));
#3119=DIRECTION('center_axis',(1.,0.,0.));
#3120=DIRECTION('ref_axis',(0.,0.,1.));
#3121=DIRECTION('',(-1.,2.77253956250644E-31,1.00929365875014E-15));
#3122=DIRECTION('center_axis',(7.56205848746152E-32,1.,-1.99776714762799E-16));
#3123=DIRECTION('ref_axis',(0.,0.,1.));
#3124=DIRECTION('center_axis',(-4.44089209850064E-15,0.,-1.));
#3125=DIRECTION('ref_axis',(1.,0.,-4.44089209850064E-15));
#3126=DIRECTION('center_axis',(7.56205848746152E-32,1.,-1.99776714762799E-16));
#3127=DIRECTION('ref_axis',(-0.707106781186548,-1.73472347597681E-16,-0.707106781186548));
#3128=DIRECTION('center_axis',(-8.6331435862563E-65,1.99776714762799E-16,
1.));
#3129=DIRECTION('ref_axis',(0.707106781186546,-0.707106781186549,0.));
#3130=DIRECTION('center_axis',(0.,0.,-1.));
#3131=DIRECTION('ref_axis',(1.,2.22044604925032E-15,0.));
#3132=DIRECTION('',(-8.6331435862563E-65,1.99776714762799E-16,1.));
#3133=DIRECTION('center_axis',(7.56205848746152E-32,1.,-1.99776714762799E-16));
#3134=DIRECTION('ref_axis',(0.,0.,1.));
#3135=DIRECTION('center_axis',(-1.,0.,0.));
#3136=DIRECTION('ref_axis',(0.,0.,-1.));
#3137=DIRECTION('center_axis',(7.56205848746152E-32,1.,-1.99776714762799E-16));
#3138=DIRECTION('ref_axis',(-0.70710678118655,1.73472347597679E-16,0.707106781186545));
#3139=DIRECTION('center_axis',(1.,-7.56205848746152E-32,0.));
#3140=DIRECTION('ref_axis',(0.,-0.707106781186549,-0.707106781186546));
#3141=DIRECTION('center_axis',(-1.,0.,0.));
#3142=DIRECTION('ref_axis',(0.,0.,-1.));
#3143=DIRECTION('',(1.,-7.56205848746152E-32,0.));
#3144=DIRECTION('center_axis',(7.56205848746152E-32,1.,-1.99776714762799E-16));
#3145=DIRECTION('ref_axis',(0.,0.,1.));
#3146=DIRECTION('center_axis',(7.56205848746152E-32,1.,-1.99776714762799E-16));
#3147=DIRECTION('ref_axis',(0.707106781186548,1.7347234759768E-16,0.707106781186548));
#3148=DIRECTION('center_axis',(0.,1.,0.));
#3149=DIRECTION('ref_axis',(-1.,0.,4.16333634234436E-15));
#3150=DIRECTION('',(0.,1.,0.));
#3151=DIRECTION('center_axis',(-7.56205848746152E-32,-1.,1.99776714762799E-16));
#3152=DIRECTION('ref_axis',(-1.,0.,4.16333634234436E-15));
#3153=DIRECTION('',(0.,1.,0.));
#3154=DIRECTION('center_axis',(-1.00929365875014E-15,0.,-1.));
#3155=DIRECTION('ref_axis',(-1.,-1.33901772750774E-32,1.00929365875014E-15));
#3156=DIRECTION('',(0.,1.,0.));
#3157=DIRECTION('',(1.,-2.77253956250644E-31,-1.00929365875014E-15));
#3158=DIRECTION('center_axis',(0.,1.,0.));
#3159=DIRECTION('ref_axis',(1.11022302462514E-14,0.,-1.));
#3160=DIRECTION('',(0.,1.,0.));
#3161=DIRECTION('center_axis',(-7.56205848746152E-32,-1.,1.99776714762799E-16));
#3162=DIRECTION('ref_axis',(1.11022302462514E-14,0.,-1.));
#3163=DIRECTION('center_axis',(1.,0.,4.00080369234291E-16));
#3164=DIRECTION('ref_axis',(4.00080369234291E-16,-6.44737064260142E-33,
-1.));
#3165=DIRECTION('',(0.,1.,0.));
#3166=DIRECTION('',(-4.00080369234291E-16,1.99776714762799E-16,1.));
#3167=DIRECTION('center_axis',(8.6331435862563E-65,-1.99776714762799E-16,
-1.));
#3168=DIRECTION('ref_axis',(-0.707106781186546,-0.707106781186549,3.92523114670944E-16));
#3169=DIRECTION('center_axis',(0.,-5.55111512312578E-16,-1.));
#3170=DIRECTION('ref_axis',(0.,-1.,5.55111512312578E-16));
#3171=DIRECTION('',(8.6331435862563E-65,-1.99776714762799E-16,-1.));
#3172=DIRECTION('center_axis',(-5.5511151231258E-16,0.,1.));
#3173=DIRECTION('ref_axis',(-1.,0.,-5.5511151231258E-16));
#3174=DIRECTION('center_axis',(7.56205848746152E-32,1.,-1.99776714762799E-16));
#3175=DIRECTION('ref_axis',(0.,0.,1.));
#3176=DIRECTION('center_axis',(1.,0.,0.));
#3177=DIRECTION('ref_axis',(0.,0.,1.));
#3178=DIRECTION('center_axis',(7.56205848746152E-32,1.,-1.99776714762799E-16));
#3179=DIRECTION('ref_axis',(0.707106781186544,-1.73472347597682E-16,-0.70710678118655));
#3180=DIRECTION('center_axis',(-1.,7.11125216934438E-32,-2.25655086305926E-17));
#3181=DIRECTION('ref_axis',(0.,-0.707106781186549,0.707106781186546));
#3182=DIRECTION('center_axis',(1.,0.,8.88178419700126E-15));
#3183=DIRECTION('ref_axis',(-8.88178419700126E-15,0.,1.));
#3184=DIRECTION('',(-1.,7.11125216934438E-32,-2.25655086305926E-17));
#3185=DIRECTION('center_axis',(7.56205848746152E-32,1.,-1.99776714762799E-16));
#3186=DIRECTION('ref_axis',(0.,0.,1.));
#3187=DIRECTION('center_axis',(0.,0.,-1.));
#3188=DIRECTION('ref_axis',(1.,0.,0.));
#3189=DIRECTION('center_axis',(7.56205848746152E-32,1.,-1.99776714762799E-16));
#3190=DIRECTION('ref_axis',(-0.707106781186549,-1.7347234759768E-16,-0.707106781186546));
#3191=DIRECTION('center_axis',(-8.6331435862563E-65,1.99776714762799E-16,
1.));
#3192=DIRECTION('ref_axis',(0.707106781186546,-0.707106781186549,3.92523114670944E-16));
#3193=DIRECTION('center_axis',(5.5511151231258E-16,-5.55111512312578E-16,
-1.));
#3194=DIRECTION('ref_axis',(1.,0.,5.5511151231258E-16));
#3195=DIRECTION('',(-8.6331435862563E-65,1.99776714762799E-16,1.));
#3196=DIRECTION('center_axis',(7.56205848746152E-32,1.,-1.99776714762799E-16));
#3197=DIRECTION('ref_axis',(0.,0.,1.));
#3198=DIRECTION('center_axis',(-1.,0.,0.));
#3199=DIRECTION('ref_axis',(0.,0.,-1.));
#3200=DIRECTION('center_axis',(7.56205848746152E-32,1.,-1.99776714762799E-16));
#3201=DIRECTION('ref_axis',(-0.707106781186546,1.73472347597681E-16,0.707106781186549));
#3202=DIRECTION('center_axis',(1.,-7.56205848746152E-32,0.));
#3203=DIRECTION('ref_axis',(0.,-0.707106781186547,-0.707106781186548));
#3204=DIRECTION('center_axis',(-1.,0.,0.));
#3205=DIRECTION('ref_axis',(0.,0.,-1.));
#3206=DIRECTION('',(1.,-7.56205848746152E-32,0.));
#3207=DIRECTION('center_axis',(7.56205848746152E-32,1.,-1.99776714762799E-16));
#3208=DIRECTION('ref_axis',(0.,0.,1.));
#3209=DIRECTION('center_axis',(7.56205848746152E-32,1.,-1.99776714762799E-16));
#3210=DIRECTION('ref_axis',(0.707106781186553,1.73472347597681E-16,0.707106781186542));
#3211=DIRECTION('center_axis',(0.,1.,0.));
#3212=DIRECTION('ref_axis',(-1.,0.,0.));
#3213=DIRECTION('',(0.,1.,0.));
#3214=DIRECTION('center_axis',(-7.56205848746152E-32,-1.,1.99776714762799E-16));
#3215=DIRECTION('ref_axis',(-1.,0.,0.));
#3216=DIRECTION('',(0.,1.,0.));
#3217=DIRECTION('center_axis',(2.25655086305926E-17,0.,-1.));
#3218=DIRECTION('ref_axis',(-1.,-1.33901772750774E-32,-2.25655086305926E-17));
#3219=DIRECTION('',(0.,1.,0.));
#3220=DIRECTION('',(1.,-7.11125216934438E-32,2.25655086305926E-17));
#3221=DIRECTION('center_axis',(0.,1.,0.));
#3222=DIRECTION('ref_axis',(-5.55111512312581E-15,0.,-1.));
#3223=DIRECTION('',(0.,1.,0.));
#3224=DIRECTION('center_axis',(-7.56205848746152E-32,-1.,1.99776714762799E-16));
#3225=DIRECTION('ref_axis',(-5.55111512312581E-15,0.,-1.));
#3226=DIRECTION('center_axis',(1.,0.,8.6331435862563E-65));
#3227=DIRECTION('ref_axis',(8.6331435862563E-65,-6.44737064260142E-33,-1.));
#3228=DIRECTION('',(0.,1.,0.));
#3229=DIRECTION('',(-8.6331435862563E-65,1.99776714762799E-16,1.));
#3230=DIRECTION('center_axis',(1.,0.,0.));
#3231=DIRECTION('ref_axis',(0.,0.,1.));
#3232=DIRECTION('center_axis',(1.,0.,0.));
#3233=DIRECTION('ref_axis',(1.12285490316827E-14,0.,1.));
#3234=DIRECTION('center_axis',(-1.,0.,0.));
#3235=DIRECTION('ref_axis',(1.14138757412069E-14,0.232083320018717,0.972695909608491));
#3236=DIRECTION('',(0.,1.,-3.89551938464967E-16));
#3237=DIRECTION('',(0.,0.,1.));
#3238=DIRECTION('',(0.,-1.,0.));
#3239=DIRECTION('',(0.,3.25723716780891E-16,1.));
#3240=DIRECTION('center_axis',(0.,0.,1.));
#3241=DIRECTION('ref_axis',(-1.,0.,0.));
#3242=DIRECTION('',(-1.,2.19674523558433E-17,0.));
#3243=DIRECTION('',(-1.,0.,0.));
#3244=DIRECTION('',(0.,-1.,0.));
#3245=DIRECTION('center_axis',(-1.,0.,0.));
#3246=DIRECTION('ref_axis',(0.,0.,-1.));
#3247=DIRECTION('',(0.,-1.,3.89551938464967E-16));
#3248=DIRECTION('center_axis',(1.,0.,0.));
#3249=DIRECTION('ref_axis',(1.14138757412069E-14,0.232083320018717,0.972695909608491));
#3250=DIRECTION('center_axis',(-1.,0.,0.));
#3251=DIRECTION('ref_axis',(1.12285490316827E-14,0.,1.));
#3252=DIRECTION('',(0.,-3.25723716780891E-16,-1.));
#3253=DIRECTION('',(0.,-1.,0.));
#3254=DIRECTION('',(0.,0.,-1.));
#3255=DIRECTION('center_axis',(0.,0.,1.));
#3256=DIRECTION('ref_axis',(-1.,0.,0.));
#3257=DIRECTION('',(-1.,2.19674523558433E-17,0.));
#3258=DIRECTION('',(0.,1.,0.));
#3259=DIRECTION('',(-1.,0.,0.));
#3260=DIRECTION('center_axis',(1.,-1.72453738820157E-16,-1.12285490316827E-14));
#3261=DIRECTION('ref_axis',(1.12285490316827E-14,0.,1.));
#3262=DIRECTION('',(-1.,1.72453738820157E-16,1.12285490316827E-14));
#3263=DIRECTION('center_axis',(0.999999999999999,-9.72106084919549E-17,
-3.96162628685152E-8));
#3264=DIRECTION('ref_axis',(3.84720825905718E-8,0.238598021978023,0.971118419096339));
#3265=DIRECTION('',(1.,-1.75027821807964E-16,-1.12336038360384E-14));
#3266=DIRECTION('center_axis',(1.,0.,0.));
#3267=DIRECTION('ref_axis',(0.,-1.,0.));
#3268=DIRECTION('',(0.,0.,-1.));
#3269=DIRECTION('',(0.,-1.,3.89551938464967E-16));
#3270=DIRECTION('center_axis',(1.,0.,0.));
#3271=DIRECTION('ref_axis',(1.14138757412069E-14,0.232083320018717,0.972695909608491));
#3272=DIRECTION('',(0.,3.25723716780891E-16,1.));
#3273=DIRECTION('center_axis',(-1.,0.,0.));
#3274=DIRECTION('ref_axis',(0.,1.,0.));
#3275=DIRECTION('',(0.,-3.25723716780891E-16,-1.));
#3276=DIRECTION('center_axis',(-1.,0.,0.));
#3277=DIRECTION('ref_axis',(1.14138757412069E-14,0.232083320018717,0.972695909608491));
#3278=DIRECTION('',(0.,1.,-3.89551938464967E-16));
#3279=DIRECTION('',(0.,0.,-1.));
#3280=DIRECTION('center_axis',(0.,-0.42863915815615,-0.903475772832447));
#3281=DIRECTION('ref_axis',(0.,-0.903475772832447,0.42863915815615));
#3282=DIRECTION('',(0.,0.903475772832447,-0.42863915815615));
#3283=DIRECTION('',(-1.,-2.6759182667531E-13,1.27006212524084E-13));
#3284=DIRECTION('',(0.,-0.903475772832447,0.42863915815615));
#3285=DIRECTION('',(-1.,0.,0.));
#3286=DIRECTION('center_axis',(-1.,0.,0.));
#3287=DIRECTION('ref_axis',(0.,-0.428639158156151,-0.903475772832446));
#3288=DIRECTION('center_axis',(1.,0.,0.));
#3289=DIRECTION('ref_axis',(0.,-0.428639158156151,-0.903475772832446));
#3290=DIRECTION('center_axis',(-1.,0.,0.));
#3291=DIRECTION('ref_axis',(0.,-0.428639158156151,-0.903475772832446));
#3292=DIRECTION('',(-1.,0.,0.));
#3293=DIRECTION('center_axis',(0.,0.451492962230228,-0.892274680273162));
#3294=DIRECTION('ref_axis',(0.,-0.892274680273162,-0.451492962230228));
#3295=DIRECTION('',(0.,-0.892274680273162,-0.451492962230228));
#3296=DIRECTION('',(0.,-0.892274680273162,-0.451492962230228));
#3297=DIRECTION('',(-1.,0.,0.));
#3298=DIRECTION('center_axis',(1.,0.,0.));
#3299=DIRECTION('ref_axis',(0.,1.,0.));
#3300=DIRECTION('',(0.,1.,-3.89551938464967E-16));
#3301=DIRECTION('center_axis',(1.,0.,0.));
#3302=DIRECTION('ref_axis',(-6.51518929431866E-14,-0.219686363139484,-0.975570551959492));
#3303=DIRECTION('',(0.,0.,-1.));
#3304=DIRECTION('center_axis',(1.,0.,0.));
#3305=DIRECTION('ref_axis',(-1.2326985751206E-13,0.232083303715322,-0.972695913498449));
#3306=DIRECTION('center_axis',(1.,0.,0.));
#3307=DIRECTION('ref_axis',(0.,1.,0.));
#3308=DIRECTION('',(0.,-1.,3.89551938464967E-16));
#3309=DIRECTION('center_axis',(-1.,0.,0.));
#3310=DIRECTION('ref_axis',(-1.2326985751206E-13,0.232083303715322,-0.972695913498449));
#3311=DIRECTION('',(0.,0.,-1.));
#3312=DIRECTION('center_axis',(-1.,0.,0.));
#3313=DIRECTION('ref_axis',(-6.51518929431866E-14,-0.219686363139484,-0.975570551959492));
#3314=DIRECTION('center_axis',(1.,2.6759182667531E-13,-1.27006212524084E-13));
#3315=DIRECTION('ref_axis',(-6.51518929431866E-14,-0.219686363139484,-0.975570551959492));
#3316=DIRECTION('',(-1.,-2.6759182667531E-13,1.27006212524084E-13));
#3317=DIRECTION('center_axis',(1.,0.,0.));
#3318=DIRECTION('ref_axis',(-6.51518929431866E-14,-0.219686363139484,-0.975570551959492));
#3319=DIRECTION('',(1.,2.6759182667531E-13,-1.27006212524084E-13));
#3320=DIRECTION('center_axis',(1.,2.6759182667531E-13,-1.27006212524084E-13));
#3321=DIRECTION('ref_axis',(-6.51518929431866E-14,-0.219686363139484,-0.975570551959492));
#3322=DIRECTION('',(1.,2.6759182667531E-13,-1.27006212524084E-13));
#3323=DIRECTION('center_axis',(-1.,-2.66771745138099E-13,1.26565424807297E-13));
#3324=DIRECTION('ref_axis',(-1.26565424807297E-13,-3.81639164714986E-16,
-1.));
#3325=DIRECTION('',(-1.,-2.6759182667531E-13,1.27006212524084E-13));
#3326=DIRECTION('center_axis',(-1.27006212524084E-13,-3.89551938464967E-16,
-1.));
#3327=DIRECTION('ref_axis',(-1.,3.31021196114382E-18,1.27006212524084E-13));
#3328=DIRECTION('',(0.,1.,-3.89551938464967E-16));
#3329=DIRECTION('',(-1.,1.10870816837731E-17,1.27006212524084E-13));
#3330=DIRECTION('center_axis',(-1.27006212524084E-13,-3.89551938464967E-16,
-1.));
#3331=DIRECTION('ref_axis',(-1.,3.31021196114382E-18,1.27006212524084E-13));
#3332=DIRECTION('',(-1.,1.10870816837731E-17,1.27006212524084E-13));
#3333=DIRECTION('',(0.,1.,-3.89551938464967E-16));
#3334=DIRECTION('center_axis',(-1.,1.10870816837731E-17,1.27006212524084E-13));
#3335=DIRECTION('ref_axis',(-1.2326985751206E-13,0.232083303715322,-0.972695913498449));
#3336=DIRECTION('',(-1.,1.10870816837731E-17,1.27006212524084E-13));
#3337=DIRECTION('center_axis',(-1.,-6.90209115789315E-16,1.26565424807268E-13));
#3338=DIRECTION('ref_axis',(-1.13242748511788E-13,0.451492962230225,-0.892274680273164));
#3339=DIRECTION('center_axis',(-1.,1.10870816837731E-17,1.27006212524084E-13));
#3340=DIRECTION('ref_axis',(-1.2326985751206E-13,0.232083303715322,-0.972695913498449));
#3341=DIRECTION('center_axis',(1.,0.,0.));
#3342=DIRECTION('ref_axis',(-1.2326985751206E-13,0.232083303715322,-0.972695913498449));
#3343=DIRECTION('',(-1.,1.10870816837731E-17,1.27006212524084E-13));
#3344=DIRECTION('center_axis',(0.,0.451492962230228,-0.892274680273162));
#3345=DIRECTION('ref_axis',(0.,0.892274680273162,0.451492962230228));
#3346=DIRECTION('',(0.,-0.892274680273162,-0.451492962230228));
#3347=DIRECTION('',(1.,0.,0.));
#3348=DIRECTION('',(0.,0.892274680273162,0.451492962230228));
#3349=DIRECTION('',(1.,0.,0.));
#3350=DIRECTION('center_axis',(1.,0.,0.));
#3351=DIRECTION('ref_axis',(0.,-0.428639158156151,-0.903475772832446));
#3352=DIRECTION('center_axis',(1.,0.,0.));
#3353=DIRECTION('ref_axis',(0.,-0.428639158156151,-0.903475772832446));
#3354=DIRECTION('center_axis',(1.,0.,0.));
#3355=DIRECTION('ref_axis',(0.,-0.428639158156151,-0.903475772832446));
#3356=DIRECTION('',(1.,0.,0.));
#3357=DIRECTION('center_axis',(0.,-0.42863915815615,-0.903475772832447));
#3358=DIRECTION('ref_axis',(0.,0.903475772832447,-0.42863915815615));
#3359=DIRECTION('',(0.,0.903475772832447,-0.42863915815615));
#3360=DIRECTION('',(0.,0.903475772832447,-0.42863915815615));
#3361=DIRECTION('',(-1.,-2.6759182667531E-13,1.27006212524084E-13));
#3362=DIRECTION('center_axis',(1.,0.,0.));
#3363=DIRECTION('ref_axis',(0.,1.,0.));
#3364=DIRECTION('',(0.,0.,1.));
#3365=DIRECTION('center_axis',(1.,0.,0.));
#3366=DIRECTION('ref_axis',(0.,1.,0.));
#3367=DIRECTION('',(0.,1.,-3.89551938464967E-16));
#3368=DIRECTION('',(0.,1.,-3.89551938464967E-16));
#3369=DIRECTION('center_axis',(1.,-3.11931194893892E-8,-1.27675623748605E-13));
#3370=DIRECTION('ref_axis',(-1.27675623761592E-13,-4.16333555744322E-16,
-1.));
#3371=DIRECTION('',(0.,0.,-1.));
#3372=DIRECTION('center_axis',(-0.999999999999997,-1.97544067046595E-8,
7.8465375308312E-8));
#3373=DIRECTION('ref_axis',(-7.8465375308312E-8,-3.81639164714898E-16,-0.999999999999997));
#3374=DIRECTION('center_axis',(0.,-1.,0.));
#3375=DIRECTION('ref_axis',(-1.,0.,0.));
#3376=DIRECTION('',(1.,0.,-1.12285490316827E-14));
#3377=DIRECTION('',(-1.,0.,1.12285490316827E-14));
#3378=DIRECTION('center_axis',(1.,-1.72453738820157E-16,-1.12285490316827E-14));
#3379=DIRECTION('ref_axis',(1.14138757412069E-14,0.232083320018717,0.972695909608491));
#3380=DIRECTION('',(1.,-1.7502782179599E-16,-1.12654270755964E-14));
#3381=DIRECTION('',(1.,-1.75027821807964E-16,-1.12336038360384E-14));
#3382=DIRECTION('center_axis',(1.,-1.72453738820157E-16,-1.12285490316827E-14));
#3383=DIRECTION('ref_axis',(1.14138757412069E-14,0.232083320018717,0.972695909608491));
#3384=DIRECTION('center_axis',(-1.,2.64897017630025E-15,1.11022302462516E-14));
#3385=DIRECTION('ref_axis',(1.11022302462516E-14,4.16333634234434E-16,1.));
#3386=DIRECTION('',(1.,-1.7502782179599E-16,-1.12654270755964E-14));
#3387=DIRECTION('center_axis',(1.,-1.72453738820157E-16,-1.12285490316827E-14));
#3388=DIRECTION('ref_axis',(1.12285490316827E-14,0.,1.));
#3389=DIRECTION('center_axis',(1.,-9.7210591767152E-17,1.17303296166672E-8));
#3390=DIRECTION('ref_axis',(-1.13915391296224E-8,0.238598021978083,0.971118419096325));
#3391=DIRECTION('',(-1.,1.72453738820157E-16,1.12285490316827E-14));
#3392=DIRECTION('center_axis',(2.19674523558433E-17,1.,-3.25723716780891E-16));
#3393=DIRECTION('ref_axis',(0.,3.25723716780891E-16,1.));
#3394=DIRECTION('',(1.,-1.72453738820157E-16,-1.12285490316827E-14));
#3395=DIRECTION('',(-4.41330887106467E-16,-1.36911285162795E-16,-1.));
#3396=DIRECTION('',(1.,-1.72453738820157E-16,-1.12285490316827E-14));
#3397=DIRECTION('',(1.,-1.10870816837731E-17,-1.27006212524084E-13));
#3398=DIRECTION('',(4.41330887106467E-16,1.36911285162795E-16,1.));
#3399=DIRECTION('center_axis',(1.,-1.72453738820157E-16,-1.12285490316827E-14));
#3400=DIRECTION('ref_axis',(1.14138757412069E-14,0.232083320018717,0.972695909608491));
#3401=DIRECTION('center_axis',(-1.,2.15826894764657E-9,-2.34875929816525E-8));
#3402=DIRECTION('ref_axis',(-2.34875929816525E-8,5.55111512312578E-16,1.));
#3403=DIRECTION('',(1.,-1.72453738820157E-16,-1.12285490316827E-14));
#3404=DIRECTION('center_axis',(1.,-1.72453738820157E-16,-1.12285490316827E-14));
#3405=DIRECTION('ref_axis',(1.14138757412069E-14,0.232083320018717,0.972695909608491));
#3406=DIRECTION('',(1.,-1.72453738820157E-16,-1.12285490316827E-14));
#3407=DIRECTION('center_axis',(-1.,2.64897017630025E-15,1.11022302462516E-14));
#3408=DIRECTION('ref_axis',(1.11022302462516E-14,4.16333634234434E-16,1.));
#3409=DIRECTION('center_axis',(1.12285490316827E-14,3.89551938464967E-16,
1.));
#3410=DIRECTION('ref_axis',(1.,-2.10535294344054E-16,-1.12285490316827E-14));
#3411=DIRECTION('',(0.,1.,-3.89551938464967E-16));
#3412=DIRECTION('',(-1.,2.35354225400236E-14,1.12285490316827E-14));
#3413=DIRECTION('',(0.,1.,-3.89551938464967E-16));
#3414=DIRECTION('center_axis',(0.,1.,0.));
#3415=DIRECTION('ref_axis',(1.,0.,5.55111512312575E-15));
#3416=DIRECTION('',(0.,1.,0.));
#3417=DIRECTION('center_axis',(-7.56205848746152E-32,-1.,1.99776714762799E-16));
#3418=DIRECTION('ref_axis',(1.,0.,5.55111512312575E-15));
#3419=DIRECTION('center_axis',(0.,0.,1.));
#3420=DIRECTION('ref_axis',(1.,1.33901772750774E-32,0.));
#3421=DIRECTION('',(0.,1.,0.));
#3422=DIRECTION('',(-1.,7.56205848746152E-32,0.));
#3423=DIRECTION('center_axis',(0.,1.,0.));
#3424=DIRECTION('ref_axis',(-5.55111512312575E-15,0.,1.));
#3425=DIRECTION('',(0.,1.,0.));
#3426=DIRECTION('center_axis',(-7.56205848746152E-32,-1.,1.99776714762799E-16));
#3427=DIRECTION('ref_axis',(-5.55111512312575E-15,0.,1.));
#3428=DIRECTION('center_axis',(-1.,0.,-8.6331435862563E-65));
#3429=DIRECTION('ref_axis',(-8.6331435862563E-65,6.44737064260142E-33,1.));
#3430=DIRECTION('',(8.6331435862563E-65,-1.99776714762799E-16,-1.));
#3431=DIRECTION('center_axis',(1.,0.,8.6331435862563E-65));
#3432=DIRECTION('ref_axis',(8.6331435862563E-65,-6.44737064260142E-33,-1.));
#3433=DIRECTION('',(0.,1.,0.));
#3434=DIRECTION('',(-8.6331435862563E-65,1.99776714762799E-16,1.));
#3435=DIRECTION('',(0.,1.,0.));
#3436=DIRECTION('center_axis',(0.,0.,1.));
#3437=DIRECTION('ref_axis',(1.,1.33901772750774E-32,0.));
#3438=DIRECTION('',(0.,1.,0.));
#3439=DIRECTION('',(-1.,7.56205848746152E-32,0.));
#3440=DIRECTION('center_axis',(-1.,0.,-8.6331435862563E-65));
#3441=DIRECTION('ref_axis',(-8.6331435862563E-65,6.44737064260142E-33,1.));
#3442=DIRECTION('',(0.,1.,0.));
#3443=DIRECTION('',(8.6331435862563E-65,-1.99776714762799E-16,-1.));
#3444=DIRECTION('center_axis',(0.,0.,-1.));
#3445=DIRECTION('ref_axis',(-1.,-1.33901772750774E-32,0.));
#3446=DIRECTION('',(1.,-7.56205848746152E-32,0.));
#3447=DIRECTION('center_axis',(0.,1.,0.));
#3448=DIRECTION('ref_axis',(1.,0.,-4.16333634234436E-15));
#3449=DIRECTION('',(0.,1.,0.));
#3450=DIRECTION('center_axis',(-7.56205848746152E-32,-1.,1.99776714762799E-16));
#3451=DIRECTION('ref_axis',(1.,0.,-4.16333634234436E-15));
#3452=DIRECTION('center_axis',(0.,0.,1.));
#3453=DIRECTION('ref_axis',(1.,1.33901772750774E-32,0.));
#3454=DIRECTION('',(0.,1.,0.));
#3455=DIRECTION('',(-1.,7.56205848746152E-32,0.));
#3456=DIRECTION('center_axis',(0.,1.,0.));
#3457=DIRECTION('ref_axis',(-8.6331435862563E-65,0.,1.));
#3458=DIRECTION('',(0.,1.,0.));
#3459=DIRECTION('center_axis',(-7.56205848746152E-32,-1.,1.99776714762799E-16));
#3460=DIRECTION('ref_axis',(-8.6331435862563E-65,0.,1.));
#3461=DIRECTION('center_axis',(-1.,0.,-8.6331435862563E-65));
#3462=DIRECTION('ref_axis',(-8.6331435862563E-65,6.44737064260142E-33,1.));
#3463=DIRECTION('',(8.6331435862563E-65,-1.99776714762799E-16,-1.));
#3464=DIRECTION('center_axis',(0.,1.,0.));
#3465=DIRECTION('ref_axis',(1.,0.,0.));
#3466=DIRECTION('center_axis',(0.,-1.,0.));
#3467=DIRECTION('ref_axis',(1.,0.,0.));
#3468=DIRECTION('center_axis',(0.,-1.,0.));
#3469=DIRECTION('ref_axis',(-1.,0.,8.55203007265451E-9));
#3470=DIRECTION('center_axis',(0.,-1.,0.));
#3471=DIRECTION('ref_axis',(0.325754750094105,0.,0.94545430497255));
#3472=DIRECTION('center_axis',(-7.56205848746152E-32,-1.,1.99776714762799E-16));
#3473=DIRECTION('ref_axis',(0.325754750094105,0.,0.94545430497255));
#3474=DIRECTION('',(0.,-1.,0.));
#3475=DIRECTION('',(0.,-1.,0.));
#3476=DIRECTION('center_axis',(0.817082281996815,0.,-0.576521070254052));
#3477=DIRECTION('ref_axis',(0.576521070254052,0.,0.817082281996815));
#3478=DIRECTION('',(0.,-1.,0.));
#3479=DIRECTION('center_axis',(0.,-1.,0.));
#3480=DIRECTION('ref_axis',(0.261362389747399,0.,-0.965240747806229));
#3481=DIRECTION('center_axis',(7.56205848746152E-32,1.,-1.99776714762799E-16));
#3482=DIRECTION('ref_axis',(0.261362389747399,0.,-0.965240747806229));
#3483=DIRECTION('',(0.,-1.,0.));
#3484=DIRECTION('',(0.,-1.,0.));
#3485=DIRECTION('center_axis',(-0.817082281996816,0.,0.576521070254051));
#3486=DIRECTION('ref_axis',(-0.576521070254051,0.,-0.817082281996816));
#3487=DIRECTION('',(0.,-1.,0.));
#3488=DIRECTION('center_axis',(0.,-1.,0.));
#3489=DIRECTION('ref_axis',(-0.817082281996816,0.,0.576521070254051));
#3490=DIRECTION('center_axis',(-7.56205848746152E-32,-1.,1.99776714762799E-16));
#3491=DIRECTION('ref_axis',(-0.817082281996816,0.,0.576521070254051));
#3492=DIRECTION('center_axis',(7.56205848746152E-32,1.,-1.99776714762799E-16));
#3493=DIRECTION('ref_axis',(0.,1.99776714762799E-16,1.));
#3494=DIRECTION('',(1.,-8.81187116766161E-32,-6.25604781660382E-17));
#3495=DIRECTION('center_axis',(-7.56205848746152E-32,-1.,1.99776714762799E-16));
#3496=DIRECTION('ref_axis',(1.66058178102903E-8,0.,-1.));
#3497=DIRECTION('',(1.,-8.81187116766161E-32,-6.25604781660382E-17));
#3498=DIRECTION('',(-4.41330887106467E-16,-1.99776714762799E-16,-1.));
#3499=DIRECTION('',(-1.,8.59517677186753E-32,5.1713648691874E-17));
#3500=DIRECTION('',(3.59154160209719E-8,-0.903475831518928,-0.428639034458109));
#3501=DIRECTION('center_axis',(1.,1.88683350358755E-8,-1.11022302531273E-14));
#3502=DIRECTION('ref_axis',(1.11022302462537E-14,3.642919299552E-16,1.));
#3503=DIRECTION('',(3.59154160209719E-8,-0.903475831518928,-0.428639034458109));
#3504=DIRECTION('',(1.12854664011368E-7,-0.9034757758834,0.428639151725406));
#3505=DIRECTION('center_axis',(-1.,0.,8.94423090036685E-9));
#3506=DIRECTION('ref_axis',(-8.08089595238927E-9,-0.42863915172541,-0.903475775883405));
#3507=DIRECTION('center_axis',(1.,0.,0.));
#3508=DIRECTION('ref_axis',(0.,-0.428639034458108,0.903475831518929));
#3509=DIRECTION('center_axis',(-1.,0.,1.54571403954985E-8));
#3510=DIRECTION('ref_axis',(-1.54571403954985E-8,0.,-1.));
#3511=DIRECTION('',(-6.6255337346099E-9,-0.903475831518929,-0.428639034458109));
#3512=DIRECTION('center_axis',(1.,0.,-1.54571403954985E-8));
#3513=DIRECTION('ref_axis',(1.50795310975397E-8,-0.219686331483175,0.975570559088098));
#3514=DIRECTION('',(0.,-1.,0.));
#3515=DIRECTION('',(0.,-1.,0.));
#3516=DIRECTION('center_axis',(0.,-1.,0.));
#3517=DIRECTION('ref_axis',(1.66058178102903E-8,0.,-1.));
#3518=DIRECTION('center_axis',(5.65218800312831E-17,-0.428639034458109,
0.903475831518929));
#3519=DIRECTION('ref_axis',(7.11790171259009E-9,-0.903475831518929,-0.428639034458109));
#3520=DIRECTION('center_axis',(5.65218800312831E-17,-0.428639034458109,
0.903475831518929));
#3521=DIRECTION('ref_axis',(7.11790171259009E-9,-0.903475831518929,-0.428639034458109));
#3522=DIRECTION('',(0.,-1.,0.));
#3523=DIRECTION('center_axis',(5.82365298650268E-15,0.,1.));
#3524=DIRECTION('ref_axis',(-1.,0.,5.82365298650268E-15));
#3525=DIRECTION('',(-1.,2.35354225400236E-14,1.12285490316827E-14));
#3526=DIRECTION('',(0.,-1.,0.));
#3527=DIRECTION('center_axis',(1.,0.,1.54571412729222E-8));
#3528=DIRECTION('ref_axis',(-1.54571412729222E-8,0.,1.));
#3529=DIRECTION('',(-6.62553411070797E-9,0.903475831518929,0.428639034458109));
#3530=DIRECTION('center_axis',(-1.,0.,-1.54571412729222E-8));
#3531=DIRECTION('ref_axis',(-1.50795319535285E-8,-0.219686331483175,0.975570559088098));
#3532=DIRECTION('center_axis',(7.56205848746152E-32,1.,-1.99776714762799E-16));
#3533=DIRECTION('ref_axis',(0.,1.99776714762799E-16,1.));
#3534=DIRECTION('center_axis',(7.56205848746152E-32,1.,-1.99776714762799E-16));
#3535=DIRECTION('ref_axis',(0.,1.99776714762799E-16,1.));
#3536=DIRECTION('',(1.,-8.81187116766161E-32,-6.25604781660382E-17));
#3537=DIRECTION('center_axis',(5.65218800312831E-17,-0.428639034458109,
0.903475831518929));
#3538=DIRECTION('ref_axis',(1.,0.,-6.25604781660381E-17));
#3539=DIRECTION('',(1.,-2.35400522009516E-14,-1.12070989044457E-14));
#3540=DIRECTION('',(0.393971778162093,-0.830404998379185,-0.393971796806148));
#3541=DIRECTION('center_axis',(5.65218800312831E-17,-0.428639034458109,
0.903475831518929));
#3542=DIRECTION('ref_axis',(1.,0.,-6.25604781660381E-17));
#3543=DIRECTION('',(1.,-2.35400522009516E-14,-1.12070989044457E-14));
#3544=DIRECTION('center_axis',(-1.,2.35354225400236E-14,1.12285490316827E-14));
#3545=DIRECTION('ref_axis',(5.6901216128484E-15,-0.219686331483175,0.975570559088098));
#3546=DIRECTION('',(-1.,2.35360948811605E-14,1.12070988992764E-14));
#3547=DIRECTION('center_axis',(-1.,2.34010341968214E-14,1.11022302462516E-14));
#3548=DIRECTION('ref_axis',(0.,-0.428639034458109,0.903475831518929));
#3549=DIRECTION('center_axis',(5.65218800312831E-17,-0.428639034458109,
0.903475831518929));
#3550=DIRECTION('ref_axis',(1.,0.,-6.25604781660381E-17));
#3551=DIRECTION('',(-1.,9.34020956881112E-32,6.25604781660382E-17));
#3552=DIRECTION('',(0.393971778162093,-0.830404998379185,-0.393971796806148));
#3553=DIRECTION('center_axis',(-5.65218800312831E-17,0.428639034458109,
-0.903475831518929));
#3554=DIRECTION('ref_axis',(-3.04269391095742E-8,0.903475831518928,0.428639034458109));
#3555=DIRECTION('',(1.,-2.35354225400236E-14,-1.12285490316827E-14));
#3556=DIRECTION('center_axis',(-1.,8.81187116766161E-32,6.25604781660382E-17));
#3557=DIRECTION('ref_axis',(0.,-0.845174252582895,0.534490863131396));
#3558=DIRECTION('center_axis',(1.,0.,-3.02769426444031E-8));
#3559=DIRECTION('ref_axis',(2.73544860836713E-8,-0.428639023864675,0.903475836544807));
#3560=DIRECTION('center_axis',(-2.66041069334061E-8,2.31317501556267E-16,
1.));
#3561=DIRECTION('ref_axis',(0.970684405165481,0.240357620159079,2.58241916580132E-8));
#3562=DIRECTION('center_axis',(-0.0772836559899198,3.2644724961766E-16,
0.997009145653555));
#3563=DIRECTION('ref_axis',(0.964113845516229,0.254753523853509,0.0747337605646057));
#3564=DIRECTION('center_axis',(-0.996980916978717,4.71925888437421E-17,
0.0776469650422795));
#3565=DIRECTION('ref_axis',(0.0751163182351088,0.253221615365731,0.964487611245666));
#3566=DIRECTION('center_axis',(-0.999999999999999,1.65272787768899E-17,
3.60953217923434E-8));
#3567=DIRECTION('ref_axis',(-3.50528318522762E-8,0.238598019670357,-0.971118419663319));
#3568=DIRECTION('center_axis',(-0.996980918891469,-3.39031921525248E-18,
-0.0776469404826878));
#3569=DIRECTION('ref_axis',(0.0751162950450801,0.253221587363562,-0.964487620403589));
#3570=DIRECTION('center_axis',(0.0772836714775,3.2305179882471E-16,0.997009144453028));
#3571=DIRECTION('ref_axis',(0.964113839759906,0.254753541349306,-0.0747337751849739));
#3572=DIRECTION('center_axis',(3.99061579194377E-8,2.31317500095206E-16,
0.999999999999999));
#3573=DIRECTION('ref_axis',(0.970684405165481,0.240357620159075,-3.87362852180681E-8));
#3574=DIRECTION('center_axis',(-4.41330887106467E-16,-1.36911285162795E-16,
-1.));
#3575=DIRECTION('ref_axis',(0.,-1.,1.36911285162795E-16));
#3576=DIRECTION('',(-4.57782367471937E-16,-1.4305698983498E-16,-1.));
#3577=DIRECTION('center_axis',(-1.,1.10870816837731E-17,1.27006212524084E-13));
#3578=DIRECTION('ref_axis',(-1.27006212524084E-13,0.,-1.));
#3579=DIRECTION('',(-1.,7.95581001367408E-18,1.27006551058293E-13));
#3580=DIRECTION('center_axis',(1.,-1.65272584172741E-17,2.6410460484284E-8));
#3581=DIRECTION('ref_axis',(2.56476847519968E-8,0.238598004263264,-0.97111842344875));
#3582=DIRECTION('center_axis',(-4.41330887106467E-16,-1.36911285162795E-16,
-1.));
#3583=DIRECTION('ref_axis',(0.972308339348697,0.233701718506686,-4.28190952793139E-16));
#3584=DIRECTION('center_axis',(-2.77555756156289E-16,-6.67126410111833E-17,
-1.));
#3585=DIRECTION('ref_axis',(0.890767013534044,0.454460259648345,-2.7755575615629E-16));
#3586=DIRECTION('',(-4.57782367471937E-16,-1.14445591867984E-16,-1.));
#3587=DIRECTION('center_axis',(1.,2.6759182667531E-13,-1.27006212524084E-13));
#3588=DIRECTION('ref_axis',(-6.51518929431866E-14,-0.219686363139484,-0.975570551959491));
#3589=DIRECTION('',(-1.,-2.67593228192432E-13,1.27013786632125E-13));
#3590=DIRECTION('center_axis',(-1.,-2.66771745138099E-13,1.26565424807297E-13));
#3591=DIRECTION('ref_axis',(-1.26565424807297E-13,-3.81639164714986E-16,
-1.));
#3592=DIRECTION('',(1.,2.67591249293175E-13,-1.27013786515927E-13));
#3593=DIRECTION('center_axis',(5.65218800312831E-17,-0.428639034458109,
0.903475831518929));
#3594=DIRECTION('ref_axis',(1.,0.,-6.25604781660381E-17));
#3595=DIRECTION('center_axis',(-4.67220303142069E-17,-0.428639093091918,
-0.903475803701094));
#3596=DIRECTION('ref_axis',(-1.,0.,5.1713648691874E-17));
#3597=DIRECTION('',(0.393971783665019,-0.830404970679825,0.393971849687314));
#3598=DIRECTION('center_axis',(-1.,1.10870816837731E-17,1.27006212524084E-13));
#3599=DIRECTION('ref_axis',(-1.2326985751206E-13,0.232083303715322,-0.972695913498449));
#3600=DIRECTION('center_axis',(-1.,-6.90209115789315E-16,1.26565424807268E-13));
#3601=DIRECTION('ref_axis',(-1.13242748511788E-13,0.451492962230225,-0.892274680273164));
#3602=DIRECTION('center_axis',(1.,-3.11931194893892E-8,-1.27675623748605E-13));
#3603=DIRECTION('ref_axis',(-1.27675623761592E-13,-4.16333555744322E-16,
-1.));
#3604=DIRECTION('',(-1.,7.9558100102796E-18,1.27038374244145E-13));
#3605=DIRECTION('center_axis',(0.,1.,-3.89551938464967E-16));
#3606=DIRECTION('ref_axis',(7.09842963609882E-8,-3.89551938464966E-16,-0.999999999999997));
#3607=DIRECTION('',(0.,1.,-5.86432365512882E-16));
#3608=DIRECTION('',(0.,1.,-4.74354355876106E-16));
#3609=DIRECTION('center_axis',(1.,2.66453525910037E-15,-4.41330887106467E-16));
#3610=DIRECTION('ref_axis',(-4.41330887106467E-16,0.,-1.));
#3611=DIRECTION('',(2.80920955097561E-15,-1.,2.34100795914635E-16));
#3612=DIRECTION('',(0.,1.,-3.89551938464967E-16));
#3613=DIRECTION('center_axis',(0.,1.,-3.89551938464967E-16));
#3614=DIRECTION('ref_axis',(0.999999999999997,2.76523418514011E-23,7.09849935809982E-8));
#3615=DIRECTION('',(0.,1.,-5.86432358574237E-16));
#3616=DIRECTION('center_axis',(1.12285490316827E-14,3.89551938464967E-16,
1.));
#3617=DIRECTION('ref_axis',(1.,-2.10535294344054E-16,-1.12285490316827E-14));
#3618=DIRECTION('',(0.,1.,-3.89551938464967E-16));
#3619=DIRECTION('center_axis',(0.,1.,-3.89551938464967E-16));
#3620=DIRECTION('ref_axis',(-2.34740784374133E-8,3.89551938464967E-16,1.));
#3621=DIRECTION('',(0.,1.,-5.77510613488032E-16));
#3622=DIRECTION('center_axis',(-1.27006212524084E-13,-3.89551938464967E-16,
-1.));
#3623=DIRECTION('ref_axis',(-1.,3.31021196114382E-18,1.27006212524084E-13));
#3624=DIRECTION('',(2.80920955097561E-15,-1.,2.34100795914635E-16));
#3625=DIRECTION('center_axis',(1.48029736616687E-15,0.,1.));
#3626=DIRECTION('ref_axis',(0.,-1.,0.));
#3627=DIRECTION('center_axis',(-1.,0.,0.));
#3628=DIRECTION('ref_axis',(0.,-0.428639093091918,-0.903475803701094));
#3629=DIRECTION('center_axis',(1.,-8.59517677186753E-32,-5.1713648691874E-17));
#3630=DIRECTION('ref_axis',(0.,-0.845174269926599,-0.53449083570632));
#3631=DIRECTION('',(1.,-8.59517677186753E-32,-5.1713648691874E-17));
#3632=DIRECTION('center_axis',(-1.48029736616687E-15,0.,-1.));
#3633=DIRECTION('ref_axis',(1.,2.22044604925031E-15,-1.48029736616687E-15));
#3634=DIRECTION('center_axis',(4.41330887106467E-16,1.99776714762799E-16,
1.));
#3635=DIRECTION('ref_axis',(0.70710678118655,-0.707106781186545,-1.04672830578918E-15));
#3636=DIRECTION('',(4.41330887106467E-16,1.99776714762799E-16,1.));
#3637=DIRECTION('center_axis',(0.,1.,-3.89551938464967E-16));
#3638=DIRECTION('ref_axis',(-2.34740784374133E-8,3.89551938464967E-16,1.));
#3639=DIRECTION('center_axis',(0.,1.,-3.89551938464967E-16));
#3640=DIRECTION('ref_axis',(0.999999999999997,2.76523418514011E-23,7.09849935809982E-8));
#3641=DIRECTION('',(0.,1.,-3.89551938464967E-16));
#3642=DIRECTION('center_axis',(1.,2.66453525910037E-15,-4.41330887106467E-16));
#3643=DIRECTION('ref_axis',(-4.41330887106467E-16,0.,-1.));
#3644=DIRECTION('',(-4.41330887106467E-16,-1.36911285162795E-16,-1.));
#3645=DIRECTION('',(3.74561273463413E-15,-0.999999999999995,1.01958349687862E-7));
#3646=DIRECTION('',(0.,1.,-3.89551938464967E-16));
#3647=DIRECTION('center_axis',(0.,1.,-3.89551938464967E-16));
#3648=DIRECTION('ref_axis',(7.09842963609882E-8,-3.89551938464966E-16,-0.999999999999997));
#3649=DIRECTION('center_axis',(0.958707703839752,-0.284393281563226,-1.02080840047123E-7));
#3650=DIRECTION('ref_axis',(0.147338762087206,0.49668796041102,0.855331724636326));
#3651=DIRECTION('center_axis',(0.958707695193897,-0.284393310708956,6.80532380528852E-8));
#3652=DIRECTION('ref_axis',(7.0984345068581E-8,-6.93889390390723E-16,-0.999999999999998));
#3653=DIRECTION('',(0.393971783665019,-0.830404970679825,0.393971849687314));
#3654=DIRECTION('center_axis',(-4.67220303142069E-17,-0.428639093091918,
-0.903475803701094));
#3655=DIRECTION('ref_axis',(-1.,0.,5.1713648691874E-17));
#3656=DIRECTION('center_axis',(4.67220303142069E-17,0.428639093091918,0.903475803701094));
#3657=DIRECTION('ref_axis',(3.0426644415942E-8,0.903475803701094,-0.428639093091918));
#3658=DIRECTION('center_axis',(0.887865118434582,-0.415692656241883,0.197218526040819));
#3659=DIRECTION('ref_axis',(6.24670581927936E-8,-0.428639068901236,-0.903475815177959));
#3660=DIRECTION('center_axis',(-1.,2.34010341968214E-14,1.11022302462516E-14));
#3661=DIRECTION('ref_axis',(0.,-0.428639034458109,0.903475831518929));
#3662=DIRECTION('center_axis',(0.887865107820688,-0.415692678299248,-0.19721852733188));
#3663=DIRECTION('ref_axis',(0.216841575658695,3.98986399474665E-16,0.976206807528945));
#3664=DIRECTION('center_axis',(1.,1.88683350358755E-8,-1.11022302531273E-14));
#3665=DIRECTION('ref_axis',(1.11022302462537E-14,3.642919299552E-16,1.));
#3666=DIRECTION('center_axis',(-1.,2.35354225400236E-14,1.12285490316827E-14));
#3667=DIRECTION('ref_axis',(5.6901216128484E-15,-0.219686331483175,0.975570559088098));
#3668=DIRECTION('center_axis',(-6.81145861609568E-8,-0.281494413907407,
0.959562866590262));
#3669=DIRECTION('ref_axis',(0.999999999999998,0.,7.09850167535108E-8));
#3670=DIRECTION('center_axis',(-2.77555756156289E-16,-6.67126410111833E-17,
-1.));
#3671=DIRECTION('ref_axis',(0.890767013534044,0.454460259648345,-2.7755575615629E-16));
#3672=DIRECTION('center_axis',(-4.41330887106467E-16,-1.36911285162795E-16,
-1.));
#3673=DIRECTION('ref_axis',(0.972308339348697,0.233701718506686,-4.28190952793139E-16));
#3674=DIRECTION('center_axis',(2.77555756156289E-16,6.67126410111848E-17,
1.));
#3675=DIRECTION('ref_axis',(1.,2.63677968348474E-15,-2.77555756156289E-16));
#3676=DIRECTION('center_axis',(-1.02171866585773E-7,-0.281494376945261,
-0.95956287743336));
#3677=DIRECTION('ref_axis',(0.854259204230026,0.498826143372343,-0.14633417467071));
#3678=CARTESIAN_POINT('',(0.,0.,0.));
#3679=CARTESIAN_POINT('Origin',(-33.8,3.34,-9.40000000000004));
#3680=CARTESIAN_POINT('',(-35.25,3.09,-9.40000000000004));
#3681=CARTESIAN_POINT('Origin',(-33.8,3.09,-9.40000000000004));
#3682=CARTESIAN_POINT('',(-35.75,3.59,-9.40000000000004));
#3683=CARTESIAN_POINT('',(-35.5,3.34,-9.40000000000004));
#3684=CARTESIAN_POINT('Origin',(-33.8,3.59,-9.40000000000004));
#3685=CARTESIAN_POINT('Origin',(-33.8,3.59,-9.40000000000004));
#3686=CARTESIAN_POINT('',(-34.1507463535083,-8.49500002171717,-7.99306112588322));
#3687=CARTESIAN_POINT('',(-32.3568936119629,-8.49500001122901,-9.25877693934792));
#3688=CARTESIAN_POINT('Origin',(-33.8,-8.49500000000003,-9.40000000000004));
#3689=CARTESIAN_POINT('',(-35.25,-4.7365090666533,-9.40000002187667));
#3690=CARTESIAN_POINT('Ctrl Pts',(-35.25,-4.73650907649033,-9.40000003759827));
#3691=CARTESIAN_POINT('Ctrl Pts',(-35.2500000052882,-5.06245378116503,-9.19605661990685));
#3692=CARTESIAN_POINT('Ctrl Pts',(-35.207339549055,-5.414320848196,-9.01007354920139));
#3693=CARTESIAN_POINT('Ctrl Pts',(-34.9998491671002,-6.49869943642636,-8.50452689952962));
#3694=CARTESIAN_POINT('Ctrl Pts',(-34.7351575313178,-7.29265596269477,-8.23644898241279));
#3695=CARTESIAN_POINT('Ctrl Pts',(-34.3329719045124,-8.15332343951141,-8.04856209743176));
#3696=CARTESIAN_POINT('Ctrl Pts',(-34.2450736515947,-8.32686229750815,-8.01657668611755));
#3697=CARTESIAN_POINT('Ctrl Pts',(-34.1507463535081,-8.49500002171717,-7.99306112588333));
#3698=CARTESIAN_POINT('',(-35.25,3.59,-9.40000000000004));
#3699=CARTESIAN_POINT('Ctrl Pts',(-32.3568936119837,-8.49500001122901,-9.25877693932423));
#3700=CARTESIAN_POINT('Ctrl Pts',(-32.3252566864799,-7.93318719190636,-9.58206301649363));
#3701=CARTESIAN_POINT('Ctrl Pts',(-32.4029926502042,-7.23268609243045,-9.91549492391922));
#3702=CARTESIAN_POINT('Ctrl Pts',(-32.7418611352378,-5.94129003667424,-10.4292224899551));
#3703=CARTESIAN_POINT('Ctrl Pts',(-32.9573002304347,-5.38706838382107,-10.6130100737257));
#3704=CARTESIAN_POINT('Ctrl Pts',(-33.3538563912078,-4.65521733428257,-10.7880421446957));
#3705=CARTESIAN_POINT('Ctrl Pts',(-33.5206925715173,-4.39357503241378,-10.8355324703512));
#3706=CARTESIAN_POINT('Ctrl Pts',(-33.8145313582136,-4.04097136787363,-10.8536493895346));
#3707=CARTESIAN_POINT('Ctrl Pts',(-33.9305601350295,-3.92015985299656,-10.8496228331476));
#3708=CARTESIAN_POINT('Ctrl Pts',(-34.1324745116408,-3.75586050102722,-10.8135667925631));
#3709=CARTESIAN_POINT('Ctrl Pts',(-34.2149361598786,-3.69906174368596,-10.7923187495961));
#3710=CARTESIAN_POINT('Ctrl Pts',(-34.3651481945713,-3.62110198000355,-10.737129904149));
#3711=CARTESIAN_POINT('Ctrl Pts',(-34.4314027309887,-3.59491196524544,-10.7074871291306));
#3712=CARTESIAN_POINT('Ctrl Pts',(-34.5249104588451,-3.57246536044258,-10.6561764279316));
#3713=CARTESIAN_POINT('Ctrl Pts',(-34.5520320371829,-3.56771676780205,-10.6401440881246));
#3714=CARTESIAN_POINT('Ctrl Pts',(-34.5967426033152,-3.56301122936418,-10.6116732420896));
#3715=CARTESIAN_POINT('Ctrl Pts',(-34.6144351987896,-3.56199508844972,-10.5998540163563));
#3716=CARTESIAN_POINT('Ctrl Pts',(-34.6486670180847,-3.56172719855643,-10.5758757065434));
#3717=CARTESIAN_POINT('Ctrl Pts',(-34.6651679751014,-3.56240820078678,-10.5637875958106));
#3718=CARTESIAN_POINT('Ctrl Pts',(-34.7041408421827,-3.56598042091395,-10.5339534798154));
#3719=CARTESIAN_POINT('Ctrl Pts',(-34.72621941752,-3.56964063912851,-10.5159822696773));
#3720=CARTESIAN_POINT('Ctrl Pts',(-34.7960782404569,-3.58651258893172,-10.4556648173051));
#3721=CARTESIAN_POINT('Ctrl Pts',(-34.8402279080401,-3.60575401285158,-10.4119427063561));
#3722=CARTESIAN_POINT('Ctrl Pts',(-34.9564203392672,-3.67902845127836,-10.2821715666234));
#3723=CARTESIAN_POINT('Ctrl Pts',(-35.0165403685208,-3.74799309064276,-10.194865643376));
#3724=CARTESIAN_POINT('Ctrl Pts',(-35.1227553239712,-3.92386517019134,-10.0060452895604));
#3725=CARTESIAN_POINT('Ctrl Pts',(-35.1636451198436,-4.03913221090438,-9.90293251473233));
#3726=CARTESIAN_POINT('Ctrl Pts',(-35.2315541958379,-4.3271950833108,-9.67078597259052));
#3727=CARTESIAN_POINT('Ctrl Pts',(-35.2480328466961,-4.51441404578336,-9.54052415597723));
#3728=CARTESIAN_POINT('Ctrl Pts',(-35.2499446108168,-4.71315290216109,-9.41465797706834));
#3729=CARTESIAN_POINT('Ctrl Pts',(-35.2499999998103,-4.72481430539655,-9.40731744926895));
#3730=CARTESIAN_POINT('Ctrl Pts',(-35.25,-4.73650907649033,-9.40000003759826));
#3731=CARTESIAN_POINT('Origin',(-18.8728605163189,3.59,0.585178143283482));
#3732=CARTESIAN_POINT('',(-36.2512468459904,3.59,-7.67043678923788));
#3733=CARTESIAN_POINT('',(-35.2425226772486,3.59,-6.76957639806374));
#3734=CARTESIAN_POINT('Origin',(-33.8,3.59,-9.40000000000004));
#3735=CARTESIAN_POINT('',(-32.8227357497177,3.59,-6.56363708508239));
#3736=CARTESIAN_POINT('Origin',(-34.6,3.59,-3.10862446895044E-14));
#3737=CARTESIAN_POINT('',(-31.3487531540095,3.59,-11.1295632107622));
#3738=CARTESIAN_POINT('Origin',(-33.8,3.59,-9.40000000000004));
#3739=CARTESIAN_POINT('',(-32.8636825531011,3.59,-13.2766173850846));
#3740=CARTESIAN_POINT('',(-31.3487531540095,3.59,-11.1295632107622));
#3741=CARTESIAN_POINT('',(-37.7661760712216,3.59,-9.81749071715431));
#3742=CARTESIAN_POINT('Ctrl Pts',(-37.7661760780111,3.58999999999999,-9.81749072344337));
#3743=CARTESIAN_POINT('Ctrl Pts',(-37.7284056646117,3.58999999999999,-9.85826656096088));
#3744=CARTESIAN_POINT('Ctrl Pts',(-37.6903899632715,3.58999999999997,-9.89883519907931));
#3745=CARTESIAN_POINT('Ctrl Pts',(-36.3615555260432,3.58999999999997,-11.3005925858303));
#3746=CARTESIAN_POINT('Ctrl Pts',(-34.8180891309219,3.58999999999998,-12.3976827571912));
#3747=CARTESIAN_POINT('Ctrl Pts',(-33.0269600323196,3.58999999999998,-13.205670053146));
#3748=CARTESIAN_POINT('Ctrl Pts',(-32.9454751811503,3.58999999999999,-13.2415251852413));
#3749=CARTESIAN_POINT('Ctrl Pts',(-32.8636825551321,3.58999999999999,-13.2766173898184));
#3750=CARTESIAN_POINT('',(-36.2512468459904,3.59,-7.67043678923788));
#3751=CARTESIAN_POINT('Origin',(1.19999995671002,3.34,11.59999995672));
#3752=CARTESIAN_POINT('',(-0.750000043289983,3.59,11.59999995672));
#3753=CARTESIAN_POINT('Origin',(1.19999995671002,3.59,11.59999995672));
#3754=CARTESIAN_POINT('',(-0.250000043289983,3.09,11.59999995672));
#3755=CARTESIAN_POINT('',(-0.500000043289983,3.34,11.59999995672));
#3756=CARTESIAN_POINT('Origin',(1.19999995671002,3.09,11.59999995672));
#3757=CARTESIAN_POINT('Origin',(1.19999995671002,3.59,11.59999995672));
#3758=CARTESIAN_POINT('',(0.136939495380421,-8.49500000000002,10.6138952687899));
#3759=CARTESIAN_POINT('',(-0.250000043289983,-6.41651045221847,11.59999995672));
#3760=CARTESIAN_POINT('Origin',(1.19999995671002,-6.41651045221847,11.59999995672));
#3761=CARTESIAN_POINT('',(2.26306041803961,-8.49500000000002,10.6138952687899));
#3762=CARTESIAN_POINT('Origin',(1.19999995671002,-8.49500000000003,11.59999995672));
#3763=CARTESIAN_POINT('Origin',(1.19999995671002,-6.41651045221847,11.59999995672));
#3764=CARTESIAN_POINT('',(-0.250000043289983,3.59,11.59999995672));
#3765=CARTESIAN_POINT('Origin',(1.19999999999501,3.59,11.6734868381948));
#3766=CARTESIAN_POINT('',(3.899999999996,3.59,11.5999999984542));
#3767=CARTESIAN_POINT('',(-1.50000000000598,3.59,11.5999999984542));
#3768=CARTESIAN_POINT('Origin',(1.19999995671002,3.59,11.59999995672));
#3769=CARTESIAN_POINT('',(-1.49999995599991,3.59,14.4469736763856));
#3770=CARTESIAN_POINT('',(-1.50000000000598,3.59,11.5999999984542));
#3771=CARTESIAN_POINT('',(3.89999995598993,3.59,14.4469736763855));
#3772=CARTESIAN_POINT('',(42.606854357956,3.59,14.4469736763853));
#3773=CARTESIAN_POINT('',(3.899999999996,3.59,11.5999999984542));
#3774=CARTESIAN_POINT('Origin',(-34.6,-9.49500000000002,-3.08864679747416E-14));
#3775=CARTESIAN_POINT('',(-34.6,-9.99500000000003,-2.00000000000003));
#3776=CARTESIAN_POINT('Origin',(-34.6,-9.99500000000003,-3.07865796173602E-14));
#3777=CARTESIAN_POINT('',(-34.6,-9.49500000000002,-1.50000000000003));
#3778=CARTESIAN_POINT('Origin',(-34.6,-9.49500000000002,-2.00000000000003));
#3779=CARTESIAN_POINT('',(-36.1,-9.49500000000002,-3.06028825974881E-14));
#3780=CARTESIAN_POINT('Origin',(-34.6,-9.49500000000002,-3.08864679747416E-14));
#3781=CARTESIAN_POINT('Origin',(-34.6,-9.49500000000002,-3.08864679747416E-14));
#3782=CARTESIAN_POINT('Origin',(7.13290229011296,-9.99500000000003,3.77059956642312E-7));
#3783=CARTESIAN_POINT('',(-27.1674997178811,-9.99500000000003,-10.613894650949));
#3784=CARTESIAN_POINT('',(-30.8515970282379,-9.99500000000003,-9.95400353516126));
#3785=CARTESIAN_POINT('Ctrl Pts',(-27.1674997178811,-9.99500000000003,-10.613894650949));
#3786=CARTESIAN_POINT('Ctrl Pts',(-28.4216265862057,-9.99500000000003,-10.6138946397318));
#3787=CARTESIAN_POINT('Ctrl Pts',(-29.6747565752589,-9.99500000000003,-10.3869219663552));
#3788=CARTESIAN_POINT('Ctrl Pts',(-30.8512053398961,-9.99500000000003,-9.95271550688426));
#3789=CARTESIAN_POINT('',(47.0633910256582,-9.99500000000003,-10.6138945828097));
#3790=CARTESIAN_POINT('',(-10.0172988817561,-9.99500000000003,-10.6138945828097));
#3791=CARTESIAN_POINT('',(47.47,-9.99500000000003,-10.0624993988176));
#3792=CARTESIAN_POINT('Ctrl Pts',(47.47,-9.99500000000002,-10.0624993988176));
#3793=CARTESIAN_POINT('Ctrl Pts',(47.4699999898207,-9.99500000000002,-10.1343558742742));
#3794=CARTESIAN_POINT('Ctrl Pts',(47.4483031633025,-9.99500000000003,-10.2779954216491));
#3795=CARTESIAN_POINT('Ctrl Pts',(47.3658339293735,-9.99500000000003,-10.4408429688524));
#3796=CARTESIAN_POINT('Ctrl Pts',(47.2648053246831,-9.99500000000003,-10.5445016924086));
#3797=CARTESIAN_POINT('Ctrl Pts',(47.1945721082436,-9.99500000000003,-10.5862541824057));
#3798=CARTESIAN_POINT('Ctrl Pts',(47.1262609029107,-9.99500000000003,-10.6089421262861));
#3799=CARTESIAN_POINT('Ctrl Pts',(47.0903372017174,-9.99500000000003,-10.6138945792908));
#3800=CARTESIAN_POINT('Ctrl Pts',(47.0633910256582,-9.99500000000003,-10.6138945828104));
#3801=CARTESIAN_POINT('',(47.47,-9.99500000000002,10.0625));
#3802=CARTESIAN_POINT('',(47.47,-9.99500000000003,-5.03124991794753));
#3803=CARTESIAN_POINT('',(47.0633909546033,-9.99500000000002,10.6138952687899));
#3804=CARTESIAN_POINT('Ctrl Pts',(47.0633909546033,-9.99500000000002,10.6138952687899));
#3805=CARTESIAN_POINT('Ctrl Pts',(47.0993200418513,-9.99500000000002,10.613895267702));
#3806=CARTESIAN_POINT('Ctrl Pts',(47.1711497221886,-9.99500000000002,10.6003279494671));
#3807=CARTESIAN_POINT('Ctrl Pts',(47.2648555296029,-9.99500000000002,10.5443806828207));
#3808=CARTESIAN_POINT('Ctrl Pts',(47.3406186332418,-9.99500000000002,10.4668355968191));
#3809=CARTESIAN_POINT('Ctrl Pts',(47.3988653617467,-9.99500000000002,10.3755626882294));
#3810=CARTESIAN_POINT('Ctrl Pts',(47.453755836479,-9.99500000000002,10.2422083700669));
#3811=CARTESIAN_POINT('Ctrl Pts',(47.4699999932219,-9.99500000000003,10.1343581592864));
#3812=CARTESIAN_POINT('Ctrl Pts',(47.47,-9.99500000000003,10.0625));
#3813=CARTESIAN_POINT('',(-27.1674996570175,-9.99500000000002,10.6138952687899));
#3814=CARTESIAN_POINT('',(25.051451251534,-9.99500000000002,10.6138952687899));
#3815=CARTESIAN_POINT('',(-35.310386370181,-9.99500000000003,-6.80794810753707));
#3816=CARTESIAN_POINT('Ctrl Pts',(-35.3080978133344,-9.99500000000003,-6.80588134051547));
#3817=CARTESIAN_POINT('Ctrl Pts',(-36.5208852109627,-9.99500000000003,-5.34753256221862));
#3818=CARTESIAN_POINT('Ctrl Pts',(-38.4095854178566,-9.99500000000002,-1.25864247742318));
#3819=CARTESIAN_POINT('Ctrl Pts',(-37.0778862845729,-9.99500000000003,5.83796177957057));
#3820=CARTESIAN_POINT('Ctrl Pts',(-32.0726248545903,-9.99500000000002,9.98444134871385));
#3821=CARTESIAN_POINT('Ctrl Pts',(-28.3923468214065,-9.99500000000002,10.6138952648629));
#3822=CARTESIAN_POINT('Ctrl Pts',(-27.1674996570175,-9.99500000000002,10.6138952687899));
#3823=CARTESIAN_POINT('',(-34.1507463787149,-9.99500000000003,-7.99306112374509));
#3824=CARTESIAN_POINT('Ctrl Pts',(-35.3103863648891,-9.99499674654647,-6.80794810313605));
#3825=CARTESIAN_POINT('Ctrl Pts',(-34.9564955203158,-9.99499674654647,-7.23348404651101));
#3826=CARTESIAN_POINT('Ctrl Pts',(-34.5695229529529,-9.99499674654644,-7.63128377725558));
#3827=CARTESIAN_POINT('Ctrl Pts',(-34.1527741061574,-9.99499674654638,-7.99538207137635));
#3828=CARTESIAN_POINT('',(-32.3568936113514,-9.99500000000003,-9.25877694578578));
#3829=CARTESIAN_POINT('Ctrl Pts',(-32.3568873694847,-9.99500000000003,-9.25876580941482));
#3830=CARTESIAN_POINT('Ctrl Pts',(-32.9963584232275,-9.99500000000003,-8.9002737455348));
#3831=CARTESIAN_POINT('Ctrl Pts',(-33.5986161779477,-9.99500000000003,-8.47532819392525));
#3832=CARTESIAN_POINT('Ctrl Pts',(-34.1507378815447,-9.99500000000003,-7.99305139768744));
#3833=CARTESIAN_POINT('Ctrl Pts',(-32.3568936113514,-9.99500000000003,-9.25877694578577));
#3834=CARTESIAN_POINT('Ctrl Pts',(-31.8742289202604,-9.99500000000003,-9.52930265101202));
#3835=CARTESIAN_POINT('Ctrl Pts',(-31.3701417332644,-9.99500000000003,-9.76118965323043));
#3836=CARTESIAN_POINT('Ctrl Pts',(-30.8511305565347,-9.99500000000003,-9.9527431077848));
#3837=CARTESIAN_POINT('',(31.75,-9.99500000000003,-5.55000000000003));
#3838=CARTESIAN_POINT('',(31.75,-9.99500000000003,5.54999999999997));
#3839=CARTESIAN_POINT('',(31.75,-9.99500000000003,2.77500018852997));
#3840=CARTESIAN_POINT('',(30.45,-9.99500000000003,-6.85000000000003));
#3841=CARTESIAN_POINT('Origin',(30.45,-9.99500000000003,-5.55000000000002));
#3842=CARTESIAN_POINT('',(26.05,-9.99500000000003,-6.85000000000003));
#3843=CARTESIAN_POINT('',(18.7914511450565,-9.99500000000003,-6.85000000000002));
#3844=CARTESIAN_POINT('',(24.75,-9.99500000000003,-5.55000000000002));
#3845=CARTESIAN_POINT('Origin',(26.05,-9.99500000000003,-5.55000000000003));
#3846=CARTESIAN_POINT('',(24.75,-9.99500000000002,5.54999999999997));
#3847=CARTESIAN_POINT('',(24.75,-9.99500000000003,-2.77499981147004));
#3848=CARTESIAN_POINT('',(26.05,-9.99500000000002,6.84999999999997));
#3849=CARTESIAN_POINT('Origin',(26.05,-9.99500000000002,5.54999999999997));
#3850=CARTESIAN_POINT('',(30.45,-9.99500000000002,6.84999999999997));
#3851=CARTESIAN_POINT('',(16.5914511450565,-9.99500000000002,6.84999999999997));
#3852=CARTESIAN_POINT('Origin',(30.45,-9.99500000000002,5.54999999999997));
#3853=CARTESIAN_POINT('',(46.67,-9.99500000000003,9.69999999999998));
#3854=CARTESIAN_POINT('',(46.67,-9.99500000000003,-9.70000000000002));
#3855=CARTESIAN_POINT('',(46.67,-9.99500000000002,4.85000018852997));
#3856=CARTESIAN_POINT('',(33.47,-9.99500000000003,-9.70000000000002));
#3857=CARTESIAN_POINT('',(26.9014511450565,-9.99500000000003,-9.70000000000002));
#3858=CARTESIAN_POINT('',(33.47,-9.99500000000003,9.69999999999998));
#3859=CARTESIAN_POINT('',(33.47,-9.99500000000003,-4.84999981147003));
#3860=CARTESIAN_POINT('',(20.3014511450565,-9.99500000000002,9.69999999999998));
#3861=CARTESIAN_POINT('',(23.6,-9.99500000000003,-2.20000000000003));
#3862=CARTESIAN_POINT('',(23.6,-9.99500000000003,2.19999999999997));
#3863=CARTESIAN_POINT('',(23.6,-9.99500000000003,1.10000018852997));
#3864=CARTESIAN_POINT('',(22.3,-9.99500000000003,-3.50000000000003));
#3865=CARTESIAN_POINT('Origin',(22.3,-9.99500000000003,-2.20000000000003));
#3866=CARTESIAN_POINT('',(-26.9,-9.99500000000003,-3.50000000000003));
#3867=CARTESIAN_POINT('',(14.7164511450565,-9.99500000000003,-3.50000000000003));
#3868=CARTESIAN_POINT('',(-28.2,-9.99500000000003,-2.20000000000003));
#3869=CARTESIAN_POINT('Origin',(-26.9,-9.99500000000003,-2.20000000000003));
#3870=CARTESIAN_POINT('',(-28.2,-9.99500000000002,2.19999999999997));
#3871=CARTESIAN_POINT('',(-28.2,-9.99500000000003,-1.09999981147003));
#3872=CARTESIAN_POINT('',(-26.9,-9.99500000000003,3.49999999999997));
#3873=CARTESIAN_POINT('Origin',(-26.9,-9.99500000000003,2.19999999999997));
#3874=CARTESIAN_POINT('',(22.3,-9.99500000000002,3.49999999999997));
#3875=CARTESIAN_POINT('',(-9.88354885494352,-9.99500000000002,3.49999999999997));
#3876=CARTESIAN_POINT('Origin',(22.3,-9.99500000000003,2.19999999999998));
#3877=CARTESIAN_POINT('Origin',(-34.6,-9.99500000000003,-3.08864679747416E-14));
#3878=CARTESIAN_POINT('',(-36.1,-8.49500000000002,-3.10701649946137E-14));
#3879=CARTESIAN_POINT('',(-36.1,-9.99500000000003,-3.07027709548695E-14));
#3880=CARTESIAN_POINT('Origin',(-34.6,-8.49500000000002,-3.08864679747416E-14));
#3881=CARTESIAN_POINT('Origin',(31.75,-9.49500000000002,2.77500018852997));
#3882=CARTESIAN_POINT('',(31.25,-9.49500000000002,5.54999999999997));
#3883=CARTESIAN_POINT('Origin',(31.75,-9.49500000000002,5.54999999999997));
#3884=CARTESIAN_POINT('',(31.25,-9.49500000000003,-5.55000000000003));
#3885=CARTESIAN_POINT('',(31.25,-9.49500000000002,2.77500018852997));
#3886=CARTESIAN_POINT('Origin',(31.75,-9.49500000000003,-5.55000000000003));
#3887=CARTESIAN_POINT('Origin',(30.45,-9.49500000000002,-5.55000000000002));
#3888=CARTESIAN_POINT('',(30.45,-9.49500000000002,-6.35000000000003));
#3889=CARTESIAN_POINT('Origin',(30.45,-9.49500000000002,-6.85000000000003));
#3890=CARTESIAN_POINT('Origin',(30.45,-9.49500000000002,-5.55000000000002));
#3891=CARTESIAN_POINT('Origin',(18.7914511450565,-9.49500000000003,-6.85000000000002));
#3892=CARTESIAN_POINT('',(26.05,-9.49500000000003,-6.35000000000003));
#3893=CARTESIAN_POINT('Origin',(26.05,-9.49500000000003,-6.85000000000003));
#3894=CARTESIAN_POINT('',(18.7914511450565,-9.49500000000003,-6.35000000000002));
#3895=CARTESIAN_POINT('Origin',(26.05,-9.49500000000002,-5.55000000000003));
#3896=CARTESIAN_POINT('',(25.25,-9.49500000000002,-5.55000000000003));
#3897=CARTESIAN_POINT('Origin',(24.75,-9.49500000000002,-5.55000000000002));
#3898=CARTESIAN_POINT('Origin',(26.05,-9.49500000000002,-5.55000000000003));
#3899=CARTESIAN_POINT('Origin',(24.75,-9.49500000000002,-2.77499981147004));
#3900=CARTESIAN_POINT('',(25.25,-9.49500000000002,5.54999999999997));
#3901=CARTESIAN_POINT('Origin',(24.75,-9.49500000000002,5.54999999999997));
#3902=CARTESIAN_POINT('',(25.25,-9.49500000000002,-2.77499981147004));
#3903=CARTESIAN_POINT('Origin',(26.05,-9.49500000000002,5.54999999999997));
#3904=CARTESIAN_POINT('',(26.05,-9.49500000000002,6.34999999999997));
#3905=CARTESIAN_POINT('Origin',(26.05,-9.49500000000002,6.84999999999997));
#3906=CARTESIAN_POINT('Origin',(26.05,-9.49500000000002,5.54999999999997));
#3907=CARTESIAN_POINT('Origin',(16.5914511450565,-9.49500000000002,6.84999999999997));
#3908=CARTESIAN_POINT('',(30.45,-9.49500000000002,6.34999999999997));
#3909=CARTESIAN_POINT('Origin',(30.45,-9.49500000000002,6.84999999999997));
#3910=CARTESIAN_POINT('',(16.5914511450565,-9.49500000000002,6.34999999999997));
#3911=CARTESIAN_POINT('Origin',(30.45,-9.49500000000002,5.54999999999997));
#3912=CARTESIAN_POINT('Origin',(30.45,-9.49500000000002,5.54999999999997));
#3913=CARTESIAN_POINT('Origin',(26.05,-9.99500000000003,-5.55000000000003));
#3914=CARTESIAN_POINT('',(26.05,-8.49500000000002,-6.35000000000003));
#3915=CARTESIAN_POINT('',(26.05,-9.99500000000003,-6.35000000000003));
#3916=CARTESIAN_POINT('',(25.25,-8.49500000000002,-5.55000000000003));
#3917=CARTESIAN_POINT('Origin',(26.05,-8.49500000000002,-5.55000000000003));
#3918=CARTESIAN_POINT('',(25.25,-9.99500000000003,-5.55000000000003));
#3919=CARTESIAN_POINT('Origin',(30.45,-9.99500000000003,-6.35000000000003));
#3920=CARTESIAN_POINT('',(30.45,-8.49500000000002,-6.35000000000003));
#3921=CARTESIAN_POINT('',(30.45,-9.99500000000003,-6.35000000000003));
#3922=CARTESIAN_POINT('',(18.7914511450565,-8.49500000000003,-6.35000000000002));
#3923=CARTESIAN_POINT('Origin',(30.45,-9.99500000000003,-5.55000000000002));
#3924=CARTESIAN_POINT('',(31.25,-8.49500000000002,-5.55000000000003));
#3925=CARTESIAN_POINT('',(31.25,-9.99500000000003,-5.55000000000003));
#3926=CARTESIAN_POINT('Origin',(30.45,-8.49500000000002,-5.55000000000002));
#3927=CARTESIAN_POINT('Origin',(31.25,-9.99500000000003,5.54999999999997));
#3928=CARTESIAN_POINT('',(31.25,-8.49500000000002,5.54999999999997));
#3929=CARTESIAN_POINT('',(31.25,-9.99500000000003,5.54999999999997));
#3930=CARTESIAN_POINT('',(31.25,-8.49500000000002,2.77500018852997));
#3931=CARTESIAN_POINT('Origin',(23.6,-9.49500000000002,1.10000018852997));
#3932=CARTESIAN_POINT('',(23.1,-9.49500000000002,2.19999999999997));
#3933=CARTESIAN_POINT('Origin',(23.6,-9.49500000000002,2.19999999999997));
#3934=CARTESIAN_POINT('',(23.1,-9.49500000000003,-2.20000000000003));
#3935=CARTESIAN_POINT('',(23.1,-9.49500000000002,1.10000018852997));
#3936=CARTESIAN_POINT('Origin',(23.6,-9.49500000000003,-2.20000000000003));
#3937=CARTESIAN_POINT('Origin',(22.3,-9.49500000000002,-2.20000000000003));
#3938=CARTESIAN_POINT('',(22.3,-9.49500000000002,-3.00000000000003));
#3939=CARTESIAN_POINT('Origin',(22.3,-9.49500000000002,-3.50000000000003));
#3940=CARTESIAN_POINT('Origin',(22.3,-9.49500000000002,-2.20000000000003));
#3941=CARTESIAN_POINT('Origin',(14.7164511450565,-9.49500000000002,-3.50000000000003));
#3942=CARTESIAN_POINT('',(-26.9,-9.49500000000002,-3.00000000000003));
#3943=CARTESIAN_POINT('Origin',(-26.9,-9.49500000000002,-3.50000000000003));
#3944=CARTESIAN_POINT('',(14.7164511450565,-9.49500000000002,-3.00000000000003));
#3945=CARTESIAN_POINT('Origin',(-26.9,-9.49500000000002,-2.20000000000003));
#3946=CARTESIAN_POINT('',(-27.7,-9.49500000000002,-2.20000000000003));
#3947=CARTESIAN_POINT('Origin',(-28.2,-9.49500000000002,-2.20000000000003));
#3948=CARTESIAN_POINT('Origin',(-26.9,-9.49500000000002,-2.20000000000003));
#3949=CARTESIAN_POINT('Origin',(-28.2,-9.49500000000002,-1.09999981147003));
#3950=CARTESIAN_POINT('',(-27.7,-9.49500000000002,2.19999999999997));
#3951=CARTESIAN_POINT('Origin',(-28.2,-9.49500000000002,2.19999999999997));
#3952=CARTESIAN_POINT('',(-27.7,-9.49500000000002,-1.09999981147003));
#3953=CARTESIAN_POINT('Origin',(-26.9,-9.49500000000002,2.19999999999997));
#3954=CARTESIAN_POINT('',(-26.9,-9.49500000000002,2.99999999999997));
#3955=CARTESIAN_POINT('Origin',(-26.9,-9.49500000000002,3.49999999999997));
#3956=CARTESIAN_POINT('Origin',(-26.9,-9.49500000000002,2.19999999999997));
#3957=CARTESIAN_POINT('Origin',(-9.88354885494352,-9.49500000000002,3.49999999999997));
#3958=CARTESIAN_POINT('',(22.3,-9.49500000000002,2.99999999999997));
#3959=CARTESIAN_POINT('Origin',(22.3,-9.49500000000002,3.49999999999997));
#3960=CARTESIAN_POINT('',(-9.88354885494352,-9.49500000000002,2.99999999999997));
#3961=CARTESIAN_POINT('Origin',(22.3,-9.49500000000002,2.19999999999998));
#3962=CARTESIAN_POINT('Origin',(22.3,-9.49500000000002,2.19999999999998));
#3963=CARTESIAN_POINT('Origin',(-26.9,-9.99500000000003,-2.20000000000003));
#3964=CARTESIAN_POINT('',(-26.9,-8.49500000000002,-3.00000000000003));
#3965=CARTESIAN_POINT('',(-26.9,-9.99500000000003,-3.00000000000003));
#3966=CARTESIAN_POINT('',(-27.7,-8.49500000000002,-2.20000000000003));
#3967=CARTESIAN_POINT('Origin',(-26.9,-8.49500000000002,-2.20000000000003));
#3968=CARTESIAN_POINT('',(-27.7,-9.99500000000003,-2.20000000000003));
#3969=CARTESIAN_POINT('Origin',(22.3,-9.99500000000003,-3.00000000000003));
#3970=CARTESIAN_POINT('',(22.3,-8.49500000000002,-3.00000000000003));
#3971=CARTESIAN_POINT('',(22.3,-9.99500000000003,-3.00000000000003));
#3972=CARTESIAN_POINT('',(14.7164511450565,-8.49500000000003,-3.00000000000003));
#3973=CARTESIAN_POINT('Origin',(22.3,-9.99500000000003,-2.20000000000003));
#3974=CARTESIAN_POINT('',(23.1,-8.49500000000002,-2.20000000000003));
#3975=CARTESIAN_POINT('',(23.1,-9.99500000000003,-2.20000000000003));
#3976=CARTESIAN_POINT('Origin',(22.3,-8.49500000000002,-2.20000000000003));
#3977=CARTESIAN_POINT('Origin',(23.1,-9.99500000000003,2.19999999999997));
#3978=CARTESIAN_POINT('',(23.1,-8.49500000000002,2.19999999999997));
#3979=CARTESIAN_POINT('',(23.1,-9.99500000000003,2.19999999999997));
#3980=CARTESIAN_POINT('',(23.1,-8.49500000000002,1.10000018852997));
#3981=CARTESIAN_POINT('Origin',(-3.20000000000018,5.18999999999999,14.4469736763859));
#3982=CARTESIAN_POINT('',(-3.20000000000018,4.83210296703294,14.4902960477413));
#3983=CARTESIAN_POINT('',(-3.20000000000018,5.18999999999999,14.4469736763859));
#3984=CARTESIAN_POINT('Origin',(-3.20000000000016,5.19,15.9469736763858));
#3985=CARTESIAN_POINT('',(-3.20000000000018,4.23560791208784,14.5625000000005));
#3986=CARTESIAN_POINT('Origin',(-3.20000000000021,4.23560791208784,12.0625000000005));
#3987=CARTESIAN_POINT('',(-3.20000000000018,1.98999999999999,14.5625000000005));
#3988=CARTESIAN_POINT('',(-3.20000000000018,2.34,14.5625000000005));
#3989=CARTESIAN_POINT('',(-3.20000000000018,1.98999999999999,14.7469736763859));
#3990=CARTESIAN_POINT('',(-3.20000000000018,1.98999999999999,14.4469736763859));
#3991=CARTESIAN_POINT('',(-3.20000000000018,5.18999999999999,14.7469736763859));
#3992=CARTESIAN_POINT('',(-3.20000000000018,5.18999999999999,14.7469736763859));
#3993=CARTESIAN_POINT('',(-3.20000000000018,5.19,7.22333504496896));
#3994=CARTESIAN_POINT('Origin',(-3.20000000000018,5.18999999999999,14.7469736763859));
#3995=CARTESIAN_POINT('',(-6.20000000000018,5.18999999999999,14.7469736763859));
#3996=CARTESIAN_POINT('',(-0.205372437141776,5.19,14.7469736763859));
#3997=CARTESIAN_POINT('',(-6.20000000000018,1.98999999999999,14.7469736763859));
#3998=CARTESIAN_POINT('',(-3.20000000000018,1.98999999999999,14.7469736763859));
#3999=CARTESIAN_POINT('',(-6.20000000000018,5.18999999999999,14.7469736763859));
#4000=CARTESIAN_POINT('Origin',(-15.2000000000002,5.18999999999999,14.7469736763859));
#4001=CARTESIAN_POINT('',(-15.2000000000002,4.23560791208784,14.5625000000006));
#4002=CARTESIAN_POINT('',(-15.2000000000002,1.98999999999999,14.5625000000006));
#4003=CARTESIAN_POINT('',(-15.2000000000002,2.34,14.5625000000006));
#4004=CARTESIAN_POINT('',(-15.2000000000002,4.83210296703294,14.4902960477415));
#4005=CARTESIAN_POINT('Origin',(-15.2000000000002,4.23560791208784,12.0625000000006));
#4006=CARTESIAN_POINT('',(-15.2000000000002,5.18999999999999,14.4469736763859));
#4007=CARTESIAN_POINT('Origin',(-15.2000000000002,5.19,15.946973676386));
#4008=CARTESIAN_POINT('',(-15.2000000000002,5.18999999999999,14.7469736763859));
#4009=CARTESIAN_POINT('',(-15.2000000000002,5.19,7.37333504496899));
#4010=CARTESIAN_POINT('',(-15.2000000000002,1.98999999999999,14.7469736763859));
#4011=CARTESIAN_POINT('',(-15.2000000000002,5.18999999999999,14.7469736763859));
#4012=CARTESIAN_POINT('',(-15.2000000000002,1.98999999999999,14.4469736763859));
#4013=CARTESIAN_POINT('Origin',(-12.2000000000002,5.18999999999999,14.7469736763859));
#4014=CARTESIAN_POINT('',(-12.2000000000002,5.18999999999999,14.7469736763859));
#4015=CARTESIAN_POINT('',(-4.70537243714178,5.19,14.7469736763859));
#4016=CARTESIAN_POINT('',(-12.2000000000002,1.98999999999999,14.7469736763859));
#4017=CARTESIAN_POINT('',(-12.2000000000002,3.58999999999999,14.7469736763859));
#4018=CARTESIAN_POINT('',(-15.2000000000002,1.98999999999999,14.7469736763859));
#4019=CARTESIAN_POINT('Origin',(-27.1674998114742,5.19,15.9469736763861));
#4020=CARTESIAN_POINT('',(42.606854357956,5.19,14.4469736763853));
#4021=CARTESIAN_POINT('',(-27.1674998114742,5.19,14.4469736763861));
#4022=CARTESIAN_POINT('',(42.6068543878501,4.83210296703295,14.4902960477408));
#4023=CARTESIAN_POINT('Origin',(42.6068544173804,5.18999999999999,15.9469736763853));
#4024=CARTESIAN_POINT('',(-27.1674998114742,4.83210296703294,14.4902960477416));
#4025=CARTESIAN_POINT('Origin',(-6.20000000000018,5.18999999999999,16.0625000000004));
#4026=CARTESIAN_POINT('',(-6.20000000000018,1.98999999999999,16.0625000000004));
#4027=CARTESIAN_POINT('',(-6.20000000000018,1.98999999999999,16.0625000000004));
#4028=CARTESIAN_POINT('',(-6.20000000000018,4.23560791208784,16.0625000000005));
#4029=CARTESIAN_POINT('',(-6.20000000000018,2.34,16.0625000000005));
#4030=CARTESIAN_POINT('',(-6.20000000000018,5.18999999999999,15.9469736763859));
#4031=CARTESIAN_POINT('Origin',(-6.20000000000022,4.23560791208784,12.0625000000005));
#4032=CARTESIAN_POINT('',(-6.20000000000018,5.19,8.0310982067762));
#4033=CARTESIAN_POINT('Origin',(-12.2000000000002,1.98999999999999,16.0625000000004));
#4034=CARTESIAN_POINT('',(-12.2000000000002,5.18999999999999,15.9469736763859));
#4035=CARTESIAN_POINT('',(-12.2000000000002,5.19,8.0310982067762));
#4036=CARTESIAN_POINT('',(-12.2000000000002,4.23560791208784,16.0625000000006));
#4037=CARTESIAN_POINT('Origin',(-12.2000000000002,4.23560791208784,12.0625000000006));
#4038=CARTESIAN_POINT('',(-12.2000000000002,1.98999999999999,16.0625000000004));
#4039=CARTESIAN_POINT('',(-12.2000000000002,0.740000000000003,16.0625000000006));
#4040=CARTESIAN_POINT('',(-12.2000000000002,1.98999999999999,16.0625000000004));
#4041=CARTESIAN_POINT('Origin',(33.57,1.98895514065546,-17.2480880731125));
#4042=CARTESIAN_POINT('',(33.57,-1.32380609093699,-15.6764032220286));
#4043=CARTESIAN_POINT('',(33.57,1.98895514065546,-17.2480880731125));
#4044=CARTESIAN_POINT('',(33.57,-1.42410757143868,-15.6288168412347));
#4045=CARTESIAN_POINT('',(32.57,-1.32380609093699,-15.6764032220286));
#4046=CARTESIAN_POINT('',(7.90124997318559,-1.32380608751942,-15.6764032148009));
#4047=CARTESIAN_POINT('',(32.57,1.98895514065546,-17.2480880731125));
#4048=CARTESIAN_POINT('',(32.57,-1.42410757143868,-15.6288168412347));
#4049=CARTESIAN_POINT('',(33.57,1.98895514065546,-17.2480880731125));
#4050=CARTESIAN_POINT('Origin',(33.57,2.41759429881162,-16.3446123002801));
#4051=CARTESIAN_POINT('',(33.57,2.86908726104184,-17.2368869805532));
#4052=CARTESIAN_POINT('Origin',(33.57,2.41759429881162,-16.3446123002801));
#4053=CARTESIAN_POINT('',(32.57,2.86908726104184,-17.2368869805532));
#4054=CARTESIAN_POINT('Origin',(32.57,2.41759429881162,-16.3446123002801));
#4055=CARTESIAN_POINT('',(33.57,2.86908726104184,-17.2368869805532));
#4056=CARTESIAN_POINT('Origin',(33.57,5.18999999999999,-16.0625));
#4057=CARTESIAN_POINT('',(33.57,5.18999999999999,-16.0625));
#4058=CARTESIAN_POINT('',(33.57,5.18999999999999,-16.0625));
#4059=CARTESIAN_POINT('',(32.57,5.18999999999999,-16.0625));
#4060=CARTESIAN_POINT('',(32.57,5.18999999999999,-16.0625));
#4061=CARTESIAN_POINT('',(33.57,5.18999999999999,-16.0625));
#4062=CARTESIAN_POINT('Origin',(33.57,1.9330969545315,-16.5105077575423));
#4063=CARTESIAN_POINT('',(33.57,0.390750284857631,-16.0625001312374));
#4064=CARTESIAN_POINT('',(33.57,4.23560798294875,-16.0625000000001));
#4065=CARTESIAN_POINT('',(33.57,0.711548477265744,-16.0624999999998));
#4066=CARTESIAN_POINT('Origin',(33.570000000001,0.39075028485512,-12.0624999999998));
#4067=CARTESIAN_POINT('',(33.57,5.18999999999999,-15.9469736937955));
#4068=CARTESIAN_POINT('',(33.57,5.18999999999999,-15.9469736937955));
#4069=CARTESIAN_POINT('Origin',(33.5700000000006,4.23560798294875,-12.0624999999998));
#4070=CARTESIAN_POINT('Origin',(32.57,1.9330969545315,-16.5105077575423));
#4071=CARTESIAN_POINT('',(32.57,4.23560798294875,-16.0625000000001));
#4072=CARTESIAN_POINT('',(32.57,0.390750284857631,-16.0625001312374));
#4073=CARTESIAN_POINT('',(32.57,0.711548477265744,-16.0624999999996));
#4074=CARTESIAN_POINT('',(32.57,5.18999999999999,-15.9469736937955));
#4075=CARTESIAN_POINT('Origin',(32.5700000000006,4.23560798294875,-12.0624999999996));
#4076=CARTESIAN_POINT('',(32.57,5.18999999999999,-15.9469736937955));
#4077=CARTESIAN_POINT('Origin',(32.570000000001,0.390750284854853,-12.0624999999996));
#4078=CARTESIAN_POINT('Origin',(7.90124997318559,0.390750284848251,-12.0624999999965));
#4079=CARTESIAN_POINT('',(-26.168,-1.32380609093699,-15.6764032220286));
#4080=CARTESIAN_POINT('',(7.90124997318559,-1.32380608751942,-15.6764032148009));
#4081=CARTESIAN_POINT('',(-26.168,0.390750284857631,-16.0625001312374));
#4082=CARTESIAN_POINT('Origin',(-26.167999999999,0.390750284839135,-12.0624999999922));
#4083=CARTESIAN_POINT('',(7.90124997318508,0.39075028484825,-16.0624999999965));
#4084=CARTESIAN_POINT('Origin',(7.90124997318559,0.390750284848251,-12.0624999999965));
#4085=CARTESIAN_POINT('',(42.9699999999958,0.390750284857634,-16.0625));
#4086=CARTESIAN_POINT('',(7.90124997318508,0.39075028484825,-16.0624999999965));
#4087=CARTESIAN_POINT('',(42.9699999999963,-1.32380608751004,-15.6764032148053));
#4088=CARTESIAN_POINT('Origin',(42.9699999999963,0.390750284857636,-12.0625000000009));
#4089=CARTESIAN_POINT('',(7.90124997318559,-1.32380608751942,-15.6764032148009));
#4090=CARTESIAN_POINT('Origin',(42.9699999999958,-0.51000000000001,-16.0625000000009));
#4091=CARTESIAN_POINT('',(-26.168,4.23560798294875,-16.0625000000001));
#4092=CARTESIAN_POINT('',(-26.168,0.711548477265744,-16.0624999999922));
#4093=CARTESIAN_POINT('',(39.1512501885233,4.23560798294875,-16.0625000000005));
#4094=CARTESIAN_POINT('Origin',(42.9699999999958,-0.51000000000001,-16.0625000000009));
#4095=CARTESIAN_POINT('',(42.6068542353498,4.23560798294875,-16.0625000000009));
#4096=CARTESIAN_POINT('',(39.1512501885233,4.23560798294875,-16.0625000000005));
#4097=CARTESIAN_POINT('',(42.9699999999964,4.17711369150276,-16.0625));
#4098=CARTESIAN_POINT('Ctrl Pts',(42.9699997157913,4.17711369158044,-16.0625000000009));
#4099=CARTESIAN_POINT('Ctrl Pts',(42.8520401825467,4.21210549999289,-16.0625000000009));
#4100=CARTESIAN_POINT('Ctrl Pts',(42.7298943824735,4.23560793071546,-16.0625000000009));
#4101=CARTESIAN_POINT('Ctrl Pts',(42.6068542353498,4.23560798294695,-16.0625000000009));
#4102=CARTESIAN_POINT('',(42.9699999999958,-0.51000000000001,-16.0625));
#4103=CARTESIAN_POINT('Origin',(39.1512501885238,4.23560798294875,-12.0625000000005));
#4104=CARTESIAN_POINT('',(42.6068542353499,5.18999999999999,-15.9469736937955));
#4105=CARTESIAN_POINT('',(39.1512501885233,5.18999999999999,-15.9469736937959));
#4106=CARTESIAN_POINT('Origin',(42.6068542353503,4.23560798294875,-12.0625000000009));
#4107=CARTESIAN_POINT('Origin',(39.1512501885238,4.23560798294875,-12.0625000000005));
#4108=CARTESIAN_POINT('',(-26.168,5.18999999999999,-15.9469736937955));
#4109=CARTESIAN_POINT('Origin',(-26.1679999999994,4.23560798294875,-12.0624999999922));
#4110=CARTESIAN_POINT('',(39.1512501885233,5.18999999999999,-15.9469736937959));
#4111=CARTESIAN_POINT('Origin',(-27.168,2.86908726104184,-17.2368869805532));
#4112=CARTESIAN_POINT('',(-27.168,5.18999999999999,-16.0625));
#4113=CARTESIAN_POINT('',(-27.168,2.86908726104184,-17.2368869805532));
#4114=CARTESIAN_POINT('',(-27.168,5.18999999999999,-16.0625));
#4115=CARTESIAN_POINT('',(-26.168,5.18999999999999,-16.0625));
#4116=CARTESIAN_POINT('',(-27.168,5.18999999999999,-16.0625));
#4117=CARTESIAN_POINT('',(-26.168,2.86908726104184,-17.2368869805532));
#4118=CARTESIAN_POINT('',(-26.168,5.18999999999999,-16.0625));
#4119=CARTESIAN_POINT('',(-27.168,2.86908726104184,-17.2368869805532));
#4120=CARTESIAN_POINT('Origin',(-27.168,2.41759429881162,-16.3446123002801));
#4121=CARTESIAN_POINT('',(-27.168,1.98895514065546,-17.2480880731125));
#4122=CARTESIAN_POINT('Origin',(-27.168,2.41759429881162,-16.3446123002801));
#4123=CARTESIAN_POINT('',(-26.168,1.98895514065546,-17.2480880731125));
#4124=CARTESIAN_POINT('Origin',(-26.168,2.41759429881162,-16.3446123002801));
#4125=CARTESIAN_POINT('',(-27.168,1.98895514065546,-17.2480880731125));
#4126=CARTESIAN_POINT('Origin',(-27.168,-1.32380609093699,-15.6764032220286));
#4127=CARTESIAN_POINT('',(-27.1675007060813,-1.32380618568554,-15.6764038576336));
#4128=CARTESIAN_POINT('',(-27.168,-1.42410757143868,-15.6288168412347));
#4129=CARTESIAN_POINT('',(-26.168,-1.42410757143868,-15.6288168412347));
#4130=CARTESIAN_POINT('',(7.90124997318559,-1.32380608751942,-15.6764032148009));
#4131=CARTESIAN_POINT('Origin',(-26.168,1.9330969545315,-16.5105077575423));
#4132=CARTESIAN_POINT('',(-26.168,5.18999999999999,-15.9469736937955));
#4133=CARTESIAN_POINT('Origin',(-27.168,1.9330969545315,-16.5105077575423));
#4134=CARTESIAN_POINT('',(-27.1675007702466,0.390750421216111,-16.0625007541));
#4135=CARTESIAN_POINT('',(-27.168,4.17711369158044,-16.0625000000009));
#4136=CARTESIAN_POINT('',(-27.1675008077352,-0.51000000000001,-16.0625007541));
#4137=CARTESIAN_POINT('',(-27.1675008077352,4.23560798294875,-16.0625007541));
#4138=CARTESIAN_POINT('',(-27.1675008077352,-0.51000000000001,-16.0625007541));
#4139=CARTESIAN_POINT('',(-27.1675007779647,5.18999999999999,-15.946974470323));
#4140=CARTESIAN_POINT('Origin',(-27.1675008077346,4.23560798294875,-12.062499999992));
#4141=CARTESIAN_POINT('',(-27.168,5.18999999999999,-15.9469736937955));
#4142=CARTESIAN_POINT('Origin',(-27.1675004563851,0.390750421216112,-12.0625007541));
#4143=CARTESIAN_POINT('Origin',(-6.20000000000018,1.98999999999999,16.0625000000004));
#4144=CARTESIAN_POINT('',(-15.9337500000003,1.98999999999999,14.5625000000006));
#4145=CARTESIAN_POINT('',(-16.6837500000003,1.98999999999999,16.0625000000006));
#4146=CARTESIAN_POINT('Origin',(-27.1674998114742,4.23560791208785,12.0625000000007));
#4147=CARTESIAN_POINT('',(-27.167499981747,4.23560791208789,14.5625000000002));
#4148=CARTESIAN_POINT('',(-27.1674998114742,4.23560791208785,14.5625000000007));
#4149=CARTESIAN_POINT('',(-27.1674999717101,4.83210296703297,14.4902960477411));
#4150=CARTESIAN_POINT('Ctrl Pts',(-27.167499964594,4.23560791208791,14.5625));
#4151=CARTESIAN_POINT('Ctrl Pts',(-27.167499964594,4.43637617943085,14.5625));
#4152=CARTESIAN_POINT('Ctrl Pts',(-27.1674999640239,4.63713320464634,14.5381989592048));
#4153=CARTESIAN_POINT('Ctrl Pts',(-27.1674999629001,4.83210296703313,14.4902960477408));
#4154=CARTESIAN_POINT('',(-27.1674998114742,4.83210296703294,14.4902960477416));
#4155=CARTESIAN_POINT('Origin',(-27.1674998114742,4.23560791208785,12.0625000000007));
#4156=CARTESIAN_POINT('',(42.6068544173804,4.23560791208783,14.5625));
#4157=CARTESIAN_POINT('Origin',(42.6068544173804,4.23560791208783,12.0625));
#4158=CARTESIAN_POINT('',(-27.1674998114742,4.23560791208785,14.5625000000007));
#4159=CARTESIAN_POINT('Origin',(-27.1674998114742,5.19,15.9469736763861));
#4160=CARTESIAN_POINT('',(-27.1674999785016,5.19,14.4469736763857));
#4161=CARTESIAN_POINT('Origin',(-27.1674999960971,5.19,15.9469736763857));
#4162=CARTESIAN_POINT('',(-27.1674998114742,5.19,14.4469736763861));
#4163=CARTESIAN_POINT('Origin',(2.78925512571663,5.19,-0.000303586447947923));
#4164=CARTESIAN_POINT('',(42.6068544173804,5.19,15.9469736763853));
#4165=CARTESIAN_POINT('',(-27.1674998114742,5.19,15.9469736763861));
#4166=CARTESIAN_POINT('',(43.2704651737765,5.19,15.9204504522325));
#4167=CARTESIAN_POINT('Ctrl Pts',(42.6068544173804,5.19,15.9469736763853));
#4168=CARTESIAN_POINT('Ctrl Pts',(42.7225669464855,5.19,15.9469736672171));
#4169=CARTESIAN_POINT('Ctrl Pts',(42.8389570353036,5.18999999989392,15.9443571535984));
#4170=CARTESIAN_POINT('Ctrl Pts',(43.0597775711765,5.18999999989392,15.9350150214749));
#4171=CARTESIAN_POINT('Ctrl Pts',(43.1654063655227,5.19,15.9286326495032));
#4172=CARTESIAN_POINT('Ctrl Pts',(43.2704649486537,5.19,15.9204504697656));
#4173=CARTESIAN_POINT('',(48.8264553762357,5.19,10.3614348335185));
#4174=CARTESIAN_POINT('Ctrl Pts',(43.2704651737768,5.19,15.9204504522325));
#4175=CARTESIAN_POINT('Ctrl Pts',(43.9084147786306,5.19,15.8707655801454));
#4176=CARTESIAN_POINT('Ctrl Pts',(44.5345910197557,5.19000000000021,15.719497045724));
#4177=CARTESIAN_POINT('Ctrl Pts',(45.718430083567,5.19000000000021,15.2252617572599));
#4178=CARTESIAN_POINT('Ctrl Pts',(46.2684766579301,5.18999999999065,14.8844808570917));
#4179=CARTESIAN_POINT('Ctrl Pts',(47.3514876317411,5.18999999999065,13.946801062535));
#4180=CARTESIAN_POINT('Ctrl Pts',(47.8417062833548,5.18999999996768,13.3180432965254));
#4181=CARTESIAN_POINT('Ctrl Pts',(48.5515835991229,5.18999999996768,11.9106614767832));
#4182=CARTESIAN_POINT('Ctrl Pts',(48.7656738830265,5.19,11.1455552080505));
#4183=CARTESIAN_POINT('Ctrl Pts',(48.8264553762357,5.19,10.3614348335187));
#4184=CARTESIAN_POINT('',(48.8527376206619,5.19,9.7008805043294));
#4185=CARTESIAN_POINT('Ctrl Pts',(48.8264553879488,5.19,10.361434682412));
#4186=CARTESIAN_POINT('Ctrl Pts',(48.8345920891364,5.19,10.2564659480971));
#4187=CARTESIAN_POINT('Ctrl Pts',(48.8409341288175,5.19,10.1509255483691));
#4188=CARTESIAN_POINT('Ctrl Pts',(48.8501626433853,5.19,9.93111487844596));
#4189=CARTESIAN_POINT('Ctrl Pts',(48.852737614554,5.19,9.81567234000637));
#4190=CARTESIAN_POINT('Ctrl Pts',(48.8527376206619,5.19,9.7008805043294));
#4191=CARTESIAN_POINT('',(48.8527376206619,5.18999999999999,-9.70088074316062));
#4192=CARTESIAN_POINT('',(48.8527376206619,5.18999999999999,-3.78125029500252));
#4193=CARTESIAN_POINT('',(48.8264553662776,5.18999999999999,-10.3614350014603));
#4194=CARTESIAN_POINT('Ctrl Pts',(48.8527376206619,5.18999999999999,-9.70088074316062));
#4195=CARTESIAN_POINT('Ctrl Pts',(48.8527376114689,5.18999999999999,-9.81606284249625));
#4196=CARTESIAN_POINT('Ctrl Pts',(48.8501450929039,5.18999999990125,-9.93190237128763));
#4197=CARTESIAN_POINT('Ctrl Pts',(48.8408868725742,5.18999999990125,-10.1517110571634));
#4198=CARTESIAN_POINT('Ctrl Pts',(48.8345618790949,5.18999999999999,-10.2568557247238));
#4199=CARTESIAN_POINT('Ctrl Pts',(48.8264553837159,5.18999999999999,-10.3614347764953));
#4200=CARTESIAN_POINT('',(43.2704649721901,5.18999999999999,-15.9204504864523));
#4201=CARTESIAN_POINT('Ctrl Pts',(48.8264553662776,5.18999999999999,-10.3614350014604));
#4202=CARTESIAN_POINT('Ctrl Pts',(48.776995776504,5.18999999999999,-10.9994953275737));
#4203=CARTESIAN_POINT('Ctrl Pts',(48.6259375411311,5.19000000000058,-11.6258685919368));
#4204=CARTESIAN_POINT('Ctrl Pts',(48.1321470516486,5.19000000000058,-12.8102112237628));
#4205=CARTESIAN_POINT('Ctrl Pts',(47.7915453758471,5.18999999999471,-13.360616572565));
#4206=CARTESIAN_POINT('Ctrl Pts',(46.8548129234801,5.18999999999471,-14.4436445392488));
#4207=CARTESIAN_POINT('Ctrl Pts',(46.2270734753729,5.18999999999999,-14.9338061316696));
#4208=CARTESIAN_POINT('Ctrl Pts',(44.8205256468055,5.18999999999999,-15.6446961396712));
#4209=CARTESIAN_POINT('Ctrl Pts',(44.055091963474,5.18999999999999,-15.8593420946438));
#4210=CARTESIAN_POINT('Ctrl Pts',(43.2704649721904,5.18999999999999,-15.9204504864522));
#4211=CARTESIAN_POINT('Ctrl Pts',(43.270464730471,5.1899996925036,-15.9204485779642));
#4212=CARTESIAN_POINT('Ctrl Pts',(43.2235356300779,5.18999961061102,-15.9241030294947));
#4213=CARTESIAN_POINT('Ctrl Pts',(43.1764935451045,5.19006950257672,-15.9274129257991));
#4214=CARTESIAN_POINT('Ctrl Pts',(43.1294197065699,5.19012886845742,-15.9303527842113));
#4215=CARTESIAN_POINT('Ctrl Pts',(43.0855117340826,5.19018424179296,-15.9330949277522));
#4216=CARTESIAN_POINT('Ctrl Pts',(43.0415758329579,5.19023018193012,-15.9355153987192));
#4217=CARTESIAN_POINT('Ctrl Pts',(42.9976820218596,5.1902471996326,-15.9375969642399));
#4218=CARTESIAN_POINT('Ctrl Pts',(42.9828750404694,5.19025294032355,-15.9382991521146));
#4219=CARTESIAN_POINT('Ctrl Pts',(42.9680729053723,5.19025581205074,-15.9389627876102));
#4220=CARTESIAN_POINT('Ctrl Pts',(42.9532785237655,5.19025642338947,-15.9395872290684));
#4221=CARTESIAN_POINT('Ctrl Pts',(42.9122319698228,5.19025811952986,-15.9413197225703));
#4222=CARTESIAN_POINT('Ctrl Pts',(42.8710979449975,5.19025531926995,-15.9427529285221));
#4223=CARTESIAN_POINT('Ctrl Pts',(42.8299203479848,5.19022620853311,-15.9438823309353));
#4224=CARTESIAN_POINT('Ctrl Pts',(42.7908836264739,5.19019861130041,-15.9449530142845));
#4225=CARTESIAN_POINT('Ctrl Pts',(42.751807405769,5.19014736823219,-15.9457506799049));
#4226=CARTESIAN_POINT('Ctrl Pts',(42.7127483595208,5.19009508474494,-15.9462677795174));
#4227=CARTESIAN_POINT('Ctrl Pts',(42.67741610037,5.19004778984405,-15.9467355404915));
#4228=CARTESIAN_POINT('Ctrl Pts',(42.6420978029878,5.19000000014621,-15.9469736919463));
#4229=CARTESIAN_POINT('Ctrl Pts',(42.6068542353499,5.18999999999999,-15.9469736937959));
#4230=CARTESIAN_POINT('',(-27.1674999951194,5.19,15.9469736763853));
#4231=CARTESIAN_POINT('Ctrl Pts',(-27.1675007741683,5.18999999999999,-15.9469744304854));
#4232=CARTESIAN_POINT('Ctrl Pts',(-29.5530624885001,5.18999999999999,-15.9469742582704));
#4233=CARTESIAN_POINT('Ctrl Pts',(-31.9379603632274,5.18999999999999,-15.4026757823834));
#4234=CARTESIAN_POINT('Ctrl Pts',(-34.0868731207987,5.18999999999999,-14.3679764899007));
#4235=CARTESIAN_POINT('Ctrl Pts',(-36.2357858783699,5.18999999999999,-13.333277197418));
#4236=CARTESIAN_POINT('Ctrl Pts',(-38.1487135187851,5.18999999999999,-11.8081770883395));
#4237=CARTESIAN_POINT('Ctrl Pts',(-39.6362431527672,5.18999999999999,-9.94341965184533));
#4238=CARTESIAN_POINT('Ctrl Pts',(-41.1237727867492,5.19,-8.07866221535117));
#4239=CARTESIAN_POINT('Ctrl Pts',(-42.1859044142982,5.19,-5.87424745144131));
#4240=CARTESIAN_POINT('Ctrl Pts',(-42.7164201527887,5.19,-3.54879041634365));
#4241=CARTESIAN_POINT('Ctrl Pts',(-43.2469358912791,5.19,-1.22333338124599));
#4242=CARTESIAN_POINT('Ctrl Pts',(-43.2458357407111,5.19,1.22316592503948));
#4243=CARTESIAN_POINT('Ctrl Pts',(-42.7150484251658,5.19,3.54878009810641));
#4244=CARTESIAN_POINT('Ctrl Pts',(-42.1842611096205,5.19,5.87439427117334));
#4245=CARTESIAN_POINT('Ctrl Pts',(-41.123786629098,5.19,8.07912331102172));
#4246=CARTESIAN_POINT('Ctrl Pts',(-39.6366499825562,5.19,9.94393704363115));
#4247=CARTESIAN_POINT('Ctrl Pts',(-38.1495133360145,5.19,11.8087507762406));
#4248=CARTESIAN_POINT('Ctrl Pts',(-36.2357145234534,5.19,13.3336492016111));
#4249=CARTESIAN_POINT('Ctrl Pts',(-34.0866016173014,5.19,14.3682049126555));
#4250=CARTESIAN_POINT('Ctrl Pts',(-31.9374887111494,5.19,15.4027606237));
#4251=CARTESIAN_POINT('Ctrl Pts',(-29.5530617114065,5.19,15.9469736204185));
#4252=CARTESIAN_POINT('Ctrl Pts',(-27.1674999970747,5.19,15.9469736763853));
#4253=CARTESIAN_POINT('',(-27.1674998114742,5.19,15.9469736763861));
#4254=CARTESIAN_POINT('',(-27.1675007219235,5.18999999999999,-14.4469740621364));
#4255=CARTESIAN_POINT('Ctrl Pts',(-27.1674999785016,5.19,14.4469736763853));
#4256=CARTESIAN_POINT('Ctrl Pts',(-29.334924358609,5.19,14.4469736230144));
#4257=CARTESIAN_POINT('Ctrl Pts',(-31.4904745408348,5.19,13.9536187346622));
#4258=CARTESIAN_POINT('Ctrl Pts',(-33.4351166369876,5.19,13.0169467264565));
#4259=CARTESIAN_POINT('Ctrl Pts',(-35.3797587381103,5.19,12.0802747158569));
#4260=CARTESIAN_POINT('Ctrl Pts',(-37.1134927520819,5.19,10.7002855831378));
#4261=CARTESIAN_POINT('Ctrl Pts',(-38.460978747753,5.19,9.01205596981553));
#4262=CARTESIAN_POINT('Ctrl Pts',(-39.8084647434241,5.19,7.32382635649325));
#4263=CARTESIAN_POINT('Ctrl Pts',(-40.7697027207946,5.19,5.32735626256782));
#4264=CARTESIAN_POINT('Ctrl Pts',(-41.2512568312328,5.19,3.22075016218657));
#4265=CARTESIAN_POINT('Ctrl Pts',(-41.732810941671,5.19,1.11414406180533));
#4266=CARTESIAN_POINT('Ctrl Pts',(-41.7346811851768,5.19,-1.10259804503172));
#4267=CARTESIAN_POINT('Ctrl Pts',(-41.2552406305673,5.19,-3.20858150421707));
#4268=CARTESIAN_POINT('Ctrl Pts',(-40.7758000759578,5.19,-5.31456496340241));
#4269=CARTESIAN_POINT('Ctrl Pts',(-39.8150487232331,5.18999999999999,-7.30978977493604));
#4270=CARTESIAN_POINT('Ctrl Pts',(-38.4695420755114,5.18999999999999,-8.99946571177843));
#4271=CARTESIAN_POINT('Ctrl Pts',(-37.1240354277898,5.18999999999999,-10.6891416486208));
#4272=CARTESIAN_POINT('Ctrl Pts',(-35.3937734850713,5.18999999999999,-12.0732687107719));
#4273=CARTESIAN_POINT('Ctrl Pts',(-33.4464958910214,5.18999999999999,-13.0127268671212));
#4274=CARTESIAN_POINT('Ctrl Pts',(-31.4992183137544,5.18999999999999,-13.9521850153736));
#4275=CARTESIAN_POINT('Ctrl Pts',(-29.3349250888966,5.18999999999999,-14.446974265489));
#4276=CARTESIAN_POINT('Ctrl Pts',(-27.1675007219235,5.18999999999999,-14.4469744304854));
#4277=CARTESIAN_POINT('',(42.6068541957342,5.18999999999999,-14.4469736937961));
#4278=CARTESIAN_POINT('',(39.1512501885235,5.18999999999999,-14.4469736937959));
#4279=CARTESIAN_POINT('',(43.1539944862149,5.18999999999999,-14.424979113976));
#4280=CARTESIAN_POINT('Ctrl Pts',(42.6068541957342,5.18999999999999,-14.4469736937959));
#4281=CARTESIAN_POINT('Ctrl Pts',(42.7847721577901,5.18999999999999,-14.4469736832594));
#4282=CARTESIAN_POINT('Ctrl Pts',(42.9700820986854,5.18999999999999,-14.4393025883238));
#4283=CARTESIAN_POINT('Ctrl Pts',(43.153994440082,5.18999999999999,-14.4249791175692));
#4284=CARTESIAN_POINT('',(47.3309416583172,5.18999999999999,-10.2455093817616));
#4285=CARTESIAN_POINT('Ctrl Pts',(43.1539945323479,5.18999999999999,-14.4249791103828));
#4286=CARTESIAN_POINT('Ctrl Pts',(43.2996853347638,5.18999999999999,-14.4136324058521));
#4287=CARTESIAN_POINT('Ctrl Pts',(43.4447479849188,5.18999999999998,-14.3952089106491));
#4288=CARTESIAN_POINT('Ctrl Pts',(43.8779653119721,5.18999999999998,-14.3187153673853));
#4289=CARTESIAN_POINT('Ctrl Pts',(44.161661890872,5.18999999999999,-14.2395633434393));
#4290=CARTESIAN_POINT('Ctrl Pts',(44.7113605826797,5.18999999999999,-14.0269796097672));
#4291=CARTESIAN_POINT('Ctrl Pts',(44.9760010217697,5.18999999992259,-13.8937047289541));
#4292=CARTESIAN_POINT('Ctrl Pts',(45.3505962203235,5.18999999992259,-13.6568330909474));
#4293=CARTESIAN_POINT('Ctrl Pts',(45.4714559904933,5.19000000001048,-13.571911002141));
#4294=CARTESIAN_POINT('Ctrl Pts',(45.8218023762659,5.19000000001048,-13.2993767043353));
#4295=CARTESIAN_POINT('Ctrl Pts',(46.0373343986052,5.18999999998255,-13.0950893711225));
#4296=CARTESIAN_POINT('Ctrl Pts',(46.389825184316,5.18999999998255,-12.6888797257246));
#4297=CARTESIAN_POINT('Ctrl Pts',(46.5333989595551,5.19000000002237,-12.4941046923167));
#4298=CARTESIAN_POINT('Ctrl Pts',(46.852098143282,5.19000000002237,-11.9808602192256));
#4299=CARTESIAN_POINT('Ctrl Pts',(47.005920599229,5.18999999999717,-11.6510576158316));
#4300=CARTESIAN_POINT('Ctrl Pts',(47.175224746939,5.18999999999717,-11.1347531189689));
#4301=CARTESIAN_POINT('Ctrl Pts',(47.2212590388262,5.19000000000002,-10.9597216384757));
#4302=CARTESIAN_POINT('Ctrl Pts',(47.2921598995537,5.19000000000002,-10.6051015867601));
#4303=CARTESIAN_POINT('Ctrl Pts',(47.3169665697222,5.18999999999999,-10.4257969584923));
#4304=CARTESIAN_POINT('Ctrl Pts',(47.330941652978,5.18999999999999,-10.245509450641));
#4305=CARTESIAN_POINT('',(47.3527376206619,5.18999999999999,-9.70088068330138));
#4306=CARTESIAN_POINT('Ctrl Pts',(47.3309416636564,5.18999999999999,-10.2455093128822));
#4307=CARTESIAN_POINT('Ctrl Pts',(47.3451353175149,5.18999999999998,-10.0624019659583));
#4308=CARTESIAN_POINT('Ctrl Pts',(47.3527376048136,5.18999999999998,-9.87798728924766));
#4309=CARTESIAN_POINT('Ctrl Pts',(47.3527376206619,5.19,-9.70088068330138));
#4310=CARTESIAN_POINT('',(47.3527376206619,5.19,9.70088046442324));
#4311=CARTESIAN_POINT('',(47.3527376206619,5.18999999999999,-3.78125029500252));
#4312=CARTESIAN_POINT('',(47.330941663612,5.19,10.2455092739805));
#4313=CARTESIAN_POINT('Ctrl Pts',(47.3527376206619,5.19,9.70088046442324));
#4314=CARTESIAN_POINT('Ctrl Pts',(47.3527376100964,5.18999999999999,9.87798723110834));
#4315=CARTESIAN_POINT('Ctrl Pts',(47.3451353981441,5.19000000000001,10.0624008723458));
#4316=CARTESIAN_POINT('Ctrl Pts',(47.330941667208,5.19,10.2455092275893));
#4317=CARTESIAN_POINT('',(43.1539946136518,5.19,14.424979085531));
#4318=CARTESIAN_POINT('Ctrl Pts',(47.3309416600159,5.19,10.2455093203716));
#4319=CARTESIAN_POINT('Ctrl Pts',(47.2362167158081,5.19,11.4675220549736));
#4320=CARTESIAN_POINT('Ctrl Pts',(46.6194334097221,5.19,12.637990778817));
#4321=CARTESIAN_POINT('Ctrl Pts',(45.6738528046278,5.19,13.4131728106639));
#4322=CARTESIAN_POINT('Ctrl Pts',(44.964667350807,5.19,13.994559334549));
#4323=CARTESIAN_POINT('Ctrl Pts',(44.0705334162941,5.19,14.3535970941861));
#4324=CARTESIAN_POINT('Ctrl Pts',(43.1539946825876,5.19,14.4249790801621));
#4325=CARTESIAN_POINT('Ctrl Pts',(43.153994544716,5.19,14.4249790908998));
#4326=CARTESIAN_POINT('Ctrl Pts',(42.9700832761371,5.19,14.4393024808642));
#4327=CARTESIAN_POINT('Ctrl Pts',(42.7847721327261,5.19,14.4469736605803));
#4328=CARTESIAN_POINT('Ctrl Pts',(42.606854357956,5.19,14.4469736763853));
#4329=CARTESIAN_POINT('Origin',(-27.1674998114742,4.23560791208785,12.0625000000007));
#4330=CARTESIAN_POINT('',(-27.1674999998927,4.23560791208791,16.0625));
#4331=CARTESIAN_POINT('Origin',(-27.1674999059423,4.23560791208791,12.0625));
#4332=CARTESIAN_POINT('',(-27.1674998114742,4.23560791208785,16.0625000000007));
#4333=CARTESIAN_POINT('Origin',(-27.1674998114742,4.23560791208785,12.0625000000007));
#4334=CARTESIAN_POINT('',(42.6068544173804,4.23560791208783,16.0625));
#4335=CARTESIAN_POINT('',(-27.1674998114742,4.23560791208785,16.0625000000007));
#4336=CARTESIAN_POINT('Origin',(42.6068544173804,4.23560791208783,12.0625));
#4337=CARTESIAN_POINT('Origin',(-27.1675000000004,-0.509999999999988,16.0625000000007));
#4338=CARTESIAN_POINT('',(-27.1675000000004,0.390750148462562,16.0625));
#4339=CARTESIAN_POINT('',(-27.1675000000004,-0.510000000000003,16.0625));
#4340=CARTESIAN_POINT('',(42.970000212955,0.390750148460911,16.0625));
#4341=CARTESIAN_POINT('',(7.90125010647732,0.390750148461737,16.0625000000004));
#4342=CARTESIAN_POINT('',(42.9700002129556,4.17711359990614,16.0625));
#4343=CARTESIAN_POINT('',(42.970000212955,-0.510000000000003,16.0625));
#4344=CARTESIAN_POINT('Ctrl Pts',(42.6068544173804,4.23560791208776,16.0625));
#4345=CARTESIAN_POINT('Ctrl Pts',(42.7298945277777,4.23560783373983,16.0625));
#4346=CARTESIAN_POINT('Ctrl Pts',(42.8520402892288,4.21210540113486,16.0625));
#4347=CARTESIAN_POINT('Ctrl Pts',(42.9699997870094,4.17711359991684,16.0625));
#4348=CARTESIAN_POINT('Origin',(30.45,-9.99500000000003,5.54999999999997));
#4349=CARTESIAN_POINT('',(30.45,-8.49500000000002,6.34999999999997));
#4350=CARTESIAN_POINT('',(30.45,-9.99500000000003,6.34999999999997));
#4351=CARTESIAN_POINT('Origin',(30.45,-8.49500000000002,5.54999999999997));
#4352=CARTESIAN_POINT('Origin',(26.05,-9.99500000000003,6.34999999999997));
#4353=CARTESIAN_POINT('',(26.05,-8.49500000000002,6.34999999999997));
#4354=CARTESIAN_POINT('',(26.05,-9.99500000000003,6.34999999999997));
#4355=CARTESIAN_POINT('',(16.5914511450565,-8.49500000000002,6.34999999999997));
#4356=CARTESIAN_POINT('Origin',(26.05,-9.99500000000003,5.54999999999997));
#4357=CARTESIAN_POINT('',(25.25,-8.49500000000002,5.54999999999997));
#4358=CARTESIAN_POINT('',(25.25,-9.99500000000003,5.54999999999997));
#4359=CARTESIAN_POINT('Origin',(26.05,-8.49500000000002,5.54999999999997));
#4360=CARTESIAN_POINT('Origin',(25.25,-9.99500000000003,-5.55000000000003));
#4361=CARTESIAN_POINT('',(25.25,-8.49500000000003,-2.77499981147004));
#4362=CARTESIAN_POINT('Origin',(46.67,-9.99500000000003,9.69999999999998));
#4363=CARTESIAN_POINT('',(46.67,-8.49500000000002,9.69999999999998));
#4364=CARTESIAN_POINT('',(46.67,-9.99500000000003,9.69999999999998));
#4365=CARTESIAN_POINT('',(46.67,-8.49500000000002,-9.70000000000002));
#4366=CARTESIAN_POINT('',(46.67,-8.49500000000002,4.85000018852997));
#4367=CARTESIAN_POINT('',(46.67,-9.99500000000003,-9.70000000000002));
#4368=CARTESIAN_POINT('Origin',(33.47,-9.99500000000003,9.69999999999998));
#4369=CARTESIAN_POINT('',(33.47,-8.49500000000002,9.69999999999998));
#4370=CARTESIAN_POINT('',(33.47,-9.99500000000003,9.69999999999998));
#4371=CARTESIAN_POINT('',(20.3014511450565,-8.49500000000002,9.69999999999998));
#4372=CARTESIAN_POINT('Origin',(33.47,-9.99500000000003,-9.70000000000002));
#4373=CARTESIAN_POINT('',(33.47,-8.49500000000002,-9.70000000000002));
#4374=CARTESIAN_POINT('',(33.47,-9.99500000000003,-9.70000000000002));
#4375=CARTESIAN_POINT('',(33.47,-8.49500000000003,-4.84999981147003));
#4376=CARTESIAN_POINT('Origin',(46.67,-9.99500000000003,-9.70000000000002));
#4377=CARTESIAN_POINT('',(26.9014511450565,-8.49500000000003,-9.70000000000002));
#4378=CARTESIAN_POINT('Origin',(22.3,-9.99500000000003,2.19999999999998));
#4379=CARTESIAN_POINT('',(22.3,-8.49500000000002,2.99999999999997));
#4380=CARTESIAN_POINT('',(22.3,-9.99500000000003,2.99999999999997));
#4381=CARTESIAN_POINT('Origin',(22.3,-8.49500000000002,2.19999999999998));
#4382=CARTESIAN_POINT('Origin',(-26.9,-9.99500000000003,2.99999999999997));
#4383=CARTESIAN_POINT('',(-26.9,-8.49500000000002,2.99999999999997));
#4384=CARTESIAN_POINT('',(-26.9,-9.99500000000003,2.99999999999997));
#4385=CARTESIAN_POINT('',(-9.88354885494352,-8.49500000000002,2.99999999999997));
#4386=CARTESIAN_POINT('Origin',(-26.9,-9.99500000000003,2.19999999999997));
#4387=CARTESIAN_POINT('',(-27.7,-8.49500000000002,2.19999999999997));
#4388=CARTESIAN_POINT('',(-27.7,-9.99500000000003,2.19999999999997));
#4389=CARTESIAN_POINT('Origin',(-26.9,-8.49500000000002,2.19999999999997));
#4390=CARTESIAN_POINT('Origin',(-27.7,-9.99500000000003,-2.20000000000003));
#4391=CARTESIAN_POINT('',(-27.7,-8.49500000000002,-1.09999981147004));
#4392=CARTESIAN_POINT('Origin',(-34.6,-3.81,-3.10862446895044E-14));
#4393=CARTESIAN_POINT('',(-39.0383875395403,-3.81,-4.88474319169943));
#4394=CARTESIAN_POINT('',(-39.0383874559913,-3.81,4.88474326761382));
#4395=CARTESIAN_POINT('Ctrl Pts',(-39.0337405495265,-3.81000000002837,-4.8805515765006));
#4396=CARTESIAN_POINT('Ctrl Pts',(-39.5342687293598,-3.81000000834756,-3.66635229109345));
#4397=CARTESIAN_POINT('Ctrl Pts',(-39.8518134777813,-3.81000001717951,-2.37732579481801));
#4398=CARTESIAN_POINT('Ctrl Pts',(-39.961311459227,-3.81000002613371,-1.07044449268166));
#4399=CARTESIAN_POINT('Ctrl Pts',(-40.1304440426868,-3.81000003996453,0.948188252757253));
#4400=CARTESIAN_POINT('Ctrl Pts',(-39.8032091579179,-3.81000005408702,3.00941980859693));
#4401=CARTESIAN_POINT('Ctrl Pts',(-39.0361450658589,-3.81000006695122,4.88699062167531));
#4402=CARTESIAN_POINT('Origin',(-34.6,-3.81,-3.10862446895044E-14));
#4403=CARTESIAN_POINT('Origin',(-34.6,5.19,-3.10862446895044E-14));
#4404=CARTESIAN_POINT('Ctrl Pts',(-39.0383874559913,-3.81000000000001,4.88474326761382));
#4405=CARTESIAN_POINT('Ctrl Pts',(-39.294789551027,-3.49708185118903,4.65177056465904));
#4406=CARTESIAN_POINT('Ctrl Pts',(-39.5437029297377,-3.19880062825341,4.38878310116407));
#4407=CARTESIAN_POINT('Ctrl Pts',(-40.0501932969241,-2.60029108304682,3.74823187134353));
#4408=CARTESIAN_POINT('Ctrl Pts',(-40.302680321379,-2.30761854199136,3.3579489726241));
#4409=CARTESIAN_POINT('Ctrl Pts',(-40.7577966789705,-1.78591221703435,2.43620120453418));
#4410=CARTESIAN_POINT('Ctrl Pts',(-40.9484598348387,-1.57120832649185,1.89928128655105));
#4411=CARTESIAN_POINT('Ctrl Pts',(-41.1200505115638,-1.37867170564096,1.05829092024723));
#4412=CARTESIAN_POINT('Ctrl Pts',(-41.1580349438263,-1.33621840168001,0.791329105290143));
#4413=CARTESIAN_POINT('Ctrl Pts',(-41.1949522030205,-1.29497156932505,0.324312238143141));
#4414=CARTESIAN_POINT('Ctrl Pts',(-41.2017122796517,-1.28742903368674,0.127517874345687));
#4415=CARTESIAN_POINT('Ctrl Pts',(-41.1974620611655,-1.29217411175866,-0.275408809803435));
#4416=CARTESIAN_POINT('Ctrl Pts',(-41.1856707964923,-1.30533284276145,-0.480356814291788));
#4417=CARTESIAN_POINT('Ctrl Pts',(-41.1318262025102,-1.36552636424343,-0.997331210272431));
#4418=CARTESIAN_POINT('Ctrl Pts',(-41.0771785182381,-1.4266608575292,-1.3038285574055));
#4419=CARTESIAN_POINT('Ctrl Pts',(-40.8340630428984,-1.70012024476787,-2.27614150854992));
#4420=CARTESIAN_POINT('Ctrl Pts',(-40.5690798781821,-1.99990271657603,-2.88361098148714));
#4421=CARTESIAN_POINT('Ctrl Pts',(-39.8946666036856,-2.78143271603544,-3.99911400533984));
#4422=CARTESIAN_POINT('Ctrl Pts',(-39.4770762212846,-3.27461578325904,-4.48614078776955));
#4423=CARTESIAN_POINT('Ctrl Pts',(-39.0383875395403,-3.81000000000001,-4.88474319169943));
#4424=CARTESIAN_POINT('Origin',(-33.8,3.59,-9.40000000000004));
#4425=CARTESIAN_POINT('',(-30.8515969941234,-8.49500000546812,-9.95400355156791));
#4426=CARTESIAN_POINT('',(-32.8227357497177,-8.49500000000003,-6.56363708508239));
#4427=CARTESIAN_POINT('Origin',(-33.8,-8.49500000000003,-9.40000000000004));
#4428=CARTESIAN_POINT('',(-31.3487531540095,-5.80720818907435,-11.1295632107622));
#4429=CARTESIAN_POINT('Ctrl Pts',(-31.3487531540095,-5.80720818907435,-11.1295632107622));
#4430=CARTESIAN_POINT('Ctrl Pts',(-31.3396725121557,-5.83933296598906,-11.1166935483149));
#4431=CARTESIAN_POINT('Ctrl Pts',(-31.3307163773135,-5.87143761399699,-11.1037851848113));
#4432=CARTESIAN_POINT('Ctrl Pts',(-31.0867055631035,-6.7577464981747,-10.7461601115003));
#4433=CARTESIAN_POINT('Ctrl Pts',(-30.9275756742175,-7.64010620184439,-10.3583613633135));
#4434=CARTESIAN_POINT('Ctrl Pts',(-30.8515970278848,-8.49500000546812,-9.95400353249986));
#4435=CARTESIAN_POINT('',(-31.3487531540095,3.59,-11.1295632107622));
#4436=CARTESIAN_POINT('',(-32.8227357497177,3.59,-6.56363708508239));
#4437=CARTESIAN_POINT('Origin',(-32.8636825531011,3.59,-13.2766173850846));
#4438=CARTESIAN_POINT('',(-32.7895346592518,-0.680847457278072,-13.1715302797883));
#4439=CARTESIAN_POINT('Ctrl Pts',(-32.7895346591463,-0.680847457260618,
-13.1715302798187));
#4440=CARTESIAN_POINT('Ctrl Pts',(-32.3202327944624,-2.35856010035589,-12.5064058666341));
#4441=CARTESIAN_POINT('Ctrl Pts',(-31.8301195053349,-4.10426836395124,-11.811786180764));
#4442=CARTESIAN_POINT('Ctrl Pts',(-31.3487531540096,-5.80720818907435,-11.1295632107622));
#4443=CARTESIAN_POINT('',(-32.8636825531011,-0.36043885439204,-13.2766173850846));
#4444=CARTESIAN_POINT('Ctrl Pts',(-32.8638641648819,-0.360395524359053,
-13.2764390968581));
#4445=CARTESIAN_POINT('Ctrl Pts',(-32.8483730749009,-0.443948101302434,
-13.2544956875772));
#4446=CARTESIAN_POINT('Ctrl Pts',(-32.8303167961564,-0.526034436830198,
-13.228927774556));
#4447=CARTESIAN_POINT('Ctrl Pts',(-32.8097503898972,-0.606301260821419,
-13.1997884063347));
#4448=CARTESIAN_POINT('Ctrl Pts',(-32.8033372020261,-0.631330729537715,
-13.1907019261546));
#4449=CARTESIAN_POINT('Ctrl Pts',(-32.7966798651691,-0.656183158560831,
-13.1812678139364));
#4450=CARTESIAN_POINT('Ctrl Pts',(-32.7897798599878,-0.680847457278041,
-13.1714867267537));
#4451=CARTESIAN_POINT('',(-32.8636825531011,3.59,-13.2766173850846));
#4452=CARTESIAN_POINT('Origin',(-34.6,3.59,-3.10862446895044E-14));
#4453=CARTESIAN_POINT('',(-35.2425226772486,-8.49500000000003,-6.76957639806374));
#4454=CARTESIAN_POINT('Origin',(-34.6,-8.49500000000003,-3.10862446895044E-14));
#4455=CARTESIAN_POINT('',(-35.2425226772486,3.59,-6.76957639806374));
#4456=CARTESIAN_POINT('Ctrl Pts',(-37.7661760780111,3.58999999999999,-9.81749072344337));
#4457=CARTESIAN_POINT('Ctrl Pts',(-37.7661760780111,-16.41,-9.81749072344337));
#4458=CARTESIAN_POINT('Ctrl Pts',(-37.7284056646117,3.58999999999999,-9.85826656096088));
#4459=CARTESIAN_POINT('Ctrl Pts',(-37.7284056646117,-16.41,-9.85826656096088));
#4460=CARTESIAN_POINT('Ctrl Pts',(-37.6903899632715,3.58999999999997,-9.89883519907931));
#4461=CARTESIAN_POINT('Ctrl Pts',(-37.6903899632715,-16.41,-9.89883519907931));
#4462=CARTESIAN_POINT('Ctrl Pts',(-36.3615555260432,3.58999999999997,-11.3005925858303));
#4463=CARTESIAN_POINT('Ctrl Pts',(-36.3615555260432,-16.41,-11.3005925858303));
#4464=CARTESIAN_POINT('Ctrl Pts',(-34.8180891309219,3.58999999999998,-12.3976827571912));
#4465=CARTESIAN_POINT('Ctrl Pts',(-34.8180891309219,-16.41,-12.3976827571912));
#4466=CARTESIAN_POINT('Ctrl Pts',(-33.0269600323196,3.58999999999998,-13.205670053146));
#4467=CARTESIAN_POINT('Ctrl Pts',(-33.0269600323196,-16.41,-13.205670053146));
#4468=CARTESIAN_POINT('Ctrl Pts',(-32.9454751811503,3.58999999999999,-13.2415251852413));
#4469=CARTESIAN_POINT('Ctrl Pts',(-32.9454751811503,-16.41,-13.2415251852413));
#4470=CARTESIAN_POINT('Ctrl Pts',(-32.8636825551321,3.58999999999999,-13.2766173898184));
#4471=CARTESIAN_POINT('Ctrl Pts',(-32.8636825551321,-16.41,-13.2766173898184));
#4472=CARTESIAN_POINT('',(-37.7661760712216,-0.360438900071797,-9.81749071715431));
#4473=CARTESIAN_POINT('Ctrl Pts',(-37.7661760780111,-0.36043887069492,-9.81749072344337));
#4474=CARTESIAN_POINT('Ctrl Pts',(-37.7284056646117,-0.36043887069492,-9.85826656096088));
#4475=CARTESIAN_POINT('Ctrl Pts',(-37.6903899632715,-0.360438870694944,
-9.89883519907931));
#4476=CARTESIAN_POINT('Ctrl Pts',(-37.6521304453651,-0.360438870694944,
-9.93919429900648));
#4477=CARTESIAN_POINT('Ctrl Pts',(-36.3615555260432,-0.360438870694944,
-11.3005925858303));
#4478=CARTESIAN_POINT('Ctrl Pts',(-34.8180891309219,-0.360438870694932,
-12.3976827571912));
#4479=CARTESIAN_POINT('Ctrl Pts',(-33.1081262857342,-0.360438870694933,
-13.1690555502213));
#4480=CARTESIAN_POINT('Ctrl Pts',(-33.0269600323196,-0.360438870694933,
-13.205670053146));
#4481=CARTESIAN_POINT('Ctrl Pts',(-32.9454751811503,-0.360438870694922,
-13.2415251852413));
#4482=CARTESIAN_POINT('Ctrl Pts',(-32.8636825551321,-0.360438870694922,
-13.2766173898184));
#4483=CARTESIAN_POINT('',(-37.7661760712216,3.59,-9.81749071715431));
#4484=CARTESIAN_POINT('Origin',(-36.2512468459904,3.59,-7.67043678923788));
#4485=CARTESIAN_POINT('',(-36.2512468459904,-5.8072077336543,-7.67043678923788));
#4486=CARTESIAN_POINT('',(-37.6920281879617,-0.680847454812801,-9.71240362719249));
#4487=CARTESIAN_POINT('Ctrl Pts',(-36.2512468459904,-5.8072077336543,-7.67043678923788));
#4488=CARTESIAN_POINT('Ctrl Pts',(-36.7326131389808,-4.10426806282162,-8.35265967656369));
#4489=CARTESIAN_POINT('Ctrl Pts',(-37.2227263753456,-2.35855994581816,-9.04727928765495));
#4490=CARTESIAN_POINT('Ctrl Pts',(-37.6920281880139,-0.680847454798566,
-9.71240362711974));
#4491=CARTESIAN_POINT('',(-36.2512468459904,3.59,-7.67043678923788));
#4492=CARTESIAN_POINT('Ctrl Pts',(-37.692408449985,-0.680847454812916,-9.71256489719484));
#4493=CARTESIAN_POINT('Ctrl Pts',(-37.7145313852134,-0.601760785324534,
-9.74391711007086));
#4494=CARTESIAN_POINT('Ctrl Pts',(-37.7341336418945,-0.520741317017833,
-9.77172535299276));
#4495=CARTESIAN_POINT('Ctrl Pts',(-37.751196937197,-0.438147591878637,-9.79592785284718));
#4496=CARTESIAN_POINT('Ctrl Pts',(-37.7565203265539,-0.412380086273368,
-9.80347852391341));
#4497=CARTESIAN_POINT('Ctrl Pts',(-37.7615962894877,-0.386459219757024,
-9.81067806163944));
#4498=CARTESIAN_POINT('Ctrl Pts',(-37.7664234247732,-0.36039557005017,-9.81752408100719));
#4499=CARTESIAN_POINT('Origin',(-33.8,3.59,-9.40000000000004));
#4500=CARTESIAN_POINT('',(-35.3103863570081,-8.49500003153744,-6.80794809994663));
#4501=CARTESIAN_POINT('Origin',(-33.8,-8.49500000000003,-9.40000000000004));
#4502=CARTESIAN_POINT('Ctrl Pts',(-35.3103863570072,-8.49500003153744,-6.8079480999474));
#4503=CARTESIAN_POINT('Ctrl Pts',(-35.6789246127185,-7.60871777315266,-7.02269501664698));
#4504=CARTESIAN_POINT('Ctrl Pts',(-36.0010825507948,-6.69221922847261,-7.31588805938403));
#4505=CARTESIAN_POINT('Ctrl Pts',(-36.2512468459904,-5.8072077336543,-7.67043678923788));
#4506=CARTESIAN_POINT('Origin',(7.13290229011296,-8.49500000000002,3.77059956342647E-7));
#4507=CARTESIAN_POINT('',(-27.1674996570175,-8.49500008758856,10.613895227235));
#4508=CARTESIAN_POINT('Ctrl Pts',(-35.3100838439657,-8.49500003153953,-6.80769576188565));
#4509=CARTESIAN_POINT('Ctrl Pts',(-36.6982145586513,-8.4950000453367,-5.14264794093538));
#4510=CARTESIAN_POINT('Ctrl Pts',(-38.5014470627538,-8.49500008151806,-0.77626836565728));
#4511=CARTESIAN_POINT('Ctrl Pts',(-36.7314532276443,-8.49500013968963,6.24389697597552));
#4512=CARTESIAN_POINT('Ctrl Pts',(-31.8545973840012,-8.49500017113702,10.0389803248848));
#4513=CARTESIAN_POINT('Ctrl Pts',(-28.3381036959278,-8.49500017590097,10.6138951815835));
#4514=CARTESIAN_POINT('Ctrl Pts',(-27.1674996570175,-8.49500017590097,10.6138951853366));
#4515=CARTESIAN_POINT('',(-1.31348314661666,-8.49500000000002,10.6138952687899));
#4516=CARTESIAN_POINT('',(25.051451251534,-8.49500000000002,10.6138952687899));
#4517=CARTESIAN_POINT('',(3.71348306003669,-8.49500000000002,10.6138952687899));
#4518=CARTESIAN_POINT('Origin',(1.19999995671002,-8.49500000000003,11.59999995672));
#4519=CARTESIAN_POINT('',(47.0633909997733,-8.49499999920759,10.6138952691658));
#4520=CARTESIAN_POINT('',(25.051451251534,-8.49500000000002,10.6138952687899));
#4521=CARTESIAN_POINT('',(47.47,-8.49500000000002,10.0625));
#4522=CARTESIAN_POINT('Ctrl Pts',(47.0633909997733,-8.49500000000002,10.6138952687899));
#4523=CARTESIAN_POINT('Ctrl Pts',(47.0832365735601,-8.49500000000002,10.6138952652246));
#4524=CARTESIAN_POINT('Ctrl Pts',(47.102901245145,-8.49500000000003,10.6119416618411));
#4525=CARTESIAN_POINT('Ctrl Pts',(47.1423492296091,-8.49500000000003,10.6038706269648));
#4526=CARTESIAN_POINT('Ctrl Pts',(47.1617232174895,-8.49500000000093,10.5977202415455));
#4527=CARTESIAN_POINT('Ctrl Pts',(47.2264442837969,-8.49500000000093,10.5700877943334));
#4528=CARTESIAN_POINT('Ctrl Pts',(47.2675730757272,-8.49500000000008,10.5398081411566));
#4529=CARTESIAN_POINT('Ctrl Pts',(47.3496512544425,-8.49500000000008,10.4565477313437));
#4530=CARTESIAN_POINT('Ctrl Pts',(47.3901122288968,-8.49500000000002,10.3950450402663));
#4531=CARTESIAN_POINT('Ctrl Pts',(47.4532398992796,-8.49500000000002,10.2411644589989));
#4532=CARTESIAN_POINT('Ctrl Pts',(47.4699999915602,-8.49500000000002,10.1516714546725));
#4533=CARTESIAN_POINT('Ctrl Pts',(47.47,-8.49500000000002,10.0625));
#4534=CARTESIAN_POINT('',(47.47,-8.49500000000003,-10.0624993320768));
#4535=CARTESIAN_POINT('',(47.47,-8.49500000000003,-5.03124991794753));
#4536=CARTESIAN_POINT('',(47.0633910256582,-8.49500000000003,-10.6138945828097));
#4537=CARTESIAN_POINT('Ctrl Pts',(47.47,-8.49500000000003,-10.0624993320768));
#4538=CARTESIAN_POINT('Ctrl Pts',(47.4699999977235,-8.49500000000003,-10.1097426135594));
#4539=CARTESIAN_POINT('Ctrl Pts',(47.4652955886344,-8.49500000000003,-10.1570353994719));
#4540=CARTESIAN_POINT('Ctrl Pts',(47.4469557710356,-8.49500000000003,-10.2469931995372));
#4541=CARTESIAN_POINT('Ctrl Pts',(47.4338125246192,-8.49500000000001,-10.2898816775999));
#4542=CARTESIAN_POINT('Ctrl Pts',(47.3862856965739,-8.49500000000001,-10.4016491382244));
#4543=CARTESIAN_POINT('Ctrl Pts',(47.3453638857551,-8.4949999999994,-10.4621340867392));
#4544=CARTESIAN_POINT('Ctrl Pts',(47.2629968501127,-8.4949999999994,-10.5434177386645));
#4545=CARTESIAN_POINT('Ctrl Pts',(47.2219730986567,-8.49499999999964,-10.5727321562455));
#4546=CARTESIAN_POINT('Ctrl Pts',(47.1400793936346,-8.49499999999964,-10.6063137507659));
#4547=CARTESIAN_POINT('Ctrl Pts',(47.1024908360138,-8.49500000000003,-10.6138945778345));
#4548=CARTESIAN_POINT('Ctrl Pts',(47.0633910256582,-8.49500000000003,-10.6138945828104));
#4549=CARTESIAN_POINT('',(-27.1674997178811,-8.49500000000003,-10.6138946282359));
#4550=CARTESIAN_POINT('',(-10.0172988817561,-8.49500000000003,-10.6138945828097));
#4551=CARTESIAN_POINT('Ctrl Pts',(-27.1674997178811,-8.49500000000003,-10.613894650949));
#4552=CARTESIAN_POINT('Ctrl Pts',(-28.4216269221221,-8.49500000000003,-10.6138946397318));
#4553=CARTESIAN_POINT('Ctrl Pts',(-29.6752714120106,-8.49500000186649,-10.3886491826591));
#4554=CARTESIAN_POINT('Ctrl Pts',(-30.8515513125373,-8.49500000546914,-9.95387998929661));
#4555=CARTESIAN_POINT('Ctrl Pts',(-27.1674999378504,-0.680847437682712,
14.3211895787981));
#4556=CARTESIAN_POINT('Ctrl Pts',(-27.1674998409086,-3.2855650170888,13.0854247809776));
#4557=CARTESIAN_POINT('Ctrl Pts',(-27.1674997453784,-5.89028259649488,11.8496599831571));
#4558=CARTESIAN_POINT('Ctrl Pts',(-27.16749965316,-8.49500017590097,10.6138951853366));
#4559=CARTESIAN_POINT('Ctrl Pts',(-28.7469806580781,-0.680847437682712,
14.3211895440676));
#4560=CARTESIAN_POINT('Ctrl Pts',(-28.6108666650646,-3.28556501708881,13.086172051625));
#4561=CARTESIAN_POINT('Ctrl Pts',(-28.4742176823271,-5.89028259649488,11.8489126749511));
#4562=CARTESIAN_POINT('Ctrl Pts',(-28.3381036933527,-8.49500017590097,10.6138951820045));
#4563=CARTESIAN_POINT('Ctrl Pts',(-33.4917395832003,-0.680847432918764,
13.5454643758226));
#4564=CARTESIAN_POINT('Ctrl Pts',(-32.946020038542,-3.28556501232484,12.3761710422897));
#4565=CARTESIAN_POINT('Ctrl Pts',(-32.4003169258818,-5.89028259173094,11.2082736606804));
#4566=CARTESIAN_POINT('Ctrl Pts',(-31.8545973829298,-8.49500017113702,10.0389803257185));
#4567=CARTESIAN_POINT('Ctrl Pts',(-40.0720173515794,-0.680847401471365,
8.4248080440139));
#4568=CARTESIAN_POINT('Ctrl Pts',(-38.9584590507775,-3.28556498087746,7.69828945309521));
#4569=CARTESIAN_POINT('Ctrl Pts',(-37.8450115301281,-5.89028256028354,6.97041556611339));
#4570=CARTESIAN_POINT('Ctrl Pts',(-36.7314532276443,-8.49500013968963,6.24389697597552));
#4571=CARTESIAN_POINT('Ctrl Pts',(-42.5206181874493,-0.680847341829304,
-1.28685390156852));
#4572=CARTESIAN_POINT('Ctrl Pts',(-41.1957382146416,-3.28556492123539,-1.17611134465415));
#4573=CARTESIAN_POINT('Ctrl Pts',(-39.8710700670275,-5.89028250064147,-1.06447113735173));
#4574=CARTESIAN_POINT('Ctrl Pts',(-38.546190093741,-8.49500008004756,-0.953728574379618));
#4575=CARTESIAN_POINT('Ctrl Pts',(-39.8343856818208,-0.680847304342583,
-7.39090802125726));
#4576=CARTESIAN_POINT('Ctrl Pts',(-38.740953128102,-3.28556488374867,-6.75240710186115));
#4577=CARTESIAN_POINT('Ctrl Pts',(-37.6487690606874,-5.89028246315476,-6.11614059355447));
#4578=CARTESIAN_POINT('Ctrl Pts',(-36.5553365110407,-8.49500004256084,-5.47763966656706));
#4579=CARTESIAN_POINT('Ctrl Pts',(-37.692028245382,-0.680847290085623,-9.71240368018197));
#4580=CARTESIAN_POINT('Ctrl Pts',(-36.7838742727204,-3.28556486949171,-8.87432739701161));
#4581=CARTESIAN_POINT('Ctrl Pts',(-35.8757203020249,-5.8902824488978,-8.03625111171076));
#4582=CARTESIAN_POINT('Ctrl Pts',(-34.9675663359423,-8.49500002830388,-7.19817482141139));
#4583=CARTESIAN_POINT('',(-27.167499973155,-0.680847437683443,14.3211895787975));
#4584=CARTESIAN_POINT('Ctrl Pts',(-37.6924084499237,-0.680847454812916,
-9.71256489726115));
#4585=CARTESIAN_POINT('Ctrl Pts',(-37.925957556495,-0.680847454632858,-9.45991864657304));
#4586=CARTESIAN_POINT('Ctrl Pts',(-39.547639245304,-0.680847453288221,-7.57320154108656));
#4587=CARTESIAN_POINT('Ctrl Pts',(-41.6085266223293,-0.680847450239865,
-3.29593388745148));
#4588=CARTESIAN_POINT('Ctrl Pts',(-41.6057738754848,-0.680847445542407,
3.29526308750651));
#4589=CARTESIAN_POINT('Ctrl Pts',(-38.7486845999321,-0.68084744130907,9.23522024625306));
#4590=CARTESIAN_POINT('Ctrl Pts',(-33.5929147251701,-0.680847438381085,
13.3435948904447));
#4591=CARTESIAN_POINT('Ctrl Pts',(-29.3098551459062,-0.680847437684367,
14.3211895263199));
#4592=CARTESIAN_POINT('Ctrl Pts',(-27.167499973155,-0.680847437684368,14.3211895787973));
#4593=CARTESIAN_POINT('',(-27.1675000000004,0.132958551687161,14.7072862527216));
#4594=CARTESIAN_POINT('Ctrl Pts',(-32.7895346943391,-0.680847268842151,
-13.1715303619918));
#4595=CARTESIAN_POINT('Ctrl Pts',(-32.3044132337383,-3.28556484824824,-12.0349685350045));
#4596=CARTESIAN_POINT('Ctrl Pts',(-31.8192917765264,-5.89028242765432,-10.8984067065707));
#4597=CARTESIAN_POINT('Ctrl Pts',(-31.3341703272653,-8.49500000706041,-9.76184487474333));
#4598=CARTESIAN_POINT('Ctrl Pts',(-31.018308261736,-0.680847264199238,-13.9275470978975));
#4599=CARTESIAN_POINT('Ctrl Pts',(-30.6860020900326,-3.28556484360532,-12.7256544452108));
#4600=CARTESIAN_POINT('Ctrl Pts',(-30.3537634916985,-5.89028242301141,-11.524045822989));
#4601=CARTESIAN_POINT('Ctrl Pts',(-30.0214573327564,-8.4950000024175,-10.3221531666562));
#4602=CARTESIAN_POINT('Ctrl Pts',(-29.0933262489597,-0.680847261781765,
-14.3211901538857));
#4603=CARTESIAN_POINT('Ctrl Pts',(-28.9271314194215,-3.28556484118785,-13.0853290641843));
#4604=CARTESIAN_POINT('Ctrl Pts',(-28.7609859504781,-5.89028242059394,-11.8497557298824));
#4605=CARTESIAN_POINT('Ctrl Pts',(-28.5947911349452,-8.49500000000003,-10.613894638183));
#4606=CARTESIAN_POINT('Ctrl Pts',(-27.1675006124452,-0.680847261781763,
-14.3211902869472));
#4607=CARTESIAN_POINT('Ctrl Pts',(-27.1675003078314,-3.28556484118785,-13.0854250749478));
#4608=CARTESIAN_POINT('Ctrl Pts',(-27.1675000076531,-5.89028242059394,-11.8496598629484));
#4609=CARTESIAN_POINT('Ctrl Pts',(-27.1674997178811,-8.49500000000003,-10.613894650949));
#4610=CARTESIAN_POINT('',(-27.1675006635721,-0.680847477533355,-14.3211900122359));
#4611=CARTESIAN_POINT('Ctrl Pts',(-27.1675006124452,-0.680847544279076,
-14.3211901529211));
#4612=CARTESIAN_POINT('Ctrl Pts',(-27.1675003078314,-3.28556502951939,-13.085424985597));
#4613=CARTESIAN_POINT('Ctrl Pts',(-27.1675000076531,-5.89028251475971,-11.849659818273));
#4614=CARTESIAN_POINT('Ctrl Pts',(-27.1674997178811,-8.49500000000003,-10.613894650949));
#4615=CARTESIAN_POINT('Ctrl Pts',(-27.1675006635721,-0.680847458097418,
-14.3211901938085));
#4616=CARTESIAN_POINT('Ctrl Pts',(-29.0932376157535,-0.68084745809742,-14.3211900537636));
#4617=CARTESIAN_POINT('Ctrl Pts',(-31.0183403132372,-0.680847457815981,
-13.9262924085201));
#4618=CARTESIAN_POINT('Ctrl Pts',(-32.7895566315039,-0.680847457278108,
-13.1715818460692));
#4619=CARTESIAN_POINT('Ctrl Pts',(-35.9402795804492,-3.56172720564501,-9.5317849707989));
#4620=CARTESIAN_POINT('Ctrl Pts',(-35.4119450681001,-5.20615147817567,-8.95773994141567));
#4621=CARTESIAN_POINT('Ctrl Pts',(-34.8836105570025,-6.85057575070633,-8.38369491088066));
#4622=CARTESIAN_POINT('Ctrl Pts',(-34.3552760480689,-8.49500002323698,-7.80964987835395));
#4623=CARTESIAN_POINT('Ctrl Pts',(-35.1203281634964,-3.56172720052145,-10.2864446146284));
#4624=CARTESIAN_POINT('Ctrl Pts',(-34.6413685185423,-5.20615147305211,-9.66694244907176));
#4625=CARTESIAN_POINT('Ctrl Pts',(-34.1624272166119,-6.85057574558277,-9.04746516097907));
#4626=CARTESIAN_POINT('Ctrl Pts',(-33.6834675755228,-8.49500001811343,-8.42796299240761));
#4627=CARTESIAN_POINT('Ctrl Pts',(-34.2025233496724,-3.56172719612054,-10.9346635034135));
#4628=CARTESIAN_POINT('Ctrl Pts',(-33.7788381798489,-5.2061514686512,-10.2761225694515));
#4629=CARTESIAN_POINT('Ctrl Pts',(-33.3551703249503,-6.85057574118186,-9.61760723926486));
#4630=CARTESIAN_POINT('Ctrl Pts',(-32.9314851594464,-8.49500001371252,-8.95906630249879));
#4631=CARTESIAN_POINT('Ctrl Pts',(-33.2171254799201,-3.56172719258738,-11.455069636797));
#4632=CARTESIAN_POINT('Ctrl Pts',(-32.8527909578071,-5.20615146511804,-10.7651961418847));
#4633=CARTESIAN_POINT('Ctrl Pts',(-32.4884564374349,-6.8505757376487,-10.0753226460532));
#4634=CARTESIAN_POINT('Ctrl Pts',(-32.1241219200727,-8.49500001017936,-9.38544914863195));
#4635=CARTESIAN_POINT('Ctrl Pts',(-32.3568863208682,-8.49500001122912,-9.25876393327779));
#4636=CARTESIAN_POINT('Ctrl Pts',(-32.9963665584982,-8.4950000141998,-8.90026114374519));
#4637=CARTESIAN_POINT('Ctrl Pts',(-33.5985947380365,-8.49500001772089,-8.47533456226651));
#4638=CARTESIAN_POINT('Ctrl Pts',(-34.1507358939788,-8.49500002171727,-7.99304915181876));
#4639=CARTESIAN_POINT('Ctrl Pts',(-27.1674999431564,0.390750148460911,14.5625));
#4640=CARTESIAN_POINT('Ctrl Pts',(-29.345953566931,0.390750148460912,14.5624999520989));
#4641=CARTESIAN_POINT('Ctrl Pts',(-33.7011822235476,0.390750157770335,13.5684329670946));
#4642=CARTESIAN_POINT('Ctrl Pts',(-38.9438262597889,0.390750196893503,9.3908326899211));
#4643=CARTESIAN_POINT('Ctrl Pts',(-41.8490572044745,0.39075025345843,3.35078793176972));
#4644=CARTESIAN_POINT('Ctrl Pts',(-41.8518563760141,0.390750316224978,-3.35146999466038));
#4645=CARTESIAN_POINT('Ctrl Pts',(-38.9420878161025,0.390750372780845,-9.39054775134318));
#4646=CARTESIAN_POINT('Ctrl Pts',(-33.7012651116738,0.390750411907876,-13.5685601173836));
#4647=CARTESIAN_POINT('Ctrl Pts',(-29.3459542528926,0.390750421216112,-14.5625006035836));
#4648=CARTESIAN_POINT('Ctrl Pts',(-27.1675006291181,0.390750421216116,-14.5625007541));
#4649=CARTESIAN_POINT('Ctrl Pts',(-27.1674999431564,0.021595255622192,14.5625));
#4650=CARTESIAN_POINT('Ctrl Pts',(-29.3459956236661,0.0215952556221932,
14.562499952098));
#4651=CARTESIAN_POINT('Ctrl Pts',(-33.701161942823,0.0215952612427313,13.5684535541895));
#4652=CARTESIAN_POINT('Ctrl Pts',(-38.9438648592398,0.0215952848514248,
9.39085406561339));
#4653=CARTESIAN_POINT('Ctrl Pts',(-41.8490669763053,0.0215953189828868,
3.35079319186384));
#4654=CARTESIAN_POINT('Ctrl Pts',(-41.8518883730403,0.0215953568559628,
-3.35148600348754));
#4655=CARTESIAN_POINT('Ctrl Pts',(-38.942119658901,0.0215953909861205,-9.39054965747552));
#4656=CARTESIAN_POINT('Ctrl Pts',(-33.7012438353224,0.0215954145924486,
-13.5685953400056));
#4657=CARTESIAN_POINT('Ctrl Pts',(-29.3459963084276,0.0215954202142847,
-14.5625006035807));
#4658=CARTESIAN_POINT('Ctrl Pts',(-27.1675006291181,0.0215954202142882,
-14.5625007541));
#4659=CARTESIAN_POINT('Ctrl Pts',(-27.1674999413297,-0.347324913917626,
14.4794237756292));
#4660=CARTESIAN_POINT('Ctrl Pts',(-29.3335673120175,-0.347324913917625,
14.4794237280005));
#4661=CARTESIAN_POINT('Ctrl Pts',(-33.6638888767898,-0.347324911976079,
13.4910479640887));
#4662=CARTESIAN_POINT('Ctrl Pts',(-38.8766826054593,-0.34732490383279,9.33728085102627));
#4663=CARTESIAN_POINT('Ctrl Pts',(-41.7653113833108,-0.347324892062337,
3.33167750551811));
#4664=CARTESIAN_POINT('Ctrl Pts',(-41.7681164495253,-0.347324879002036,
-3.3323662717703));
#4665=CARTESIAN_POINT('Ctrl Pts',(-38.8749473958705,-0.347324867227787,
-9.3369783639453));
#4666=CARTESIAN_POINT('Ctrl Pts',(-33.6639702861195,-0.347324859090103,
-13.4911887589208));
#4667=CARTESIAN_POINT('Ctrl Pts',(-29.3335679842213,-0.347324857146056,
-14.4794243306326));
#4668=CARTESIAN_POINT('Ctrl Pts',(-27.1675006233781,-0.347324857146053,
-14.4794244802931));
#4669=CARTESIAN_POINT('Ctrl Pts',(-27.1674999378504,-0.680847437684368,
14.3211895787973));
#4670=CARTESIAN_POINT('Ctrl Pts',(-29.3098551223789,-0.680847437684367,
14.32118953169));
#4671=CARTESIAN_POINT('Ctrl Pts',(-33.5929147157296,-0.680847438381085,
13.3435948979673));
#4672=CARTESIAN_POINT('Ctrl Pts',(-38.7486845999321,-0.68084744130907,9.23522024625306));
#4673=CARTESIAN_POINT('Ctrl Pts',(-41.6057738754848,-0.680847445542407,
3.29526308750651));
#4674=CARTESIAN_POINT('Ctrl Pts',(-41.6085266223293,-0.680847450239865,
-3.29593388745148));
#4675=CARTESIAN_POINT('Ctrl Pts',(-38.7469748721906,-0.680847454472521,
-9.23494000516476));
#4676=CARTESIAN_POINT('Ctrl Pts',(-33.5929961573758,-0.680847457400787,
-13.3437198380968));
#4677=CARTESIAN_POINT('Ctrl Pts',(-29.3098557725421,-0.68084745809742,-14.3211900457863));
#4678=CARTESIAN_POINT('Ctrl Pts',(-27.1675006124452,-0.680847458097418,
-14.3211901938085));
#4679=CARTESIAN_POINT('',(-27.1675006780174,0.390750357289278,-14.562500565573));
#4680=CARTESIAN_POINT('Ctrl Pts',(-27.1675006466442,0.390750357289274,-14.5625007541));
#4681=CARTESIAN_POINT('Ctrl Pts',(-27.1675006466445,0.0215953776234914,
-14.5625007445091));
#4682=CARTESIAN_POINT('Ctrl Pts',(-27.1675006408045,-0.347324876398171,
-14.4794244711593));
#4683=CARTESIAN_POINT('Ctrl Pts',(-27.1675006296808,-0.680847458097419,
-14.3211901938085));
#4684=CARTESIAN_POINT('',(-27.1674999994502,0.390750148461749,14.5625000000002));
#4685=CARTESIAN_POINT('Ctrl Pts',(-27.1674999994502,0.390750148460911,14.5625));
#4686=CARTESIAN_POINT('Ctrl Pts',(-29.3459536044457,0.390750148460912,14.5624999435363));
#4687=CARTESIAN_POINT('Ctrl Pts',(-33.7011822386006,0.390750157770335,13.5684329550997));
#4688=CARTESIAN_POINT('Ctrl Pts',(-38.9438262597889,0.390750196893503,9.3908326899211));
#4689=CARTESIAN_POINT('Ctrl Pts',(-41.8490572044745,0.39075025345843,3.35078793176972));
#4690=CARTESIAN_POINT('Ctrl Pts',(-41.8518563760141,0.390750316224978,-3.35146999466038));
#4691=CARTESIAN_POINT('Ctrl Pts',(-38.9420878161025,0.390750372780845,-9.39054775134318));
#4692=CARTESIAN_POINT('Ctrl Pts',(-33.7012651247449,0.390750411907876,-13.5685601069632));
#4693=CARTESIAN_POINT('Ctrl Pts',(-29.3459542854802,0.390750421216112,-14.5625005961467));
#4694=CARTESIAN_POINT('Ctrl Pts',(-27.1675006780175,0.390750421216116,-14.5625007541));
#4695=CARTESIAN_POINT('Origin',(-27.1675000000004,0.390750148462561,12.0625000000007));
#4696=CARTESIAN_POINT('Ctrl Pts',(-27.1674999676496,-1.32380598936988,15.6764033260765));
#4697=CARTESIAN_POINT('Ctrl Pts',(-27.1674998641056,-3.92852356877596,14.440638528256));
#4698=CARTESIAN_POINT('Ctrl Pts',(-27.1674997605615,-6.53324114818205,13.2048737304355));
#4699=CARTESIAN_POINT('Ctrl Pts',(-27.1674996570175,-9.13795872758814,11.969108932615));
#4700=CARTESIAN_POINT('Ctrl Pts',(-29.5126843999042,-1.32380598936988,15.6764032745092));
#4701=CARTESIAN_POINT('Ctrl Pts',(-29.327844492248,-3.92852356877597,14.4404395550392));
#4702=CARTESIAN_POINT('Ctrl Pts',(-29.1429140209163,-6.53324114818205,13.2050726469882));
#4703=CARTESIAN_POINT('Ctrl Pts',(-28.9580741132601,-9.13795872758814,11.9691089275182));
#4704=CARTESIAN_POINT('Ctrl Pts',(-34.2008389018106,-1.32380598936988,14.6059784767237));
#4705=CARTESIAN_POINT('Ctrl Pts',(-33.6463140610968,-3.92852356877596,13.4546012232366));
#4706=CARTESIAN_POINT('Ctrl Pts',(-33.0920571914072,-6.53324114818205,12.3032049628757));
#4707=CARTESIAN_POINT('Ctrl Pts',(-32.5375323506934,-9.13795872758814,11.1518277093886));
#4708=CARTESIAN_POINT('Ctrl Pts',(-39.8448448486105,-1.32380598936988,10.1093981060083));
#4709=CARTESIAN_POINT('Ctrl Pts',(-38.8456509674287,-3.92852356877596,9.31251366097028));
#4710=CARTESIAN_POINT('Ctrl Pts',(-37.8459877001156,-6.53324114818205,8.51552292214962));
#4711=CARTESIAN_POINT('Ctrl Pts',(-36.8467938189338,-9.13795872758814,7.71863847711162));
#4712=CARTESIAN_POINT('Ctrl Pts',(-42.9716508576256,-1.32380598936988,3.60730317522433));
#4713=CARTESIAN_POINT('Ctrl Pts',(-41.7256660014763,-3.92852356877597,3.32294576692947));
#4714=CARTESIAN_POINT('Ctrl Pts',(-40.4801298753468,-6.53324114818205,3.03857389735244));
#4715=CARTESIAN_POINT('Ctrl Pts',(-39.2341450191976,-9.13795872758814,2.75421648905758));
#4716=CARTESIAN_POINT('Ctrl Pts',(-42.9755500915483,-1.32380598936988,-3.60779960854346));
#4717=CARTESIAN_POINT('Ctrl Pts',(-41.7295731677169,-3.92852356877596,-3.32344239727339));
#4718=CARTESIAN_POINT('Ctrl Pts',(-40.4830989388613,-6.53324114818206,-3.03895213281265));
#4719=CARTESIAN_POINT('Ctrl Pts',(-39.2371220150299,-9.13795872758814,-2.75459492154258));
#4720=CARTESIAN_POINT('Ctrl Pts',(-39.8414701381597,-1.32380598936988,-10.1071078792727));
#4721=CARTESIAN_POINT('Ctrl Pts',(-38.8422601022888,-3.92852356877598,-9.31023652179969));
#4722=CARTESIAN_POINT('Ctrl Pts',(-37.843426909113,-6.53324114818205,-8.51376052283395));
#4723=CARTESIAN_POINT('Ctrl Pts',(-36.8442168732422,-9.13795872758814,-7.71688916536091));
#4724=CARTESIAN_POINT('Ctrl Pts',(-34.2029102880804,-1.32380598936988,-14.607561408452));
#4725=CARTESIAN_POINT('Ctrl Pts',(-33.6484203173629,-3.92852356877596,-13.4561757340547));
#4726=CARTESIAN_POINT('Ctrl Pts',(-33.0936033906844,-6.53324114818206,-12.3044210953597));
#4727=CARTESIAN_POINT('Ctrl Pts',(-32.5391134199668,-9.13795872758814,-11.1530354209623));
#4728=CARTESIAN_POINT('Ctrl Pts',(-29.5126851383359,-1.32380598936988,-15.676403788736));
#4729=CARTESIAN_POINT('Ctrl Pts',(-29.3278247737104,-3.92852356877597,-14.4404468397114));
#4730=CARTESIAN_POINT('Ctrl Pts',(-29.1429345508705,-6.53324114818205,-13.2050652477834));
#4731=CARTESIAN_POINT('Ctrl Pts',(-28.958074186245,-9.13795872758814,-11.9691082987588));
#4732=CARTESIAN_POINT('Ctrl Pts',(-27.1675007060813,-1.32380598936988,-15.6764039507723));
#4733=CARTESIAN_POINT('Ctrl Pts',(-27.1675003807217,-3.92852356877597,-14.4406387387729));
#4734=CARTESIAN_POINT('Ctrl Pts',(-27.1675000553621,-6.53324114818206,-13.2048735267735));
#4735=CARTESIAN_POINT('Ctrl Pts',(-27.1674997300025,-9.13795872758814,-11.9691083147741));
#4736=CARTESIAN_POINT('',(-32.8779298091197,-9.13795871693298,-10.5190561267066));
#4737=CARTESIAN_POINT('',(-31.3964273997169,-9.13795872191555,-11.1971301793626));
#4738=CARTESIAN_POINT('Ctrl Pts',(-32.878210871198,-9.13795872758814,-10.519573041877));
#4739=CARTESIAN_POINT('Ctrl Pts',(-32.7081285969709,-9.13795872758814,-10.6120518084181));
#4740=CARTESIAN_POINT('Ctrl Pts',(-32.2242715246273,-9.13795872758814,-10.8599932445907));
#4741=CARTESIAN_POINT('Ctrl Pts',(-31.724027743099,-9.13795872758814,-11.073945443037));
#4742=CARTESIAN_POINT('Ctrl Pts',(-31.3964950058819,-9.13795872758814,-11.1973096742628));
#4743=CARTESIAN_POINT('',(-35.163417835821,-9.13795870508336,-8.90644979372267));
#4744=CARTESIAN_POINT('Ctrl Pts',(-35.1634159332986,-9.13795870508334,-8.90644767435038));
#4745=CARTESIAN_POINT('Ctrl Pts',(-34.4680254781188,-9.13795870967033,-9.53068719128481));
#4746=CARTESIAN_POINT('Ctrl Pts',(-33.6991803332625,-9.13795871365659,-10.0731751652384));
#4747=CARTESIAN_POINT('Ctrl Pts',(-32.8779284917495,-9.13795871693297,-10.5190537002782));
#4748=CARTESIAN_POINT('',(-36.2989210073002,-9.13795869649747,-7.73800363919998));
#4749=CARTESIAN_POINT('Ctrl Pts',(-36.2989282429934,-9.13795872758814,-7.73800977582668));
#4750=CARTESIAN_POINT('Ctrl Pts',(-35.9474186998617,-9.13795872758814,-8.15247516625255));
#4751=CARTESIAN_POINT('Ctrl Pts',(-35.5674082826842,-9.13795872758814,-8.54280583206956));
#4752=CARTESIAN_POINT('Ctrl Pts',(-35.1628390531214,-9.13795872758814,-8.90580480113591));
#4753=CARTESIAN_POINT('',(-27.1674996570175,-9.13795855168719,11.9691090160683));
#4754=CARTESIAN_POINT('Ctrl Pts',(-27.1674996570175,-9.13795855168719,11.9691090160683));
#4755=CARTESIAN_POINT('Ctrl Pts',(-28.9580741257426,-9.13795855168719,11.9691090109849));
#4756=CARTESIAN_POINT('Ctrl Pts',(-30.747803256942,-9.13795855168719,11.560468399064));
#4757=CARTESIAN_POINT('Ctrl Pts',(-32.3608780722533,-9.13795855168719,10.7839498837341));
#4758=CARTESIAN_POINT('Ctrl Pts',(-33.9739528875646,-9.13795855168719,10.0074313684042));
#4759=CARTESIAN_POINT('Ctrl Pts',(-35.4103733869879,-9.13795855168719,8.8630349496654));
#4760=CARTESIAN_POINT('Ctrl Pts',(-36.5264755061878,-9.13795855168719,7.46343306985167));
#4761=CARTESIAN_POINT('Ctrl Pts',(-37.6425776253877,-9.13795855168719,6.06383119003795));
#4762=CARTESIAN_POINT('Ctrl Pts',(-38.4383613643644,-9.13795855168719,4.40902384914933));
#4763=CARTESIAN_POINT('Ctrl Pts',(-38.8367493998247,-9.13795855168719,2.66348493720395));
#4764=CARTESIAN_POINT('Ctrl Pts',(-39.2351374352849,-9.13795855168719,0.917946025258576));
#4765=CARTESIAN_POINT('Ctrl Pts',(-39.2361297672289,-9.13795855168719,-0.918324457743563));
#4766=CARTESIAN_POINT('Ctrl Pts',(-38.8378084067921,-9.13795855168719,-2.66350874564951));
#4767=CARTESIAN_POINT('Ctrl Pts',(-38.4394870463554,-9.13795855168719,-4.40869303355546));
#4768=CARTESIAN_POINT('Ctrl Pts',(-37.641851993538,-9.13795855168719,-6.06279112636521));
#4769=CARTESIAN_POINT('Ctrl Pts',(-36.5255172199113,-9.13795855168719,-7.46253121936049));
#4770=CARTESIAN_POINT('Ctrl Pts',(-36.4514263942699,-9.13795855168719,-7.55543157651443));
#4771=CARTESIAN_POINT('Ctrl Pts',(-36.3759317155925,-9.13795855168719,-7.6472115020301));
#4772=CARTESIAN_POINT('Ctrl Pts',(-36.2990743933523,-9.13795855168719,-7.73783757544136));
#4773=CARTESIAN_POINT('',(-27.1674999676496,-1.32380598936988,15.6764033260765));
#4774=CARTESIAN_POINT('',(-27.1675000000004,-0.510000000000003,16.0625));
#4775=CARTESIAN_POINT('Ctrl Pts',(-27.1675007060813,-1.32380618568554,-15.6764038576336));
#4776=CARTESIAN_POINT('Ctrl Pts',(-29.5125868549969,-1.32380618568554,-15.6764036956041));
#4777=CARTESIAN_POINT('Ctrl Pts',(-34.2010521468171,-1.32380617898613,-14.6064573795914));
#4778=CARTESIAN_POINT('Ctrl Pts',(-39.8427331482538,-1.32380615082448,-10.1088325209542));
#4779=CARTESIAN_POINT('Ctrl Pts',(-42.9750599744098,-1.32380611011876,-3.60782485471449));
#4780=CARTESIAN_POINT('Ctrl Pts',(-42.9720801101537,-1.32380606494288,3.60709891990598));
#4781=CARTESIAN_POINT('Ctrl Pts',(-39.8445962313636,-1.32380602423068,10.1091394589237));
#4782=CARTESIAN_POINT('Ctrl Pts',(-34.2009560618747,-1.32380599607185,14.6063133707495));
#4783=CARTESIAN_POINT('Ctrl Pts',(-29.5125861556558,-1.32380598937154,15.6764032745106));
#4784=CARTESIAN_POINT('Ctrl Pts',(-27.1674999676496,-1.32380598937154,15.6764033260757));
#4785=CARTESIAN_POINT('',(-27.1674997300025,-9.13795872758814,-11.9691083147741));
#4786=CARTESIAN_POINT('',(-27.1675008077352,-0.51000000000001,-16.0625007541));
#4787=CARTESIAN_POINT('Ctrl Pts',(-31.3970863230492,-9.13795872191561,-11.1970869414236));
#4788=CARTESIAN_POINT('Ctrl Pts',(-30.0489699035162,-9.13795872191561,-11.7049324314786));
#4789=CARTESIAN_POINT('Ctrl Pts',(-28.6082525691461,-9.13795872191561,-11.9691083045793));
#4790=CARTESIAN_POINT('Ctrl Pts',(-27.1674997300025,-9.13795872191561,-11.9691083174654));
#4791=CARTESIAN_POINT('Ctrl Pts',(-33.0194908665807,-9.13795871635916,-10.4409651568674));
#4792=CARTESIAN_POINT('Ctrl Pts',(-31.2414660304513,-9.13795872368196,-11.4375191407401));
#4793=CARTESIAN_POINT('Ctrl Pts',(-29.2056502678829,-9.13795872758814,-11.9691082965444));
#4794=CARTESIAN_POINT('Ctrl Pts',(-27.1674997300025,-9.13795872758814,-11.9691083147741));
#4795=CARTESIAN_POINT('Ctrl Pts',(-32.9604014412156,-9.39269604647309,-10.3355393925513));
#4796=CARTESIAN_POINT('Ctrl Pts',(-31.2002273614753,-9.39269605191642,-11.3220883170111));
#4797=CARTESIAN_POINT('Ctrl Pts',(-29.1851879373476,-9.39269605482919,-11.8482523814102));
#4798=CARTESIAN_POINT('Ctrl Pts',(-27.1674997289215,-9.39269605482919,-11.8482523994568));
#4799=CARTESIAN_POINT('Ctrl Pts',(-32.7701649183111,-9.83159374903984,-9.99612450225425));
#4800=CARTESIAN_POINT('Ctrl Pts',(-31.0679360721452,-9.83159375065638,-10.9501960664992));
#4801=CARTESIAN_POINT('Ctrl Pts',(-29.1187652909613,-9.83159375150684,-11.4591606163201));
#4802=CARTESIAN_POINT('Ctrl Pts',(-27.1674997254414,-9.83159375150684,-11.4591606337727));
#4803=CARTESIAN_POINT('Ctrl Pts',(-32.4947471558988,-9.99500000000003,-9.5047315342384));
#4804=CARTESIAN_POINT('Ctrl Pts',(-30.8761376547821,-9.99499999998406,-10.4119358193428));
#4805=CARTESIAN_POINT('Ctrl Pts',(-29.0229124013322,-9.99500000000003,-10.895847215752));
#4806=CARTESIAN_POINT('Ctrl Pts',(-27.167499720403,-9.99500000000003,-10.8958472323472));
#4807=CARTESIAN_POINT('Ctrl Pts',(-32.3568936113514,-9.99500000000003,-9.25877694578577));
#4808=CARTESIAN_POINT('Ctrl Pts',(-30.7801873240571,-9.99500000000003,-10.1424951629622));
#4809=CARTESIAN_POINT('Ctrl Pts',(-28.9748787301026,-9.99500000000003,-10.6138946347834));
#4810=CARTESIAN_POINT('Ctrl Pts',(-27.1674997178811,-9.99500000000003,-10.613894650949));
#4811=CARTESIAN_POINT('Ctrl Pts',(-32.8779298315528,-9.13795871693298,-10.5190561221225));
#4812=CARTESIAN_POINT('Ctrl Pts',(-32.8252987569864,-9.27121831333624,-10.4756896252761));
#4813=CARTESIAN_POINT('Ctrl Pts',(-32.7609923831763,-9.39455441772496,-10.4165343230225));
#4814=CARTESIAN_POINT('Ctrl Pts',(-32.6270453677265,-9.61692099811801,-10.2588943416907));
#4815=CARTESIAN_POINT('Ctrl Pts',(-32.5579903922294,-9.71399080273091,-10.1600133996764));
#4816=CARTESIAN_POINT('Ctrl Pts',(-32.4468698467081,-9.86030679400513,-9.93438369331888));
#4817=CARTESIAN_POINT('Ctrl Pts',(-32.4044502171012,-9.91133163461122,-9.81541250553578));
#4818=CARTESIAN_POINT('Ctrl Pts',(-32.3506147494875,-9.980688918324,-9.54709159563502));
#4819=CARTESIAN_POINT('Ctrl Pts',(-32.3427298508675,-9.99500000000003,-9.40351119866939));
#4820=CARTESIAN_POINT('Ctrl Pts',(-32.3568936113514,-9.99500000000003,-9.25877694578577));
#4821=CARTESIAN_POINT('Origin',(-27.1674997178811,-8.49500000000003,-10.613894650949));
#4822=CARTESIAN_POINT('Ctrl Pts',(-27.1674996570175,-9.13795855168719,11.9691090160683));
#4823=CARTESIAN_POINT('Ctrl Pts',(-28.5487389599299,-9.13795855168719,11.9691090121366));
#4824=CARTESIAN_POINT('Ctrl Pts',(-32.6989258650185,-9.13795855690306,11.2592845417545));
#4825=CARTESIAN_POINT('Ctrl Pts',(-38.3432739814625,-9.13795859126226,6.58337008639288));
#4826=CARTESIAN_POINT('Ctrl Pts',(-39.9672653994452,-9.13795865485458,-2.07085546806314));
#4827=CARTESIAN_POINT('Ctrl Pts',(-37.1228263496003,-9.13795869251502,-7.19603582369954));
#4828=CARTESIAN_POINT('Ctrl Pts',(-35.04238808346,-9.13795870587099,-9.01363897978745));
#4829=CARTESIAN_POINT('Ctrl Pts',(-27.1674996566735,-9.39269592393164,11.8482531199059));
#4830=CARTESIAN_POINT('Ctrl Pts',(-28.5348717950386,-9.39269592393164,11.8482531160137));
#4831=CARTESIAN_POINT('Ctrl Pts',(-32.6431008182911,-9.39269592782041,11.1456667475927));
#4832=CARTESIAN_POINT('Ctrl Pts',(-38.2305766361639,-9.39269595339159,6.51699163414501));
#4833=CARTESIAN_POINT('Ctrl Pts',(-39.8380961358047,-9.39269600069487,-2.05003470767929));
#4834=CARTESIAN_POINT('Ctrl Pts',(-37.0224242032545,-9.39269602874024,-7.12327033921956));
#4835=CARTESIAN_POINT('Ctrl Pts',(-34.9628728193416,-9.39269603866827,-8.92262538482633));
#4836=CARTESIAN_POINT('Ctrl Pts',(-27.167499655566,-9.83159257445733,11.4591606286769));
#4837=CARTESIAN_POINT('Ctrl Pts',(-28.4898576676011,-9.83159257445733,11.4591606249128));
#4838=CARTESIAN_POINT('Ctrl Pts',(-32.463245937966,-9.83159257559377,10.7795491055921));
#4839=CARTESIAN_POINT('Ctrl Pts',(-37.8670644484342,-9.83159258313918,6.3028433026753));
#4840=CARTESIAN_POINT('Ctrl Pts',(-39.4218957963806,-9.83159259713539,-1.98258878762795));
#4841=CARTESIAN_POINT('Ctrl Pts',(-36.6986260807204,-9.83159260538342,-6.88948950145818));
#4842=CARTESIAN_POINT('Ctrl Pts',(-34.7068754828491,-9.83159260833181,-8.62960946954261));
#4843=CARTESIAN_POINT('Ctrl Pts',(-27.1674996539625,-9.99500000000002,10.895847882637));
#4844=CARTESIAN_POINT('Ctrl Pts',(-28.4248988794721,-9.99500000000002,10.8958478790579));
#4845=CARTESIAN_POINT('Ctrl Pts',(-32.2029320165537,-9.99500000001969,10.2496858468518));
#4846=CARTESIAN_POINT('Ctrl Pts',(-37.3411777465951,-9.99500000002668,5.99306181241755));
#4847=CARTESIAN_POINT('Ctrl Pts',(-38.819533491056,-9.9949999999752,-1.885179769715));
#4848=CARTESIAN_POINT('Ctrl Pts',(-36.2301616241105,-9.99500000002915,-6.55075334925158));
#4849=CARTESIAN_POINT('Ctrl Pts',(-34.3362526792994,-9.99500000000003,-8.20539263394965));
#4850=CARTESIAN_POINT('Ctrl Pts',(-27.16749965316,-9.99500000000002,10.6138952687899));
#4851=CARTESIAN_POINT('Ctrl Pts',(-28.3923468188307,-9.99500000000002,10.6138952653034));
#4852=CARTESIAN_POINT('Ctrl Pts',(-32.0726248535394,-9.99500000000002,9.98444134958446));
#4853=CARTESIAN_POINT('Ctrl Pts',(-37.0778862845729,-9.99500000000003,5.83796177957057));
#4854=CARTESIAN_POINT('Ctrl Pts',(-38.5179997608735,-9.99500000000002,-1.83638084860944));
#4855=CARTESIAN_POINT('Ctrl Pts',(-35.9956250376912,-9.99500000000003,-6.38125780510955));
#4856=CARTESIAN_POINT('Ctrl Pts',(-34.1507463705919,-9.99500000000003,-7.9930611246395));
#4857=CARTESIAN_POINT('Origin',(-27.1674996570175,-8.49500000000002,10.6138952687899));
#4858=CARTESIAN_POINT('Ctrl Pts',(-34.1507463767381,-9.99500000000003,-7.99306113167453));
#4859=CARTESIAN_POINT('Ctrl Pts',(-34.2496717776612,-9.99499999947902,-8.01772298921667));
#4860=CARTESIAN_POINT('Ctrl Pts',(-34.3449760739452,-9.98798699445826,-8.05255454074306));
#4861=CARTESIAN_POINT('Ctrl Pts',(-34.5181060122057,-9.95580531343994,-8.13694829023846));
#4862=CARTESIAN_POINT('Ctrl Pts',(-34.5948302417531,-9.93256276352633,-8.18409368275745));
#4863=CARTESIAN_POINT('Ctrl Pts',(-34.7819425667121,-9.84724220093049,-8.3232166707651));
#4864=CARTESIAN_POINT('Ctrl Pts',(-34.8759633538609,-9.77202287816319,-8.42031785395771));
#4865=CARTESIAN_POINT('Ctrl Pts',(-35.0427928322318,-9.55852892046486,-8.63777779170537));
#4866=CARTESIAN_POINT('Ctrl Pts',(-35.1021751955406,-9.41334424735675,-8.75417510426625));
#4867=CARTESIAN_POINT('Ctrl Pts',(-35.1492795088324,-9.21318089153395,-8.86854111078));
#4868=CARTESIAN_POINT('Ctrl Pts',(-35.1567968442487,-9.17596887521895,-8.8881595016383));
#4869=CARTESIAN_POINT('Ctrl Pts',(-35.163417835557,-9.13795870508335,-8.9064497941597));
#4870=CARTESIAN_POINT('Origin',(-1.49999995599991,3.59,14.4469736763856));
#4871=CARTESIAN_POINT('',(-1.49999995794417,-0.680847437683315,14.3211895787978));
#4872=CARTESIAN_POINT('',(-1.50000000000598,-6.41651036425189,11.5999999984542));
#4873=CARTESIAN_POINT('',(-1.49999994199892,1.49349086258788,15.3527681081832));
#4874=CARTESIAN_POINT('',(-1.49999995599991,-0.360439099748179,14.4469736763856));
#4875=CARTESIAN_POINT('Origin',(-1.49999999285706,0.390750148461956,12.0625000000005));
#4876=CARTESIAN_POINT('',(-1.49999995599991,3.59,14.4469736763856));
#4877=CARTESIAN_POINT('',(-1.50000000000598,3.59,11.5999999984542));
#4878=CARTESIAN_POINT('Origin',(1.19999995671002,3.59,11.59999995672));
#4879=CARTESIAN_POINT('',(3.899999999996,-6.41651036425189,11.5999999984542));
#4880=CARTESIAN_POINT('Origin',(1.19999995671002,-6.41651045221847,11.59999995672));
#4881=CARTESIAN_POINT('Origin',(1.19999995671002,-6.41651045221847,11.59999995672));
#4882=CARTESIAN_POINT('',(3.899999999996,3.59,11.5999999984542));
#4883=CARTESIAN_POINT('Origin',(3.89999995598993,3.59,14.4469736763855));
#4884=CARTESIAN_POINT('',(3.89999995598993,-0.360439099748207,14.4469736763855));
#4885=CARTESIAN_POINT('',(7.90125010647729,-0.36043909974823,14.4469736763855));
#4886=CARTESIAN_POINT('',(3.89999995598993,3.59,14.4469736763855));
#4887=CARTESIAN_POINT('Origin',(3.899999999996,3.59,11.5999999984542));
#4888=CARTESIAN_POINT('',(3.89999995793419,-0.680847437683443,14.3211895787977));
#4889=CARTESIAN_POINT('',(3.89999994603158,0.942223970360557,15.0912287286341));
#4890=CARTESIAN_POINT('Origin',(3.89999999284707,0.390750148461829,12.0625000000004));
#4891=CARTESIAN_POINT('Origin',(7.13290229011296,-8.49500000000002,3.77059956342647E-7));
#4892=CARTESIAN_POINT('Origin',(7.13290229011296,-8.49500000000002,3.77059956342647E-7));
#4893=CARTESIAN_POINT('',(25.051451251534,-8.49500000000002,10.6138952687899));
#4894=CARTESIAN_POINT('Origin',(42.970000212955,0.13295855168716,14.7072862527216));
#4895=CARTESIAN_POINT('',(42.970000212955,-0.680847437684362,14.3211895787973));
#4896=CARTESIAN_POINT('',(7.90125010647728,-0.680847437683537,14.3211895787977));
#4897=CARTESIAN_POINT('',(43.4036830234171,-0.781148914256545,14.2736032166913));
#4898=CARTESIAN_POINT('Ctrl Pts',(42.9700000820801,-0.680847437684526,14.3211895787973));
#4899=CARTESIAN_POINT('Ctrl Pts',(43.1157184896184,-0.680847537112882,14.3211895409705));
#4900=CARTESIAN_POINT('Ctrl Pts',(43.2614313792361,-0.714547819963314,14.3052010133754));
#4901=CARTESIAN_POINT('Ctrl Pts',(43.4036827003465,-0.781148992257305,14.2736032068369));
#4902=CARTESIAN_POINT('',(42.970000212955,0.13295855168716,14.7072862527216));
#4903=CARTESIAN_POINT('Origin',(42.970000212955,0.13295855168716,14.7072862527216));
#4904=CARTESIAN_POINT('',(7.90125010647728,-0.680847437683537,14.3211895787977));
#4905=CARTESIAN_POINT('Origin',(7.90125010647728,0.390750148461735,12.0625000000004));
#4906=CARTESIAN_POINT('',(42.9700004257019,0.39075014846079,14.5624999999999));
#4907=CARTESIAN_POINT('',(7.9012501064773,0.390750148461736,14.5625000000004));
#4908=CARTESIAN_POINT('Origin',(42.970000212955,0.39075014846091,12.0625));
#4909=CARTESIAN_POINT('Origin',(42.970000212955,-0.510000000000003,16.0625));
#4910=CARTESIAN_POINT('',(47.063390995635,-9.13795853579703,11.9691090236071));
#4911=CARTESIAN_POINT('',(25.051451251534,-9.13795855168719,11.9691090160683));
#4912=CARTESIAN_POINT('',(43.4036831925683,-1.42410739028775,15.6288169998634));
#4913=CARTESIAN_POINT('',(42.970000212955,-0.510000000000003,16.0625));
#4914=CARTESIAN_POINT('',(42.970000212955,-1.32380598937153,15.6764033260757));
#4915=CARTESIAN_POINT('Origin',(42.96999957409,-5.53936244265069,13.6764029001657));
#4916=CARTESIAN_POINT('',(7.90125010647728,-1.3238059893707,15.6764033260761));
#4917=CARTESIAN_POINT('Origin',(25.051451251534,-8.49500000000002,10.6138952687899));
#4918=CARTESIAN_POINT('Origin',(47.0633909546033,-8.49500000000002,10.6138952687899));
#4919=CARTESIAN_POINT('Ctrl Pts',(47.330941667208,5.19000024117334,10.2455092275893));
#4920=CARTESIAN_POINT('Ctrl Pts',(47.3451353992102,5.19000024117336,10.0624008585921));
#4921=CARTESIAN_POINT('Ctrl Pts',(47.3527376112384,5.19000024117333,9.87798720340768));
#4922=CARTESIAN_POINT('Ctrl Pts',(47.3527376206619,5.19000024117334,9.70088042451708));
#4923=CARTESIAN_POINT('Ctrl Pts',(47.3309416465618,5.0612037511326,10.2455092259889));
#4924=CARTESIAN_POINT('Ctrl Pts',(47.3451353418658,5.06120375113262,10.0624013304223));
#4925=CARTESIAN_POINT('Ctrl Pts',(47.3527375905302,5.06120375113259,9.8779866426223));
#4926=CARTESIAN_POINT('Ctrl Pts',(47.3527375999537,5.06120375113261,9.70088042451708));
#4927=CARTESIAN_POINT('Ctrl Pts',(47.3475713944351,4.93241667982977,10.2467982887765));
#4928=CARTESIAN_POINT('Ctrl Pts',(47.3617963701795,4.93241667982979,10.0632868551961));
#4929=CARTESIAN_POINT('Ctrl Pts',(47.3694172247095,4.93241667982976,9.87846464010546));
#4930=CARTESIAN_POINT('Ctrl Pts',(47.3694172341584,4.93241667982978,9.70088042540457));
#4931=CARTESIAN_POINT('Ctrl Pts',(47.3802846214882,4.80786969899206,10.2493340700751));
#4932=CARTESIAN_POINT('Ctrl Pts',(47.3945711666738,4.80786969899208,10.0650283506821));
#4933=CARTESIAN_POINT('Ctrl Pts',(47.4022285856648,4.80786969899205,9.87940548484844));
#4934=CARTESIAN_POINT('Ctrl Pts',(47.4022285951638,4.80786969899206,9.7008804271504));
#4935=CARTESIAN_POINT('',(47.3967110129137,4.82946356976138,9.70088048405337));
#4936=CARTESIAN_POINT('Origin',(48.8527376206619,5.19,9.7008805043294));
#4937=CARTESIAN_POINT('',(47.3802846128952,4.80786972063627,10.2493341071502));
#4938=CARTESIAN_POINT('Ctrl Pts',(47.380284617468,4.80786971429792,10.2493340697635));
#4939=CARTESIAN_POINT('Ctrl Pts',(47.3853700557106,4.8145316285819,10.16101937535));
#4940=CARTESIAN_POINT('Ctrl Pts',(47.3893337843214,4.819852517757,10.0724952286912));
#4941=CARTESIAN_POINT('Ctrl Pts',(47.3921020882573,4.82349733499018,9.98464501726413));
#4942=CARTESIAN_POINT('Ctrl Pts',(47.395119899614,4.82747065984676,9.88887686034767));
#4943=CARTESIAN_POINT('Ctrl Pts',(47.3967118111052,4.82946368698706,9.7939096560977));
#4944=CARTESIAN_POINT('Ctrl Pts',(47.3967118155739,4.82946369237731,9.70088048405339));
#4945=CARTESIAN_POINT('Origin',(48.8264553820923,5.19,10.3614347579653));
#4946=CARTESIAN_POINT('Ctrl Pts',(43.1539946825876,5.19000000000001,14.4249790801621));
#4947=CARTESIAN_POINT('Ctrl Pts',(44.0705334162941,5.19000000000001,14.3535970941861));
#4948=CARTESIAN_POINT('Ctrl Pts',(46.1568459301576,5.19000000000001,13.5158423216995));
#4949=CARTESIAN_POINT('Ctrl Pts',(47.2362167158081,5.19000000000001,11.4675220549736));
#4950=CARTESIAN_POINT('Ctrl Pts',(47.3309416600159,5.19000000000001,10.2455093203716));
#4951=CARTESIAN_POINT('Ctrl Pts',(43.1539946825876,5.0319084576299,14.4249790801621));
#4952=CARTESIAN_POINT('Ctrl Pts',(44.0705244276068,5.0319084576299,14.3535977942442));
#4953=CARTESIAN_POINT('Ctrl Pts',(46.1568334559842,5.0319084576299,13.5158384454836));
#4954=CARTESIAN_POINT('Ctrl Pts',(47.2362176445442,5.0319084576299,11.4675100736795));
#4955=CARTESIAN_POINT('Ctrl Pts',(47.3309416600159,5.03190845762989,10.2455093203716));
#4956=CARTESIAN_POINT('Ctrl Pts',(43.1559513150936,4.87384312385931,14.4501020780003));
#4957=CARTESIAN_POINT('Ctrl Pts',(44.0776035305981,4.87384312385931,14.3783218431859));
#4958=CARTESIAN_POINT('Ctrl Pts',(46.1754523409441,4.87384312385931,13.5359035834097));
#4959=CARTESIAN_POINT('Ctrl Pts',(47.2608120858468,4.87384312385931,11.4762854472644));
#4960=CARTESIAN_POINT('Ctrl Pts',(47.3560653692097,4.87384312385931,10.2474567975822));
#4961=CARTESIAN_POINT('Ctrl Pts',(43.159768220988,4.7235883097569,14.4991108306614));
#4962=CARTESIAN_POINT('Ctrl Pts',(44.0914218874233,4.72358830975689,14.4265516615764));
#4963=CARTESIAN_POINT('Ctrl Pts',(46.2117853610955,4.7235883097569,13.5750494883925));
#4964=CARTESIAN_POINT('Ctrl Pts',(47.3087888484721,4.72358830975689,11.4934157309275));
#4965=CARTESIAN_POINT('Ctrl Pts',(47.4050755095497,4.72358830975689,10.2512558437606));
#4966=CARTESIAN_POINT('',(43.1577905995477,4.8101675936522,14.4737190385242));
#4967=CARTESIAN_POINT('Ctrl Pts',(43.1577906537525,4.8101675999648,14.4737190326453));
#4968=CARTESIAN_POINT('Ctrl Pts',(44.5708352894285,4.73602216214951,14.3831346403204));
#4969=CARTESIAN_POINT('Ctrl Pts',(45.9290955818579,4.71195022010692,13.5790297661837));
#4970=CARTESIAN_POINT('Ctrl Pts',(46.6889388729144,4.73314037651315,12.3779554029064));
#4971=CARTESIAN_POINT('Ctrl Pts',(47.0928001303371,4.74440307148188,11.7395771895027));
#4972=CARTESIAN_POINT('Ctrl Pts',(47.3323698662686,4.76885990300898,11.0004423682326));
#4973=CARTESIAN_POINT('Ctrl Pts',(47.3802846101473,4.80786971421972,10.2493341644717));
#4974=CARTESIAN_POINT('Origin',(43.2704650612152,5.19,15.920450460999));
#4975=CARTESIAN_POINT('Ctrl Pts',(42.6068542985317,5.19000000000001,14.4469736763853));
#4976=CARTESIAN_POINT('Ctrl Pts',(42.7847720914636,5.19000000000001,14.4469736622884));
#4977=CARTESIAN_POINT('Ctrl Pts',(42.9700832556617,5.19,14.4393024824589));
#4978=CARTESIAN_POINT('Ctrl Pts',(43.153994544716,5.19,14.4249790908998));
#4979=CARTESIAN_POINT('Ctrl Pts',(42.6068542985317,5.06199551910528,14.4469736763853));
#4980=CARTESIAN_POINT('Ctrl Pts',(42.784771542342,5.06199551910528,14.4469736622885));
#4981=CARTESIAN_POINT('Ctrl Pts',(42.9700837197115,5.06199551910528,14.4393024463177));
#4982=CARTESIAN_POINT('Ctrl Pts',(43.153994544716,5.06199551910528,14.4249790908998));
#4983=CARTESIAN_POINT('Ctrl Pts',(42.606854299837,4.93400017384907,14.4634477291435));
#4984=CARTESIAN_POINT('Ctrl Pts',(42.785245839377,4.93400017384907,14.4634477150091));
#4985=CARTESIAN_POINT('Ctrl Pts',(42.9709620632146,4.93400017384907,14.4557579789761));
#4986=CARTESIAN_POINT('Ctrl Pts',(43.1552737044355,4.93400017384907,14.4414034071623));
#4987=CARTESIAN_POINT('Ctrl Pts',(42.6068543024052,4.8101675769514,14.4958612305697));
#4988=CARTESIAN_POINT('Ctrl Pts',(42.7861795825691,4.8101675769514,14.4958612163613));
#4989=CARTESIAN_POINT('Ctrl Pts',(42.9726897899444,4.8101675769514,14.4881350767885));
#4990=CARTESIAN_POINT('Ctrl Pts',(43.1577905135049,4.8101675769514,14.4737190496101));
#4991=CARTESIAN_POINT('Ctrl Pts',(42.6068543878501,4.83210309075788,14.4902968631004));
#4992=CARTESIAN_POINT('Ctrl Pts',(42.7006187962065,4.83210308259633,14.4902968563847));
#4993=CARTESIAN_POINT('Ctrl Pts',(42.7963584857042,4.83006147629547,14.4886798354129));
#4994=CARTESIAN_POINT('Ctrl Pts',(42.8928996702647,4.82599575480939,14.4856144068136));
#4995=CARTESIAN_POINT('Ctrl Pts',(42.9808293107804,4.82229269864392,14.4828224166802));
#4996=CARTESIAN_POINT('Ctrl Pts',(43.0694237496368,4.81690291228713,14.4788329059401));
#4997=CARTESIAN_POINT('Ctrl Pts',(43.1577905130371,4.81016759996882,14.4737190436035));
#4998=CARTESIAN_POINT('Ctrl Pts',(-27.1675006658825,5.1900000272171,-14.4469744304854));
#4999=CARTESIAN_POINT('Ctrl Pts',(-29.3349250515904,5.1900000272171,-14.4469742740179));
#5000=CARTESIAN_POINT('Ctrl Pts',(-33.6635115423526,5.1900000272171,-13.4573957729236));
#5001=CARTESIAN_POINT('Ctrl Pts',(-38.8542973705085,5.1900000272171,-9.30501458646967));
#5002=CARTESIAN_POINT('Ctrl Pts',(-41.7365514286831,5.19000002721711,-3.31934015186891));
#5003=CARTESIAN_POINT('Ctrl Pts',(-41.7309406981652,5.1900000272171,3.33088616864243));
#5004=CARTESIAN_POINT('Ctrl Pts',(-38.8472267660539,5.19000002721711,9.32029645041892));
#5005=CARTESIAN_POINT('Ctrl Pts',(-33.6460247241384,5.19000002721711,13.4602638485763));
#5006=CARTESIAN_POINT('Ctrl Pts',(-29.3349243475916,5.19000002721711,14.4469736255361));
#5007=CARTESIAN_POINT('Ctrl Pts',(-27.1674999618837,5.19000002721711,14.4469736763853));
#5008=CARTESIAN_POINT('Ctrl Pts',(-27.1675006658825,5.069539057739,-14.4469744282996));
#5009=CARTESIAN_POINT('Ctrl Pts',(-29.3349228052558,5.069539057739,-14.4469742718323));
#5010=CARTESIAN_POINT('Ctrl Pts',(-33.6635127047523,5.069539057739,-13.4573933624402));
#5011=CARTESIAN_POINT('Ctrl Pts',(-38.854296488787,5.069539057739,-9.30501466386476));
#5012=CARTESIAN_POINT('Ctrl Pts',(-41.7365496302119,5.069539057739,-3.31933948958465));
#5013=CARTESIAN_POINT('Ctrl Pts',(-41.7309404889782,5.069539057739,3.33088596674708));
#5014=CARTESIAN_POINT('Ctrl Pts',(-38.8472247955104,5.06953905773901,9.32029539911656));
#5015=CARTESIAN_POINT('Ctrl Pts',(-33.6460259215685,5.069539057739,13.460262929802));
#5016=CARTESIAN_POINT('Ctrl Pts',(-29.3349221012569,5.06953905773901,14.4469736233504));
#5017=CARTESIAN_POINT('Ctrl Pts',(-27.1674999618837,5.06953905773901,14.4469736741996));
#5018=CARTESIAN_POINT('Ctrl Pts',(-27.1675006669351,4.94908483327533,-14.4615550527978));
#5019=CARTESIAN_POINT('Ctrl Pts',(-29.3371102920755,4.94908483327533,-14.4615548961726));
#5020=CARTESIAN_POINT('Ctrl Pts',(-33.6700688066039,4.94908483327534,-13.470975264648));
#5021=CARTESIAN_POINT('Ctrl Pts',(-38.8660914063454,4.94908483327534,-9.31440575935697));
#5022=CARTESIAN_POINT('Ctrl Pts',(-41.751253470066,4.94908483327534,-3.32268953995293));
#5023=CARTESIAN_POINT('Ctrl Pts',(-41.7456386588972,4.94908483327534,3.33424766859216));
#5024=CARTESIAN_POINT('Ctrl Pts',(-38.8590125820541,4.94908483327534,9.32970192379165));
#5025=CARTESIAN_POINT('Ctrl Pts',(-33.6525643746687,4.94908483327535,13.4738477205285));
#5026=CARTESIAN_POINT('Ctrl Pts',(-29.3371095873662,4.94908483327535,14.4615542477973));
#5027=CARTESIAN_POINT('Ctrl Pts',(-27.1674999622258,4.94908483327535,14.4615542986978));
#5028=CARTESIAN_POINT('Ctrl Pts',(-27.16750066901,4.83210296703295,-14.4902968018409));
#5029=CARTESIAN_POINT('Ctrl Pts',(-29.3414245447686,4.83210296703295,-14.4902966449042));
#5030=CARTESIAN_POINT('Ctrl Pts',(-33.6829912368313,4.83210296703295,-13.4977506789864));
#5031=CARTESIAN_POINT('Ctrl Pts',(-38.8893427571828,4.83210296703294,-9.33291768088637));
#5032=CARTESIAN_POINT('Ctrl Pts',(-41.7802398765401,4.83210296703296,-3.32929390895658));
#5033=CARTESIAN_POINT('Ctrl Pts',(-41.7746123210352,4.83210296703295,3.34087455121595));
#5034=CARTESIAN_POINT('Ctrl Pts',(-38.8822509499939,4.83210296703296,9.34824537306595));
#5035=CARTESIAN_POINT('Ctrl Pts',(-33.6654519806166,4.83210296703295,13.5006273574446));
#5036=CARTESIAN_POINT('Ctrl Pts',(-29.3414238386586,4.83210296703296,14.4902959967391));
#5037=CARTESIAN_POINT('Ctrl Pts',(-27.1674999629001,4.83210296703296,14.4902960477408));
#5038=CARTESIAN_POINT('',(-27.1675010382596,4.83210300397986,-14.4902965264609));
#5039=CARTESIAN_POINT('Ctrl Pts',(-27.1675010382596,4.83210296703312,-14.4902968018408));
#5040=CARTESIAN_POINT('Ctrl Pts',(-29.3351533026055,4.83210296703312,-14.4902965891893));
#5041=CARTESIAN_POINT('Ctrl Pts',(-33.6692407481121,4.83210296703312,-13.5011148421316));
#5042=CARTESIAN_POINT('Ctrl Pts',(-38.8838324803323,4.83210296703312,-9.3437779792046));
#5043=CARTESIAN_POINT('Ctrl Pts',(-41.7791789819926,4.83210296703312,-3.33461524992092));
#5044=CARTESIAN_POINT('Ctrl Pts',(-41.7761468737916,4.83210296703312,3.33445442270973));
#5045=CARTESIAN_POINT('Ctrl Pts',(-38.8853585740502,4.83210296703313,9.34448208182067));
#5046=CARTESIAN_POINT('Ctrl Pts',(-33.6683902259582,4.83210296703312,13.501277879665));
#5047=CARTESIAN_POINT('Ctrl Pts',(-29.3351523562688,4.83210296703313,14.4902959955463));
#5048=CARTESIAN_POINT('Ctrl Pts',(-27.1674999717101,4.83210296703313,14.4902960477408));
#5049=CARTESIAN_POINT('Origin',(-27.1675007760665,5.18999999999999,-15.9469740621364));
#5050=CARTESIAN_POINT('Ctrl Pts',(47.3309416600247,5.19014561434261,-10.2455094511872));
#5051=CARTESIAN_POINT('Ctrl Pts',(47.259889919934,5.19014561434262,-11.1621223196054));
#5052=CARTESIAN_POINT('Ctrl Pts',(46.4229197995262,5.19021839341916,-13.24955350773));
#5053=CARTESIAN_POINT('Ctrl Pts',(44.3759242882578,5.19014561434264,-14.3298126713569));
#5054=CARTESIAN_POINT('Ctrl Pts',(43.1539945328967,5.19014561434261,-14.4249791174293));
#5055=CARTESIAN_POINT('Ctrl Pts',(47.3309263609948,5.03207473966667,-10.2455082652747));
#5056=CARTESIAN_POINT('Ctrl Pts',(47.2598755589281,5.03207473966668,-11.1621090325837));
#5057=CARTESIAN_POINT('Ctrl Pts',(46.4228944132622,5.0321475247221,-13.2495246980816));
#5058=CARTESIAN_POINT('Ctrl Pts',(44.3759069605096,5.0320747396667,-14.3297986294859));
#5059=CARTESIAN_POINT('Ctrl Pts',(43.1539933414099,5.03207473966667,-14.4249638188325));
#5060=CARTESIAN_POINT('Ctrl Pts',(47.3560281520457,4.87402761090974,-10.2474540441253));
#5061=CARTESIAN_POINT('Ctrl Pts',(47.2845807005291,4.87402761090975,-11.1691718429038));
#5062=CARTESIAN_POINT('Ctrl Pts',(46.4429489280925,4.87409917750445,-13.2681049034506));
#5063=CARTESIAN_POINT('Ctrl Pts',(44.3846852066481,4.87402761090977,-14.3543682953646));
#5064=CARTESIAN_POINT('Ctrl Pts',(43.1559482660747,4.87402761090974,-14.4500648992645));
#5065=CARTESIAN_POINT('Ctrl Pts',(47.4050111529589,4.72378563775838,-10.2512509878184));
#5066=CARTESIAN_POINT('Ctrl Pts',(47.3327890097227,4.72378563775838,-11.1829628050161));
#5067=CARTESIAN_POINT('Ctrl Pts',(46.4820958745542,4.72385482149234,-13.3043790414685));
#5068=CARTESIAN_POINT('Ctrl Pts',(44.4018265520907,4.7237856377584,-14.4023120096191));
#5069=CARTESIAN_POINT('Ctrl Pts',(43.1597630566783,4.72378563775838,-14.4990465134939));
#5070=CARTESIAN_POINT('',(43.1577904648691,4.81016763010217,-14.4737190579635));
#5071=CARTESIAN_POINT('Origin',(43.270464896939,5.18999999999999,-15.9204504923132));
#5072=CARTESIAN_POINT('',(47.3802846097717,4.80786970450469,-10.2493342419098));
#5073=CARTESIAN_POINT('Ctrl Pts',(47.3802846039235,4.80786971075342,-10.2493342960547));
#5074=CARTESIAN_POINT('Ctrl Pts',(47.290124233047,4.73446564376695,-11.6626814205056));
#5075=CARTESIAN_POINT('Ctrl Pts',(46.4861206736611,4.71165155364757,-13.0217643005154));
#5076=CARTESIAN_POINT('Ctrl Pts',(45.2855207168556,4.73400347698091,-13.7818910008228));
#5077=CARTESIAN_POINT('Ctrl Pts',(44.647418106845,4.74588322138446,-14.1858880430145));
#5078=CARTESIAN_POINT('Ctrl Pts',(43.9087392476784,4.77076376305558,-14.4255788909012));
#5079=CARTESIAN_POINT('Ctrl Pts',(43.1577905011412,4.81016763431353,-14.4737190540327));
#5080=CARTESIAN_POINT('Origin',(48.8264553749968,5.18999999999999,-10.3614348889778));
#5081=CARTESIAN_POINT('Ctrl Pts',(47.3527376206619,5.19000025675327,-9.70088062344215));
#5082=CARTESIAN_POINT('Ctrl Pts',(47.3527376065266,5.19000025675325,-9.87798724769595));
#5083=CARTESIAN_POINT('Ctrl Pts',(47.3451353191141,5.19000025675325,-10.0624019453282));
#5084=CARTESIAN_POINT('Ctrl Pts',(47.3309416636565,5.19000025675326,-10.2455093128822));
#5085=CARTESIAN_POINT('Ctrl Pts',(47.352737598616,5.06120375772193,-9.70088062344215));
#5086=CARTESIAN_POINT('Ctrl Pts',(47.3527375844807,5.06120375772191,-9.87798668687265));
#5087=CARTESIAN_POINT('Ctrl Pts',(47.3451352604336,5.06120375772191,-10.062402417085));
#5088=CARTESIAN_POINT('Ctrl Pts',(47.3309416416765,5.06120375772192,-10.2455093111784));
#5089=CARTESIAN_POINT('Ctrl Pts',(47.3694172338242,4.93241667725853,-9.70088062477339));
#5090=CARTESIAN_POINT('Ctrl Pts',(47.3694172196508,4.93241667725851,-9.87846468433935));
#5091=CARTESIAN_POINT('Ctrl Pts',(47.3617962895737,4.93241667725851,-10.0632879442144));
#5092=CARTESIAN_POINT('Ctrl Pts',(47.3475713905428,4.93241667725852,-10.2467983741413));
#5093=CARTESIAN_POINT('Ctrl Pts',(47.4022285980659,4.80786968797604,-9.70088062739214));
#5094=CARTESIAN_POINT('Ctrl Pts',(47.4022285838174,4.80786968797602,-9.87940552908569));
#5095=CARTESIAN_POINT('Ctrl Pts',(47.3945710889541,4.80786968797602,-10.0650294444038));
#5096=CARTESIAN_POINT('Ctrl Pts',(47.3802846208076,4.80786968797603,-10.2493341558823));
#5097=CARTESIAN_POINT('',(47.3967110129137,4.82946356976136,-9.70088074018817));
#5098=CARTESIAN_POINT('Ctrl Pts',(47.3967118155748,4.82946369237742,-9.70088074018819));
#5099=CARTESIAN_POINT('Ctrl Pts',(47.3967118085214,4.82946368392862,-9.79422615267587));
#5100=CARTESIAN_POINT('Ctrl Pts',(47.3951091100898,4.82745665267633,-9.889523135371));
#5101=CARTESIAN_POINT('Ctrl Pts',(47.3920712778355,4.82345650155687,-9.98562248629095));
#5102=CARTESIAN_POINT('Ctrl Pts',(47.3893043464791,4.819813066819,-10.0731521077905));
#5103=CARTESIAN_POINT('Ctrl Pts',(47.3853511744349,4.81450689399424,-10.1613473176781));
#5104=CARTESIAN_POINT('Ctrl Pts',(47.3802846148224,4.80786971076316,-10.2493341554184));
#5105=CARTESIAN_POINT('Origin',(48.8527376206619,5.18999999999999,-9.70088074316062));
#5106=CARTESIAN_POINT('Origin',(48.8527376206619,5.18999999999999,-3.78125029500252));
#5107=CARTESIAN_POINT('',(47.3967110129137,4.82946356976138,-3.78125029500252));
#5108=CARTESIAN_POINT('Origin',(39.1512501885233,5.18999999999999,-15.9469736937959));
#5109=CARTESIAN_POINT('',(42.6068542152125,4.83210299360541,-14.4902960586228));
#5110=CARTESIAN_POINT('',(39.1512501885235,4.83210299360577,-14.4902960586226));
#5111=CARTESIAN_POINT('Origin',(42.6068542353498,5.18999999999999,-15.9469736937961));
#5112=CARTESIAN_POINT('Ctrl Pts',(43.153994440082,5.19000000000001,-14.4249791175692));
#5113=CARTESIAN_POINT('Ctrl Pts',(42.9700820850352,5.19000000000001,-14.4393025893869));
#5114=CARTESIAN_POINT('Ctrl Pts',(42.7847721302822,5.19000000000001,-14.4469736843981));
#5115=CARTESIAN_POINT('Ctrl Pts',(42.6068541561183,5.19000000000001,-14.4469736937959));
#5116=CARTESIAN_POINT('Ctrl Pts',(43.153994440082,5.06199553357806,-14.4249791175692));
#5117=CARTESIAN_POINT('Ctrl Pts',(42.9700825490875,5.06199553357806,-14.4393025532455));
#5118=CARTESIAN_POINT('Ctrl Pts',(42.7847715811602,5.06199553357806,-14.4469736843981));
#5119=CARTESIAN_POINT('Ctrl Pts',(42.6068541561183,5.06199553357806,-14.4469736937959));
#5120=CARTESIAN_POINT('Ctrl Pts',(43.1552735992654,4.93400020278946,-14.4414034301169));
#5121=CARTESIAN_POINT('Ctrl Pts',(42.9709608898121,4.93400020278946,-14.4557580823577));
#5122=CARTESIAN_POINT('Ctrl Pts',(42.7852458782044,4.93400020278946,-14.463447733386));
#5123=CARTESIAN_POINT('Ctrl Pts',(42.6068541569884,4.93400020278946,-14.4634477428088));
#5124=CARTESIAN_POINT('Ctrl Pts',(43.1577904072894,4.81016761895465,-14.4737190653749));
#5125=CARTESIAN_POINT('Ctrl Pts',(42.9726886110793,4.81016761895465,-14.4881351733126));
#5126=CARTESIAN_POINT('Ctrl Pts',(42.7861796214185,4.81016761895465,-14.4958612275137));
#5127=CARTESIAN_POINT('Ctrl Pts',(42.6068541587006,4.81016761895465,-14.4958612369858));
#5128=CARTESIAN_POINT('Ctrl Pts',(43.1577904069766,4.81016763434266,-14.4737190613592));
#5129=CARTESIAN_POINT('Ctrl Pts',(43.0690791193288,4.81692920553266,-14.4788528606567));
#5130=CARTESIAN_POINT('Ctrl Pts',(42.980138906804,4.82233467345563,-14.4828535091811));
#5131=CARTESIAN_POINT('Ctrl Pts',(42.8918722957047,4.82603920687911,-14.4856469452985));
#5132=CARTESIAN_POINT('Ctrl Pts',(42.7956792269185,4.83007641227295,-14.4886912356507));
#5133=CARTESIAN_POINT('Ctrl Pts',(42.7002862652154,4.83210311191483,-14.490296869525));
#5134=CARTESIAN_POINT('Ctrl Pts',(42.6068542152125,4.83210311732983,-14.4902968739811));
#5135=CARTESIAN_POINT('Ctrl Pts',(47.47,4.17098589534246,-10.0625000532392));
#5136=CARTESIAN_POINT('Ctrl Pts',(47.4699998954542,4.04297053221681,-11.0443571270561));
#5137=CARTESIAN_POINT('Ctrl Pts',(46.8946598083097,3.926563389929,-12.7428646743079));
#5138=CARTESIAN_POINT('Ctrl Pts',(44.9645917414592,3.97012969310624,-14.2683458217888));
#5139=CARTESIAN_POINT('Ctrl Pts',(43.6239879085399,4.09089121621218,-14.562499953577));
#5140=CARTESIAN_POINT('Ctrl Pts',(42.9699998935202,4.17711369150276,-14.5625));
#5141=CARTESIAN_POINT('Ctrl Pts',(47.4699999928317,4.40047286252696,-10.1298216351426));
#5142=CARTESIAN_POINT('Ctrl Pts',(47.4553228963008,4.29258695896155,-11.0954578211906));
#5143=CARTESIAN_POINT('Ctrl Pts',(46.8767601992177,4.19280718591233,-12.7505767313122));
#5144=CARTESIAN_POINT('Ctrl Pts',(44.9917508870414,4.23021682808231,-14.2488184424025));
#5145=CARTESIAN_POINT('Ctrl Pts',(43.6810396418227,4.33290364648772,-14.5526606657974));
#5146=CARTESIAN_POINT('Ctrl Pts',(43.0377576480074,4.40552933346727,-14.5624999951903));
#5147=CARTESIAN_POINT('Ctrl Pts',(47.4354484994685,4.6299339853162,-10.1971356317358));
#5148=CARTESIAN_POINT('Ctrl Pts',(47.4017950046697,4.54216768696426,-11.1390010758233));
#5149=CARTESIAN_POINT('Ctrl Pts',(46.8215400448817,4.45900302035312,-12.7330372620394));
#5150=CARTESIAN_POINT('Ctrl Pts',(45.0011840921111,4.49026077554157,-14.1905485348713));
#5151=CARTESIAN_POINT('Ctrl Pts',(43.7330933129941,4.57488417338924,-14.5056314535622));
#5152=CARTESIAN_POINT('Ctrl Pts',(43.1055078838253,4.63391963773073,-14.5282109892984));
#5153=CARTESIAN_POINT('Ctrl Pts',(47.3677510373952,4.85003503271736,-10.2617037822379));
#5154=CARTESIAN_POINT('Ctrl Pts',(47.3117656360686,4.7804210069856,-11.1728822857436));
#5155=CARTESIAN_POINT('Ctrl Pts',(46.7318003573187,4.7118686307885,-12.6911043041339));
#5156=CARTESIAN_POINT('Ctrl Pts',(44.9923366949475,4.73773529249396,-14.0963913841552));
#5157=CARTESIAN_POINT('Ctrl Pts',(43.7778207852813,4.80629751133959,-14.4234263237868));
#5158=CARTESIAN_POINT('Ctrl Pts',(43.1705151413177,4.85306319781973,-14.4610174231478));
#5159=CARTESIAN_POINT('',(47.47,4.17098589570513,-10.0624999866685));
#5160=CARTESIAN_POINT('',(42.9699998490878,4.17711369176626,-14.5625000000003));
#5161=CARTESIAN_POINT('Ctrl Pts',(47.47,4.17098589534246,-10.0625000532392));
#5162=CARTESIAN_POINT('Ctrl Pts',(47.4699998954542,4.04297053221681,-11.0443571270561));
#5163=CARTESIAN_POINT('Ctrl Pts',(46.8946598083097,3.926563389929,-12.7428646743079));
#5164=CARTESIAN_POINT('Ctrl Pts',(44.9645917414592,3.97012969310624,-14.2683458217888));
#5165=CARTESIAN_POINT('Ctrl Pts',(43.6239879085399,4.09089121621218,-14.562499953577));
#5166=CARTESIAN_POINT('Ctrl Pts',(42.9699998935202,4.17711369150276,-14.5625));
#5167=CARTESIAN_POINT('Ctrl Pts',(47.3802821364533,4.80786928653152,-10.249334171606));
#5168=CARTESIAN_POINT('Ctrl Pts',(47.4397094691855,4.60070543689558,-10.1885612362638));
#5169=CARTESIAN_POINT('Ctrl Pts',(47.4699999932883,4.3858569947215,-10.1255339696877));
#5170=CARTESIAN_POINT('Ctrl Pts',(47.47,4.17098589534246,-10.0625000532392));
#5171=CARTESIAN_POINT('Ctrl Pts',(42.9699998935202,4.17711369150276,-14.5625));
#5172=CARTESIAN_POINT('Ctrl Pts',(43.0333484396934,4.39066561557664,-14.5624999955033));
#5173=CARTESIAN_POINT('Ctrl Pts',(43.0966904138859,4.60419539226309,-14.5325283771728));
#5174=CARTESIAN_POINT('Ctrl Pts',(43.1577903748685,4.81016720864118,-14.4737165219929));
#5175=CARTESIAN_POINT('Ctrl Pts',(47.47,4.22856951936371,-9.70088031929829));
#5176=CARTESIAN_POINT('Ctrl Pts',(47.47,4.22856949473143,-9.82335921110163));
#5177=CARTESIAN_POINT('Ctrl Pts',(47.47,4.20546303443189,-9.94497359490001));
#5178=CARTESIAN_POINT('Ctrl Pts',(47.47,4.17098589536844,-10.0624997869568));
#5179=CARTESIAN_POINT('Ctrl Pts',(47.47,4.43084807983102,-9.70088035997944));
#5180=CARTESIAN_POINT('Ctrl Pts',(47.4700048384104,4.44039520730216,-9.84970728915137));
#5181=CARTESIAN_POINT('Ctrl Pts',(47.4699913648914,4.42437481261559,-9.9924012138078));
#5182=CARTESIAN_POINT('Ctrl Pts',(47.47,4.39590347512678,-10.1284809485977));
#5183=CARTESIAN_POINT('Ctrl Pts',(47.4453301991612,4.63311496939997,-9.70088040065825));
#5184=CARTESIAN_POINT('Ctrl Pts',(47.4429951773079,4.65220610757679,-9.87605363154903));
#5185=CARTESIAN_POINT('Ctrl Pts',(47.4399408555706,4.64326892348943,-10.0398256426281));
#5186=CARTESIAN_POINT('Ctrl Pts',(47.4368195202184,4.62079767940589,-10.1944552528766));
#5187=CARTESIAN_POINT('Ctrl Pts',(47.3967110022851,4.82946361268493,-9.70088044014681));
#5188=CARTESIAN_POINT('Ctrl Pts',(47.3898272539045,4.85726359251124,-9.90162849492873));
#5189=CARTESIAN_POINT('Ctrl Pts',(47.3809028730734,4.85440354483918,-10.0856325727607));
#5190=CARTESIAN_POINT('Ctrl Pts',(47.3717557156298,4.83687651249798,-10.2578435057146));
#5191=CARTESIAN_POINT('',(47.47,4.22856951936366,-9.70088053639101));
#5192=CARTESIAN_POINT('Ctrl Pts',(47.47,4.22856951936365,-9.70088053639102));
#5193=CARTESIAN_POINT('Ctrl Pts',(47.47,4.22856946742743,-9.82335935480856));
#5194=CARTESIAN_POINT('Ctrl Pts',(47.47,4.20546301406175,-9.94497366433805));
#5195=CARTESIAN_POINT('Ctrl Pts',(47.47,4.17098589536844,-10.0624997869568));
#5196=CARTESIAN_POINT('Ctrl Pts',(47.47,4.22856951936365,-9.70088053478499));
#5197=CARTESIAN_POINT('Ctrl Pts',(47.4700000000085,4.4308480650921,-9.70088062182229));
#5198=CARTESIAN_POINT('Ctrl Pts',(47.4453302027453,4.63311493992031,-9.70088070885419));
#5199=CARTESIAN_POINT('Ctrl Pts',(47.3967110129136,4.82946356976135,-9.70088079333852));
#5200=CARTESIAN_POINT('Origin',(44.97,4.22856951936369,-3.78125029500251));
#5201=CARTESIAN_POINT('',(47.47,4.2285695193637,9.7008805043294));
#5202=CARTESIAN_POINT('Origin',(44.97,4.22856951936369,9.7008805043294));
#5203=CARTESIAN_POINT('',(47.47,4.2285695193637,-3.78125029500251));
#5204=CARTESIAN_POINT('Ctrl Pts',(47.47,4.17098590479448,10.0624997153494));
#5205=CARTESIAN_POINT('Ctrl Pts',(47.47,4.20546304407843,9.94497351479169));
#5206=CARTESIAN_POINT('Ctrl Pts',(47.47,4.22856950294218,9.82335912177706));
#5207=CARTESIAN_POINT('Ctrl Pts',(47.47,4.22856951936371,9.7008802217545));
#5208=CARTESIAN_POINT('Ctrl Pts',(47.47,4.39590348548674,10.1284808729137));
#5209=CARTESIAN_POINT('Ctrl Pts',(47.4699913648903,4.42437482191124,9.9924011277283));
#5210=CARTESIAN_POINT('Ctrl Pts',(47.4700048384107,4.44039521350573,9.84970719120536));
#5211=CARTESIAN_POINT('Ctrl Pts',(47.47,4.4308480749177,9.70088024887527));
#5212=CARTESIAN_POINT('Ctrl Pts',(47.4368195202901,4.62079769069978,10.1944551731165));
#5213=CARTESIAN_POINT('Ctrl Pts',(47.4399408560591,4.64326893243502,10.0398255505782));
#5214=CARTESIAN_POINT('Ctrl Pts',(47.4429951782909,4.6522061117744,9.87605352498237));
#5215=CARTESIAN_POINT('Ctrl Pts',(47.4453302003655,4.63311495957475,9.70088027599448));
#5216=CARTESIAN_POINT('Ctrl Pts',(47.3717557158392,4.83687652470793,10.2578434220436));
#5217=CARTESIAN_POINT('Ctrl Pts',(47.3809028745049,4.85440355357975,10.0856324749957));
#5218=CARTESIAN_POINT('Ctrl Pts',(47.3898272567894,4.8572635950209,9.90162838006805));
#5219=CARTESIAN_POINT('Ctrl Pts',(47.396711005828,4.82946359837709,9.70088030232019));
#5220=CARTESIAN_POINT('',(47.47,4.17098591667386,10.0624998345709));
#5221=CARTESIAN_POINT('Ctrl Pts',(47.47,4.17098590479448,10.0624997153494));
#5222=CARTESIAN_POINT('Ctrl Pts',(47.47,4.205463017564,9.94497360517448));
#5223=CARTESIAN_POINT('Ctrl Pts',(47.47,4.22856946740242,9.82335930883063));
#5224=CARTESIAN_POINT('Ctrl Pts',(47.47,4.22856951936363,9.7008805043294));
#5225=CARTESIAN_POINT('Ctrl Pts',(47.47,4.17098594793567,10.0624997280052));
#5226=CARTESIAN_POINT('Ctrl Pts',(47.4699999959466,4.38585704367842,10.1255336783997));
#5227=CARTESIAN_POINT('Ctrl Pts',(47.4397174832558,4.60070680503473,10.1885613702017));
#5228=CARTESIAN_POINT('Ctrl Pts',(47.3802834438129,4.80786954198268,10.2493340192136));
#5229=CARTESIAN_POINT('Ctrl Pts',(42.9700000532396,4.17711359990614,14.5625));
#5230=CARTESIAN_POINT('Ctrl Pts',(43.9509820848706,4.04777990019131,14.5624998955473));
#5231=CARTESIAN_POINT('Ctrl Pts',(45.6486836979357,3.92849317287675,13.9882954408989));
#5232=CARTESIAN_POINT('Ctrl Pts',(47.1753227157578,3.96679097014445,12.0585312803669));
#5233=CARTESIAN_POINT('Ctrl Pts',(47.4699999535352,4.08564231794047,10.7170712688407));
#5234=CARTESIAN_POINT('Ctrl Pts',(47.47,4.17098590458592,10.0624998935229));
#5235=CARTESIAN_POINT('Ctrl Pts',(43.0377697534704,4.40556953719535,14.562499992784));
#5236=CARTESIAN_POINT('Ctrl Pts',(44.0026899236581,4.29663461452135,14.5477383685261));
#5237=CARTESIAN_POINT('Ctrl Pts',(45.6576643858086,4.19454293834971,13.9696220671947));
#5238=CARTESIAN_POINT('Ctrl Pts',(47.1561571866858,4.22737002783485,12.0845690667839));
#5239=CARTESIAN_POINT('Ctrl Pts',(47.4602135644393,4.32859176196717,10.7735889040568));
#5240=CARTESIAN_POINT('Ctrl Pts',(47.4699999952203,4.40051334003996,10.1298333566741));
#5241=CARTESIAN_POINT('Ctrl Pts',(43.1055319271929,4.63400011446197,14.5281988054821));
#5242=CARTESIAN_POINT('Ctrl Pts',(44.0469017578364,4.545454111648,14.494322719041));
#5243=CARTESIAN_POINT('Ctrl Pts',(45.6414521396891,4.4605448796978,13.9136257634119));
#5244=CARTESIAN_POINT('Ctrl Pts',(47.0981570748047,4.48790556859423,12.0928075075087));
#5245=CARTESIAN_POINT('Ctrl Pts',(47.4129961218783,4.57150876348853,10.8250639226339));
#5246=CARTESIAN_POINT('Ctrl Pts',(47.4354362348596,4.63001490833802,10.1971592290623));
#5247=CARTESIAN_POINT('Ctrl Pts',(43.1705496791026,4.8531790843771,14.4609818534862));
#5248=CARTESIAN_POINT('Ctrl Pts',(44.0814920530184,4.78304029582511,14.4045832693152));
#5249=CARTESIAN_POINT('Ctrl Pts',(45.6008329095106,4.71323593273509,13.8231466618819));
#5250=CARTESIAN_POINT('Ctrl Pts',(47.0041735245061,4.7358149888553,12.0827523649631));
#5251=CARTESIAN_POINT('Ctrl Pts',(47.3303837691217,4.8037485257635,10.8691793227217));
#5252=CARTESIAN_POINT('Ctrl Pts',(47.3677152253131,4.85015148028257,10.2617378125443));
#5253=CARTESIAN_POINT('',(42.9699999866818,4.17711360026667,14.5625));
#5254=CARTESIAN_POINT('Ctrl Pts',(42.9700000532396,4.17711359990614,14.5625));
#5255=CARTESIAN_POINT('Ctrl Pts',(43.9509820848706,4.04777990019131,14.5624998955473));
#5256=CARTESIAN_POINT('Ctrl Pts',(45.6486836979357,3.92849317287675,13.9882954408989));
#5257=CARTESIAN_POINT('Ctrl Pts',(47.1753227157578,3.96679097014445,12.0585312803669));
#5258=CARTESIAN_POINT('Ctrl Pts',(47.4699999535352,4.08564231794047,10.7170712688407));
#5259=CARTESIAN_POINT('Ctrl Pts',(47.47,4.17098590458592,10.0624998935229));
#5260=CARTESIAN_POINT('Ctrl Pts',(43.1577905247788,4.8101671651872,14.4737164888006));
#5261=CARTESIAN_POINT('Ctrl Pts',(43.0966905652575,4.60419532373241,14.5325282979518));
#5262=CARTESIAN_POINT('Ctrl Pts',(43.0333485975052,4.39066554136081,14.5624999932548));
#5263=CARTESIAN_POINT('Ctrl Pts',(42.9700000532396,4.17711359990614,14.5625));
#5264=CARTESIAN_POINT('Ctrl Pts',(47.47,-0.510000000000016,10.0624998935225));
#5265=CARTESIAN_POINT('Ctrl Pts',(47.4699999992259,-0.509999999872446,10.0734048420746));
#5266=CARTESIAN_POINT('Ctrl Pts',(47.4699595650875,-0.509991477921074,10.0843093138964));
#5267=CARTESIAN_POINT('Ctrl Pts',(47.4668565857869,-0.509337160843807,10.5178944110136));
#5268=CARTESIAN_POINT('Ctrl Pts',(47.3379199028391,-0.482418795772393,11.3744179994854));
#5269=CARTESIAN_POINT('Ctrl Pts',(46.8074574142518,-0.367261252066867,12.5182409738986));
#5270=CARTESIAN_POINT('Ctrl Pts',(46.0152755675399,-0.184659135294926,13.4471635309476));
#5271=CARTESIAN_POINT('Ctrl Pts',(45.0436495117736,0.0491197163441805,14.1114980992362));
#5272=CARTESIAN_POINT('Ctrl Pts',(44.3210626820617,0.212358925879516,14.3720718289816));
#5273=CARTESIAN_POINT('Ctrl Pts',(43.9457867569091,0.290448602395464,14.4554306237465));
#5274=CARTESIAN_POINT('Ctrl Pts',(47.47,-0.510000000000016,10.0624998935225));
#5275=CARTESIAN_POINT('Ctrl Pts',(47.4699988639784,-0.510001724875288,10.0734037308101));
#5276=CARTESIAN_POINT('Ctrl Pts',(47.4699612722448,-0.509993056535368,10.0843107760531));
#5277=CARTESIAN_POINT('Ctrl Pts',(47.4667717253378,-0.50965747504506,10.5178397400616));
#5278=CARTESIAN_POINT('Ctrl Pts',(47.3383779477665,-0.49375610841775,11.3746969523862));
#5279=CARTESIAN_POINT('Ctrl Pts',(46.8019497904591,-0.428160641018232,12.5308476246224));
#5280=CARTESIAN_POINT('Ctrl Pts',(45.9781435546968,-0.329740548234928,13.4878766412686));
#5281=CARTESIAN_POINT('Ctrl Pts',(44.9339310172068,-0.213357186878356,14.1746933304509));
#5282=CARTESIAN_POINT('Ctrl Pts',(44.1669344273993,-0.126868596292612,14.4212081015064));
#5283=CARTESIAN_POINT('Ctrl Pts',(43.7798303893383,-0.0815016609479274,
14.4922939604464));
#5284=CARTESIAN_POINT('Ctrl Pts',(47.47,-0.510000000000016,10.0624998935225));
#5285=CARTESIAN_POINT('Ctrl Pts',(47.4700003624056,-0.50999948408098,10.0734098857924));
#5286=CARTESIAN_POINT('Ctrl Pts',(47.4699583847923,-0.509999182598557,10.0843029159493));
#5287=CARTESIAN_POINT('Ctrl Pts',(47.4669497357676,-0.509884942985508,10.5181189792233));
#5288=CARTESIAN_POINT('Ctrl Pts',(47.3393907633628,-0.505077526543904,11.3750848519413));
#5289=CARTESIAN_POINT('Ctrl Pts',(46.7954080192073,-0.488710854943021,12.5434382851617));
#5290=CARTESIAN_POINT('Ctrl Pts',(45.9331636943478,-0.474514660240621,13.5207706700431));
#5291=CARTESIAN_POINT('Ctrl Pts',(44.7981157643789,-0.476034207246677,14.1977582819229));
#5292=CARTESIAN_POINT('Ctrl Pts',(43.9889963043756,-0.46479121101145,14.3895949465444));
#5293=CARTESIAN_POINT('Ctrl Pts',(43.5918466366998,-0.453096462256451,14.429242193581));
#5294=CARTESIAN_POINT('Ctrl Pts',(47.47,-0.510000000000016,10.0624998935225));
#5295=CARTESIAN_POINT('Ctrl Pts',(47.4699999992259,-0.509999999804437,10.0734048420746));
#5296=CARTESIAN_POINT('Ctrl Pts',(47.4699593030805,-0.510002240173766,10.0843092520256));
#5297=CARTESIAN_POINT('Ctrl Pts',(47.4668745642577,-0.510158676416092,10.5179045116666));
#5298=CARTESIAN_POINT('Ctrl Pts',(47.3399812964231,-0.516501745109093,11.375725246451));
#5299=CARTESIAN_POINT('Ctrl Pts',(46.7872793782918,-0.549473525714977,12.5547695076664));
#5300=CARTESIAN_POINT('Ctrl Pts',(45.8778073006489,-0.618461676636633,13.5465935935035));
#5301=CARTESIAN_POINT('Ctrl Pts',(44.6435778024628,-0.726194392521217,14.1785706668512));
#5302=CARTESIAN_POINT('Ctrl Pts',(43.7979162058759,-0.771157521297897,14.2783434250034));
#5303=CARTESIAN_POINT('Ctrl Pts',(43.4036830520162,-0.781148893031525,14.2736032267612));
#5304=CARTESIAN_POINT('',(47.47,-0.510000000000014,10.0624999991681));
#5305=CARTESIAN_POINT('',(43.9457867393013,0.2904485803291,14.4554306276577));
#5306=CARTESIAN_POINT('Ctrl Pts',(47.47,-0.510000000000014,10.0624999991681));
#5307=CARTESIAN_POINT('Ctrl Pts',(47.4699999989648,-0.509999999817407,10.073404912502));
#5308=CARTESIAN_POINT('Ctrl Pts',(47.4699595648355,-0.50999147786793,10.0843093491124));
#5309=CARTESIAN_POINT('Ctrl Pts',(47.4668565857869,-0.509337160843807,10.5178944110136));
#5310=CARTESIAN_POINT('Ctrl Pts',(47.3379199028391,-0.482418795772393,11.3744179994854));
#5311=CARTESIAN_POINT('Ctrl Pts',(46.8074574142518,-0.367261252066867,12.5182409738986));
#5312=CARTESIAN_POINT('Ctrl Pts',(46.0152755675399,-0.184659135294926,13.4471635309476));
#5313=CARTESIAN_POINT('Ctrl Pts',(45.0436495117736,0.0491197163441805,14.1114980992362));
#5314=CARTESIAN_POINT('Ctrl Pts',(44.3210626820617,0.212358925879516,14.3720718289816));
#5315=CARTESIAN_POINT('Ctrl Pts',(43.9457867569091,0.290448602395464,14.4554306237465));
#5316=CARTESIAN_POINT('Ctrl Pts',(43.4036830520162,-0.781148893031525,14.2736032267612));
#5317=CARTESIAN_POINT('Ctrl Pts',(43.7979162058759,-0.771157521297897,14.2783434250034));
#5318=CARTESIAN_POINT('Ctrl Pts',(44.6435778024628,-0.726194392521217,14.1785706668512));
#5319=CARTESIAN_POINT('Ctrl Pts',(45.8778073006489,-0.618461676636633,13.5465935935035));
#5320=CARTESIAN_POINT('Ctrl Pts',(46.7872793782918,-0.549473525714977,12.5547695076664));
#5321=CARTESIAN_POINT('Ctrl Pts',(47.3399812964231,-0.516501745109093,11.375725246451));
#5322=CARTESIAN_POINT('Ctrl Pts',(47.4668745642577,-0.510158676416092,10.5179045116666));
#5323=CARTESIAN_POINT('Ctrl Pts',(47.46995930283,-0.510002240186472,10.0843092872425));
#5324=CARTESIAN_POINT('Ctrl Pts',(47.4699999989631,-0.509999999818906,10.0734049125016));
#5325=CARTESIAN_POINT('Ctrl Pts',(47.47,-0.510000000000014,10.0624999991681));
#5326=CARTESIAN_POINT('Ctrl Pts',(43.9457867457223,0.290448577322851,14.4554306262314));
#5327=CARTESIAN_POINT('Ctrl Pts',(43.7798303808905,-0.0815016776470288,
14.4922939576129));
#5328=CARTESIAN_POINT('Ctrl Pts',(43.5918466324719,-0.453096469627626,14.4292421900839));
#5329=CARTESIAN_POINT('Ctrl Pts',(43.4036830520162,-0.781148893031525,14.2736032267612));
#5330=CARTESIAN_POINT('Origin',(7.90124997318559,0.390750284848251,-12.0624999999965));
#5331=CARTESIAN_POINT('',(42.9699999999963,-0.680847447872159,-14.3211895092537));
#5332=CARTESIAN_POINT('',(7.90124997318559,-0.680847447881543,-14.3211895092492));
#5333=CARTESIAN_POINT('',(42.9700001418262,0.390750275076807,-14.5625000000002));
#5334=CARTESIAN_POINT('Origin',(42.9699999999963,0.390750284857636,-12.0625000000009));
#5335=CARTESIAN_POINT('',(7.90124997318527,0.39075028484825,-14.5624999999965));
#5336=CARTESIAN_POINT('Ctrl Pts',(43.9457867149928,0.290448560642171,14.4554306330572));
#5337=CARTESIAN_POINT('Ctrl Pts',(43.6257213161319,0.357049734170387,14.5265256937955));
#5338=CARTESIAN_POINT('Ctrl Pts',(43.2978673897076,0.390750032552871,14.5624998952686));
#5339=CARTESIAN_POINT('Ctrl Pts',(42.970001011536,0.390750148460661,14.5624999999998));
#5340=CARTESIAN_POINT('Ctrl Pts',(43.7798302437405,-0.0815017272762387,
14.4922939911259));
#5341=CARTESIAN_POINT('Ctrl Pts',(43.5123175886676,-0.0130073210395461,
14.5389196504488));
#5342=CARTESIAN_POINT('Ctrl Pts',(43.2411879537009,0.0215951426585359,14.5624999348951));
#5343=CARTESIAN_POINT('Ctrl Pts',(42.9700007179016,0.0215952556219685,14.5624999999999));
#5344=CARTESIAN_POINT('Ctrl Pts',(43.5918463814606,-0.453096552920803,14.4292422133751));
#5345=CARTESIAN_POINT('Ctrl Pts',(43.3869049060725,-0.382810796253194,14.4624743921015));
#5346=CARTESIAN_POINT('Ctrl Pts',(43.1784760190386,-0.347325023820696,14.4794237329704));
#5347=CARTESIAN_POINT('Ctrl Pts',(42.9700003979168,-0.347324913917823,14.4794237756291));
#5348=CARTESIAN_POINT('Ctrl Pts',(43.4036827003465,-0.781148992257305,14.2736032068369));
#5349=CARTESIAN_POINT('Ctrl Pts',(43.2614313792361,-0.714547819963314,14.3052010133754));
#5350=CARTESIAN_POINT('Ctrl Pts',(43.1157184896184,-0.680847537112882,14.3211895409705));
#5351=CARTESIAN_POINT('Ctrl Pts',(42.9700000820801,-0.680847437684526,14.3211895787973));
#5352=CARTESIAN_POINT('Ctrl Pts',(43.9457867149928,0.290448560642171,14.4554306330572));
#5353=CARTESIAN_POINT('Ctrl Pts',(43.6257213161319,0.357049734170387,14.5265256937955));
#5354=CARTESIAN_POINT('Ctrl Pts',(43.2978673897076,0.390750032552871,14.5624998952686));
#5355=CARTESIAN_POINT('Ctrl Pts',(42.970001011536,0.390750148460661,14.5624999999998));
#5356=CARTESIAN_POINT('Ctrl Pts',(43.9457867397052,0.290448759163504,-14.455430627568));
#5357=CARTESIAN_POINT('Ctrl Pts',(44.481895205226,0.178892085467732,-14.336346637024));
#5358=CARTESIAN_POINT('Ctrl Pts',(45.2449570247981,5.69786555827018E-6,
-14.0132828855328));
#5359=CARTESIAN_POINT('Ctrl Pts',(46.1268469754096,-0.210259856810684,-13.306517171533));
#5360=CARTESIAN_POINT('Ctrl Pts',(46.6859088910785,-0.339311887871938,-12.647459598366));
#5361=CARTESIAN_POINT('Ctrl Pts',(47.2683476357119,-0.468299247122044,-11.6131249137339));
#5362=CARTESIAN_POINT('Ctrl Pts',(47.4654913501217,-0.509049264227332,-10.6990125109479));
#5363=CARTESIAN_POINT('Ctrl Pts',(47.4699603583592,-0.509991641038439,-10.0843099237495));
#5364=CARTESIAN_POINT('Ctrl Pts',(47.4699999988388,-0.509999999801344,-10.0734050031529));
#5365=CARTESIAN_POINT('Ctrl Pts',(47.47,-0.509999999999989,-10.0625000532388));
#5366=CARTESIAN_POINT('Ctrl Pts',(43.779830352981,-0.0815015706428474,-14.4922939678403));
#5367=CARTESIAN_POINT('Ctrl Pts',(44.3339924538917,-0.145714627521128,-14.3902534163569));
#5368=CARTESIAN_POINT('Ctrl Pts',(45.1533347940607,-0.236987376764201,-14.0741699074796));
#5369=CARTESIAN_POINT('Ctrl Pts',(46.0938503553579,-0.343459900120057,-13.3417203058948));
#5370=CARTESIAN_POINT('Ctrl Pts',(46.675982330978,-0.412783762081462,-12.6642711146609));
#5371=CARTESIAN_POINT('Ctrl Pts',(47.2701114688312,-0.485112693327912,-11.6134161917671));
#5372=CARTESIAN_POINT('Ctrl Pts',(47.4654913305171,-0.509445398664902,-10.6990145423464));
#5373=CARTESIAN_POINT('Ctrl Pts',(47.4699603584466,-0.509995123972892,-10.0843099237509));
#5374=CARTESIAN_POINT('Ctrl Pts',(47.4699999988388,-0.509999999973243,-10.0734050031529));
#5375=CARTESIAN_POINT('Ctrl Pts',(47.47,-0.509999999999994,-10.0625000532388));
#5376=CARTESIAN_POINT('Ctrl Pts',(43.5918465741282,-0.453096438113876,-14.4292421703256));
#5377=CARTESIAN_POINT('Ctrl Pts',(44.1571517467804,-0.470210487452451,-14.3714351011046));
#5378=CARTESIAN_POINT('Ctrl Pts',(45.0402500775144,-0.473996956087129,-14.1052212930115));
#5379=CARTESIAN_POINT('Ctrl Pts',(46.0529668056572,-0.476679602320775,-13.3696321369215));
#5380=CARTESIAN_POINT('Ctrl Pts',(46.6636918364557,-0.486273092797217,-12.679761105343));
#5381=CARTESIAN_POINT('Ctrl Pts',(47.2724003754487,-0.501936754286432,-11.6140870652538));
#5382=CARTESIAN_POINT('Ctrl Pts',(47.4654913060112,-0.509841533102472,-10.6990165737005));
#5383=CARTESIAN_POINT('Ctrl Pts',(47.4699603585557,-0.509998606907345,-10.0843099237526));
#5384=CARTESIAN_POINT('Ctrl Pts',(47.4699999988388,-0.510000000145141,-10.0734050031529));
#5385=CARTESIAN_POINT('Ctrl Pts',(47.47,-0.509999999999999,-10.0625000532388));
#5386=CARTESIAN_POINT('Ctrl Pts',(43.4036829662838,-0.781148913089573,-14.2736031445675));
#5387=CARTESIAN_POINT('Ctrl Pts',(43.966873138431,-0.76687554503489,-14.280374867628));
#5388=CARTESIAN_POINT('Ctrl Pts',(44.9091457410882,-0.702678168274137,-14.1049389427715));
#5389=CARTESIAN_POINT('Ctrl Pts',(46.0047876283453,-0.608330037098143,-13.3901576247997));
#5390=CARTESIAN_POINT('Ctrl Pts',(46.6491390783822,-0.559549334791421,-12.6939847182939));
#5391=CARTESIAN_POINT('Ctrl Pts',(47.2753078624116,-0.518750581889367,-11.6152493766196));
#5392=CARTESIAN_POINT('Ctrl Pts',(47.4654912766042,-0.510237667539951,-10.6990186050101));
#5393=CARTESIAN_POINT('Ctrl Pts',(47.4699603586867,-0.510002089841799,-10.0843099237546));
#5394=CARTESIAN_POINT('Ctrl Pts',(47.4699999988388,-0.51000000031704,-10.0734050031529));
#5395=CARTESIAN_POINT('Ctrl Pts',(47.47,-0.510000000000004,-10.0625000532388));
#5396=CARTESIAN_POINT('',(43.945786741499,0.290448768209514,-14.4554306271695));
#5397=CARTESIAN_POINT('',(47.47,-0.509999999999998,-10.0625000538627));
#5398=CARTESIAN_POINT('Ctrl Pts',(43.9457867397052,0.290448759163504,-14.455430627568));
#5399=CARTESIAN_POINT('Ctrl Pts',(44.481895205226,0.178892085467732,-14.336346637024));
#5400=CARTESIAN_POINT('Ctrl Pts',(45.2449570247981,5.69786555827018E-6,
-14.0132828855328));
#5401=CARTESIAN_POINT('Ctrl Pts',(46.1268469754096,-0.210259856810684,-13.306517171533));
#5402=CARTESIAN_POINT('Ctrl Pts',(46.6859088910785,-0.339311887871938,-12.647459598366));
#5403=CARTESIAN_POINT('Ctrl Pts',(47.2683476357119,-0.468299247122044,-11.6131249137339));
#5404=CARTESIAN_POINT('Ctrl Pts',(47.4654913501217,-0.509049264227332,-10.6990125109479));
#5405=CARTESIAN_POINT('Ctrl Pts',(47.4699603583592,-0.509991641038439,-10.0843099237495));
#5406=CARTESIAN_POINT('Ctrl Pts',(47.4699999988388,-0.509999999801344,-10.0734050031529));
#5407=CARTESIAN_POINT('Ctrl Pts',(47.47,-0.509999999999989,-10.0625000532388));
#5408=CARTESIAN_POINT('',(43.4036829558417,-0.781148906980375,-14.2736031474641));
#5409=CARTESIAN_POINT('Ctrl Pts',(43.4036829668353,-0.781148912128194,-14.2736031450236));
#5410=CARTESIAN_POINT('Ctrl Pts',(43.5918465744954,-0.453096437387888,-14.4292421704488));
#5411=CARTESIAN_POINT('Ctrl Pts',(43.7798303531432,-0.0815015702795059,
-14.4922939678043));
#5412=CARTESIAN_POINT('Ctrl Pts',(43.9457867397052,0.290448759163504,-14.455430627568));
#5413=CARTESIAN_POINT('Ctrl Pts',(47.47,-0.510000000000004,-10.0625000532388));
#5414=CARTESIAN_POINT('Ctrl Pts',(47.4699999988388,-0.51000000031704,-10.0734050031529));
#5415=CARTESIAN_POINT('Ctrl Pts',(47.4699603586867,-0.510002089841799,-10.0843099237546));
#5416=CARTESIAN_POINT('Ctrl Pts',(47.4654912766042,-0.510237667539951,-10.6990186050101));
#5417=CARTESIAN_POINT('Ctrl Pts',(47.2753078624116,-0.518750581889367,-11.6152493766196));
#5418=CARTESIAN_POINT('Ctrl Pts',(46.6491390783822,-0.559549334791421,-12.6939847182939));
#5419=CARTESIAN_POINT('Ctrl Pts',(46.0047876283453,-0.608330037098143,-13.3901576247997));
#5420=CARTESIAN_POINT('Ctrl Pts',(44.9091457410882,-0.702678168274137,-14.1049389427715));
#5421=CARTESIAN_POINT('Ctrl Pts',(43.966873138431,-0.76687554503489,-14.280374867628));
#5422=CARTESIAN_POINT('Ctrl Pts',(43.4036829662838,-0.781148913089573,-14.2736031445675));
#5423=CARTESIAN_POINT('Ctrl Pts',(42.9700005323791,0.390750284855664,-14.5624999999999));
#5424=CARTESIAN_POINT('Ctrl Pts',(43.2978671011981,0.390750237245293,-14.5624999301797));
#5425=CARTESIAN_POINT('Ctrl Pts',(43.6257212134429,0.357049973459289,-14.5265257217005));
#5426=CARTESIAN_POINT('Ctrl Pts',(43.9457867816336,0.290448800928994,-14.4554306182546));
#5427=CARTESIAN_POINT('Ctrl Pts',(42.9700004117657,0.0215953379352338,-14.5625));
#5428=CARTESIAN_POINT('Ctrl Pts',(43.2411878064569,0.0215952828248044,-14.56249995112));
#5429=CARTESIAN_POINT('Ctrl Pts',(43.5123175840586,-0.0130071573708369,
-14.5389196560928));
#5430=CARTESIAN_POINT('Ctrl Pts',(43.7798303710936,-0.0815015649013181,
-14.4922939654792));
#5431=CARTESIAN_POINT('Ctrl Pts',(42.9700002735376,-0.347324885515001,-14.4794237509111));
#5432=CARTESIAN_POINT('Ctrl Pts',(43.1784760164982,-0.347324948041147,-14.4794237119912));
#5433=CARTESIAN_POINT('Ctrl Pts',(43.3869049997347,-0.382810708050195,-14.462474356013));
#5434=CARTESIAN_POINT('Ctrl Pts',(43.5918465625819,-0.453096468199176,-14.429242152664));
#5435=CARTESIAN_POINT('Ctrl Pts',(42.9700001308699,-0.680847447874164,-14.3211895092527));
#5436=CARTESIAN_POINT('Ctrl Pts',(43.1157186231402,-0.680847511963811,-14.3211894695011));
#5437=CARTESIAN_POINT('Ctrl Pts',(43.2614315629649,-0.714547791281742,-14.3052009222232));
#5438=CARTESIAN_POINT('Ctrl Pts',(43.4036829275366,-0.781148965046264,-14.2736030927588));
#5439=CARTESIAN_POINT('Ctrl Pts',(42.9700005323791,0.390750264664958,-14.5624999999999));
#5440=CARTESIAN_POINT('Ctrl Pts',(43.2978670887182,0.390750217054589,-14.5624999301797));
#5441=CARTESIAN_POINT('Ctrl Pts',(43.6257211884813,0.357049955147487,-14.5265257244367));
#5442=CARTESIAN_POINT('Ctrl Pts',(43.9457867450867,0.290448786301532,-14.4554306263726));
#5443=CARTESIAN_POINT('Ctrl Pts',(43.4036829275366,-0.781148965046264,-14.2736030927588));
#5444=CARTESIAN_POINT('Ctrl Pts',(43.2614315629649,-0.714547791281742,-14.3052009222232));
#5445=CARTESIAN_POINT('Ctrl Pts',(43.1157186231402,-0.680847511963811,-14.3211894695011));
#5446=CARTESIAN_POINT('Ctrl Pts',(42.9700001308699,-0.680847447874164,-14.3211895092527));
#5447=CARTESIAN_POINT('Origin',(42.970000212955,0.13295855168716,14.7072862527216));
#5448=CARTESIAN_POINT('Origin',(-27.1675000536252,0.132958639637867,-14.7072862944404));
#5449=CARTESIAN_POINT('',(42.9699999999958,0.132958639637867,-14.7072862944484));
#5450=CARTESIAN_POINT('Ctrl Pts',(42.9699999037969,0.132958602384334,-14.7072862767741));
#5451=CARTESIAN_POINT('Ctrl Pts',(43.5547700534454,-1.09960691635368,-14.1225160328285));
#5452=CARTESIAN_POINT('Ctrl Pts',(44.2370018955851,-2.537600021206,-13.440284081721));
#5453=CARTESIAN_POINT('Ctrl Pts',(45.0166954331332,-4.1810207110429,-12.6605904239875));
#5454=CARTESIAN_POINT('Ctrl Pts',(45.4065422026424,-5.0027310556767,-12.2707435952558));
#5455=CARTESIAN_POINT('Ctrl Pts',(45.8938506661805,-6.02986898582928,-11.7834350596446));
#5456=CARTESIAN_POINT('Ctrl Pts',(46.3811591332988,-7.0570069145954,-11.2961265246913));
#5457=CARTESIAN_POINT('Ctrl Pts',(46.7710059111108,-7.87871725601377,-10.9062796974851));
#5458=CARTESIAN_POINT('Ctrl Pts',(46.9659293020585,-8.2895724259323,-10.7113562842571));
#5459=CARTESIAN_POINT('Ctrl Pts',(47.063390998304,-8.4950000105927,-10.6138945777849));
#5460=CARTESIAN_POINT('Ctrl Pts',(43.6648582884908,0.0544446929304492,-14.6700366094562));
#5461=CARTESIAN_POINT('Ctrl Pts',(44.1621832989869,-1.17812082598512,-14.0851823641809));
#5462=CARTESIAN_POINT('Ctrl Pts',(44.7422508869868,-2.61611393120233,-13.4031881260521));
#5463=CARTESIAN_POINT('Ctrl Pts',(45.4053418966923,-4.25953462155366,-12.6234033326832));
#5464=CARTESIAN_POINT('Ctrl Pts',(45.7368827178947,-5.08124496648853,-12.2335217869381));
#5465=CARTESIAN_POINT('Ctrl Pts',(46.151287578417,-6.10838289713905,-11.7462188882296));
#5466=CARTESIAN_POINT('Ctrl Pts',(46.5656900041285,-7.13552082661109,-11.2589216364324));
#5467=CARTESIAN_POINT('Ctrl Pts',(46.897230930015,-7.95723116880702,-10.8690398638246));
#5468=CARTESIAN_POINT('Ctrl Pts',(47.0629920336519,-8.36808633924261,-10.6741206619227));
#5469=CARTESIAN_POINT('Ctrl Pts',(47.1458795392245,-8.57351392419608,-10.5766449542651));
#5470=CARTESIAN_POINT('Ctrl Pts',(45.0168532146471,-0.124327870457513,-14.2888148045409));
#5471=CARTESIAN_POINT('Ctrl Pts',(45.3392072089038,-1.35689339002832,-13.7439834838988));
#5472=CARTESIAN_POINT('Ctrl Pts',(45.7152893335429,-2.79488649609815,-13.1083768579628));
#5473=CARTESIAN_POINT('Ctrl Pts',(46.1450948136316,-4.43830718829461,-12.3819369553765));
#5474=CARTESIAN_POINT('Ctrl Pts',(46.3599976335251,-5.26001753430426,-12.0187179708126));
#5475=CARTESIAN_POINT('Ctrl Pts',(46.6286265187723,-6.28715546661953,-11.5646986089987));
#5476=CARTESIAN_POINT('Ctrl Pts',(46.8972554464141,-7.31429339850279,-11.110679749488));
#5477=CARTESIAN_POINT('Ctrl Pts',(47.1121582668255,-8.13600374350996,-10.7474607426576));
#5478=CARTESIAN_POINT('Ctrl Pts',(47.2196098367496,-8.54685891576813,-10.5658531710025));
#5479=CARTESIAN_POINT('Ctrl Pts',(47.2733355036783,-8.75228650180308,-10.4750479497399));
#5480=CARTESIAN_POINT('Ctrl Pts',(46.4774061978742,-0.352679845350569,-13.0731444834825));
#5481=CARTESIAN_POINT('Ctrl Pts',(46.6069086488305,-1.58524536580867,-12.6820682518774));
#5482=CARTESIAN_POINT('Ctrl Pts',(46.7581076655583,-3.02323847317508,-12.2260909347));
#5483=CARTESIAN_POINT('Ctrl Pts',(46.9307846112925,-4.6666591678855,-11.7046732578645));
#5484=CARTESIAN_POINT('Ctrl Pts',(47.0171267305915,-5.48836951536102,-11.4439734143768));
#5485=CARTESIAN_POINT('Ctrl Pts',(47.1250708578869,-6.51550744998032,-11.1181392560824));
#5486=CARTESIAN_POINT('Ctrl Pts',(47.2330168816625,-7.54264538518454,-10.7923097796532));
#5487=CARTESIAN_POINT('Ctrl Pts',(47.3193589217334,-8.36435573401538,-10.5316097502786));
#5488=CARTESIAN_POINT('Ctrl Pts',(47.3625372285502,-8.77521090876626,-10.4012777111157));
#5489=CARTESIAN_POINT('Ctrl Pts',(47.3841209686723,-8.98063849626575,-10.3360983402989));
#5490=CARTESIAN_POINT('Ctrl Pts',(47.2976678759824,-0.482821522134627,-11.5768080329992));
#5491=CARTESIAN_POINT('Ctrl Pts',(47.3200112629645,-1.71538704270965,-11.3800583422672));
#5492=CARTESIAN_POINT('Ctrl Pts',(47.3461019224948,-3.15338015023542,-11.1504170139851));
#5493=CARTESIAN_POINT('Ctrl Pts',(47.3758945560843,-4.79680084527586,-10.8880778805555));
#5494=CARTESIAN_POINT('Ctrl Pts',(47.3907916280975,-5.61851119294368,-10.756905081633));
#5495=CARTESIAN_POINT('Ctrl Pts',(47.409416381506,-6.64564912786257,-10.5929244755286));
#5496=CARTESIAN_POINT('Ctrl Pts',(47.4280415265858,-7.67278706349987,-10.4289421905604));
#5497=CARTESIAN_POINT('Ctrl Pts',(47.4429385792995,-8.4944974128332,-10.2977694675442));
#5498=CARTESIAN_POINT('Ctrl Pts',(47.4503886146308,-8.90535258791054,-10.2321766473981));
#5499=CARTESIAN_POINT('Ctrl Pts',(47.454112510498,-9.11078017560301,-10.199385036954));
#5500=CARTESIAN_POINT('Ctrl Pts',(47.4699999462396,-0.509999985674419,-10.5673988633114));
#5501=CARTESIAN_POINT('Ctrl Pts',(47.4699352541281,-1.74256550590066,-10.5017282551218));
#5502=CARTESIAN_POINT('Ctrl Pts',(47.4701183358765,-3.18055861289257,-10.4253500546902));
#5503=CARTESIAN_POINT('Ctrl Pts',(47.4700481499846,-4.82397930694224,-10.3378040134469));
#5504=CARTESIAN_POINT('Ctrl Pts',(47.4700214139377,-5.64568965403211,-10.2940386706153));
#5505=CARTESIAN_POINT('Ctrl Pts',(47.4700257575119,-6.67282758803688,-10.2393666841949));
#5506=CARTESIAN_POINT('Ctrl Pts',(47.4700344495372,-7.69996552235931,-10.1846986980771));
#5507=CARTESIAN_POINT('Ctrl Pts',(47.4700075373584,-8.52167587018682,-10.1409332070068));
#5508=CARTESIAN_POINT('Ctrl Pts',(47.4700107815112,-8.93253104428018,-10.1190658055359));
#5509=CARTESIAN_POINT('Ctrl Pts',(47.4699999986187,-9.13795863139698,-10.1081207109379));
#5510=CARTESIAN_POINT('Ctrl Pts',(47.47,-0.51,-10.0625000532388));
#5511=CARTESIAN_POINT('Ctrl Pts',(47.47,-1.74256551994831,-10.0624999327572));
#5512=CARTESIAN_POINT('Ctrl Pts',(47.47,-3.18055862655467,-10.0624997936617));
#5513=CARTESIAN_POINT('Ctrl Pts',(47.47,-4.82397931981909,-10.0624996407955));
#5514=CARTESIAN_POINT('Ctrl Pts',(47.47,-5.6456896664513,-10.0624995655828));
#5515=CARTESIAN_POINT('Ctrl Pts',(47.47,-6.67282759974156,-10.0624994743093));
#5516=CARTESIAN_POINT('Ctrl Pts',(47.47,-7.69996553303182,-10.0624993889797));
#5517=CARTESIAN_POINT('Ctrl Pts',(47.47,-8.52167587966403,-10.0624993275521));
#5518=CARTESIAN_POINT('Ctrl Pts',(47.47,-8.93253105298013,-10.062499300228));
#5519=CARTESIAN_POINT('Ctrl Pts',(47.47,-9.13795863963819,-10.0624992878472));
#5520=CARTESIAN_POINT('Ctrl Pts',(47.47,-0.51,-10.0625000532388));
#5521=CARTESIAN_POINT('Ctrl Pts',(47.47,-1.74256551994831,-10.0624999327572));
#5522=CARTESIAN_POINT('Ctrl Pts',(47.47,-3.18055862655467,-10.0624997936617));
#5523=CARTESIAN_POINT('Ctrl Pts',(47.47,-4.82397931981909,-10.0624996407955));
#5524=CARTESIAN_POINT('Ctrl Pts',(47.47,-5.6456896664513,-10.0624995655828));
#5525=CARTESIAN_POINT('Ctrl Pts',(47.47,-6.67282759974156,-10.0624994743093));
#5526=CARTESIAN_POINT('Ctrl Pts',(47.47,-7.69107357314382,-10.0624993897184));
#5527=CARTESIAN_POINT('Ctrl Pts',(47.47,-8.29846437322997,-10.0624993442395));
#5528=CARTESIAN_POINT('Ctrl Pts',(47.47,-8.49500000000002,-10.0624993302884));
#5529=CARTESIAN_POINT('Origin',(39.1512501885238,4.23560798294875,-12.0625000000005));
#5530=CARTESIAN_POINT('',(42.60685423535,4.23560798294875,-14.5625000000009));
#5531=CARTESIAN_POINT('Origin',(42.6068542353503,4.23560798294875,-12.0625000000009));
#5532=CARTESIAN_POINT('',(-27.1675007800746,4.23560796523353,-14.562500565573));
#5533=CARTESIAN_POINT('Origin',(-27.1675008077346,4.23560798294875,-12.062499999992));
#5534=CARTESIAN_POINT('',(39.1512501885235,4.23560798294875,-14.5625000000005));
#5535=CARTESIAN_POINT('Ctrl Pts',(-27.1675006742224,4.2356079120879,-14.5625007541));
#5536=CARTESIAN_POINT('Ctrl Pts',(-29.3459542948295,4.2356079120879,-14.5625005968363));
#5537=CARTESIAN_POINT('Ctrl Pts',(-33.7016382888353,4.2356079120879,-13.5683898613296));
#5538=CARTESIAN_POINT('Ctrl Pts',(-38.9422140008677,4.2356079120879,-9.3903372525368));
#5539=CARTESIAN_POINT('Ctrl Pts',(-41.8519877754043,4.2356079120879,-3.35123136087029));
#5540=CARTESIAN_POINT('Ctrl Pts',(-41.8489405584581,4.2356079120879,3.35106973602798));
#5541=CARTESIAN_POINT('Ctrl Pts',(-38.9437476989847,4.23560791208791,9.39104486739576));
#5542=CARTESIAN_POINT('Ctrl Pts',(-33.7007836254218,4.23560791208791,13.5685536378306));
#5543=CARTESIAN_POINT('Ctrl Pts',(-29.3459535852011,4.23560791208791,14.562499948892));
#5544=CARTESIAN_POINT('Ctrl Pts',(-27.167499964594,4.23560791208791,14.5625));
#5545=CARTESIAN_POINT('Ctrl Pts',(-27.1675006742224,4.43637617943084,-14.5625007541));
#5546=CARTESIAN_POINT('Ctrl Pts',(-29.3459580273739,4.43637617943084,-14.562500596836));
#5547=CARTESIAN_POINT('Ctrl Pts',(-33.7016364582394,4.43637617943084,-13.5683931410166));
#5548=CARTESIAN_POINT('Ctrl Pts',(-38.9422169806747,4.43637617943084,-9.39033749058283));
#5549=CARTESIAN_POINT('Ctrl Pts',(-41.8519908067119,4.43637617943084,-3.35123283727942));
#5550=CARTESIAN_POINT('Ctrl Pts',(-41.8489415859597,4.43637617943084,3.35107024272538));
#5551=CARTESIAN_POINT('Ctrl Pts',(-38.943751257607,4.43637617943085,9.39104685488451));
#5552=CARTESIAN_POINT('Ctrl Pts',(-33.7007818980721,4.43637617943085,13.5685556005646));
#5553=CARTESIAN_POINT('Ctrl Pts',(-29.3459573177454,4.43637617943085,14.5624999488919));
#5554=CARTESIAN_POINT('Ctrl Pts',(-27.167499964594,4.43637617943085,14.5625));
#5555=CARTESIAN_POINT('Ctrl Pts',(-27.1675006724681,4.63713320464634,-14.5381997133048));
#5556=CARTESIAN_POINT('Ctrl Pts',(-29.3423227337005,4.63713320464634,-14.5381995563033));
#5557=CARTESIAN_POINT('Ctrl Pts',(-33.6907326818454,4.63713320464634,-13.54575099872));
#5558=CARTESIAN_POINT('Ctrl Pts',(-38.9225680188664,4.63713320464634,-9.37466744975851));
#5559=CARTESIAN_POINT('Ctrl Pts',(-41.8274861859979,4.63713320464634,-3.34564049410432));
#5560=CARTESIAN_POINT('Ctrl Pts',(-41.8244420594643,4.63713320464634,3.34547817245547));
#5561=CARTESIAN_POINT('Ctrl Pts',(-38.9240997337954,4.63713320464634,9.37537562394121));
#5562=CARTESIAN_POINT('Ctrl Pts',(-33.6898795474158,4.63713320464634,13.5459131897574));
#5563=CARTESIAN_POINT('Ctrl Pts',(-29.3423220252563,4.63713320464634,14.538198908182));
#5564=CARTESIAN_POINT('Ctrl Pts',(-27.1674999640239,4.63713320464634,14.5381989592048));
#5565=CARTESIAN_POINT('Ctrl Pts',(-27.16750066901,4.83210296703312,-14.4902968018408));
#5566=CARTESIAN_POINT('Ctrl Pts',(-29.3351530565082,4.83210296703312,-14.4902966453569));
#5567=CARTESIAN_POINT('Ctrl Pts',(-33.6692406494141,4.83210296703312,-13.5011149208187));
#5568=CARTESIAN_POINT('Ctrl Pts',(-38.8838324803323,4.83210296703312,-9.3437779792046));
#5569=CARTESIAN_POINT('Ctrl Pts',(-41.7791789819926,4.83210296703312,-3.33461524992092));
#5570=CARTESIAN_POINT('Ctrl Pts',(-41.7761468737916,4.83210296703312,3.33445442270973));
#5571=CARTESIAN_POINT('Ctrl Pts',(-38.8853585740502,4.83210296703313,9.34448208182067));
#5572=CARTESIAN_POINT('Ctrl Pts',(-33.6683902236023,4.83210296703312,13.5012778815422));
#5573=CARTESIAN_POINT('Ctrl Pts',(-29.3351523503982,4.83210296703313,14.4902959968862));
#5574=CARTESIAN_POINT('Ctrl Pts',(-27.1674999629001,4.83210296703313,14.4902960477408));
#5575=CARTESIAN_POINT('Ctrl Pts',(-27.1675007800746,4.2356079120879,-14.5625007541));
#5576=CARTESIAN_POINT('Ctrl Pts',(-29.3459543653778,4.2356079120879,-14.5625005807349));
#5577=CARTESIAN_POINT('Ctrl Pts',(-33.7016383171289,4.2356079120879,-13.5683898387726));
#5578=CARTESIAN_POINT('Ctrl Pts',(-38.9422140008677,4.2356079120879,-9.3903372525368));
#5579=CARTESIAN_POINT('Ctrl Pts',(-41.8519877754043,4.2356079120879,-3.35123136087029));
#5580=CARTESIAN_POINT('Ctrl Pts',(-41.8489405584581,4.2356079120879,3.35106973602798));
#5581=CARTESIAN_POINT('Ctrl Pts',(-38.9437476989847,4.23560791208791,9.39104486739576));
#5582=CARTESIAN_POINT('Ctrl Pts',(-33.7007836300088,4.23560791208791,13.5685536341758));
#5583=CARTESIAN_POINT('Ctrl Pts',(-29.345953596631,4.23560791208791,14.5624999462832));
#5584=CARTESIAN_POINT('Ctrl Pts',(-27.167499981747,4.23560791208791,14.5625));
#5585=CARTESIAN_POINT('Ctrl Pts',(42.9699997157915,4.17711369158044,-14.562500000001));
#5586=CARTESIAN_POINT('Ctrl Pts',(42.8520400927572,4.21210552662832,-14.5625000000009));
#5587=CARTESIAN_POINT('Ctrl Pts',(42.7298941965213,4.2356079664951,-14.5625000000009));
#5588=CARTESIAN_POINT('Ctrl Pts',(42.6068539543791,4.23560798294703,-14.5625000000009));
#5589=CARTESIAN_POINT('Ctrl Pts',(43.0363808422727,4.40088854207327,-14.562500000001));
#5590=CARTESIAN_POINT('Ctrl Pts',(42.8997454544101,4.42977861498586,-14.5624913360054));
#5591=CARTESIAN_POINT('Ctrl Pts',(42.7563856974284,4.44609208803906,-14.5625048151047));
#5592=CARTESIAN_POINT('Ctrl Pts',(42.6068539812242,4.43637624493326,-14.5625000000009));
#5593=CARTESIAN_POINT('Ctrl Pts',(43.1027551845981,4.62464052276097,-14.5295989762363));
#5594=CARTESIAN_POINT('Ctrl Pts',(42.9474476905272,4.64743453197903,-14.5327565921532));
#5595=CARTESIAN_POINT('Ctrl Pts',(42.7828755047131,4.65656186480297,-14.5358406797557));
#5596=CARTESIAN_POINT('Ctrl Pts',(42.6068540080678,4.63713326479354,-14.5381989605086));
#5597=CARTESIAN_POINT('Ctrl Pts',(43.1665493727206,4.8396946453129,-14.4650725196374));
#5598=CARTESIAN_POINT('Ctrl Pts',(42.9935413658458,4.85745575298711,-14.4743278043596));
#5599=CARTESIAN_POINT('Ctrl Pts',(42.8086011036254,4.8604069676211,-14.4833419340479));
#5600=CARTESIAN_POINT('Ctrl Pts',(42.6068540341375,4.83210302228625,-14.490296051576));
#5601=CARTESIAN_POINT('Ctrl Pts',(42.9699997157915,4.17711369158044,-14.562500000001));
#5602=CARTESIAN_POINT('Ctrl Pts',(42.8520401825469,4.21210549999289,-14.5625000000009));
#5603=CARTESIAN_POINT('Ctrl Pts',(42.7298943824737,4.23560793071546,-14.5625000000009));
#5604=CARTESIAN_POINT('Ctrl Pts',(42.60685423535,4.23560798294695,-14.5625000000009));
#5605=CARTESIAN_POINT('Ctrl Pts',(42.6068539959197,4.23560791208793,14.5625));
#5606=CARTESIAN_POINT('Ctrl Pts',(42.7298942488462,4.23560788740985,14.5625));
#5607=CARTESIAN_POINT('Ctrl Pts',(42.8520401545429,4.21210544108841,14.5625));
#5608=CARTESIAN_POINT('Ctrl Pts',(42.9699997870094,4.17711359991684,14.5625));
#5609=CARTESIAN_POINT('Ctrl Pts',(42.6068540361876,4.43637619419851,14.5625));
#5610=CARTESIAN_POINT('Ctrl Pts',(42.7563857622674,4.44609202830994,14.5625048151057));
#5611=CARTESIAN_POINT('Ctrl Pts',(42.8997455281685,4.4297785482474,14.5624913360021));
#5612=CARTESIAN_POINT('Ctrl Pts',(43.0363809252533,4.40088846879452,14.5625));
#5613=CARTESIAN_POINT('Ctrl Pts',(42.6068540764533,4.6371332341775,14.5381989556128));
#5614=CARTESIAN_POINT('Ctrl Pts',(42.7828755820647,4.65656182442289,14.5358406743766));
#5615=CARTESIAN_POINT('Ctrl Pts',(42.9474477762559,4.64743448403389,14.5327565864803));
#5616=CARTESIAN_POINT('Ctrl Pts',(43.1027552793378,4.624640467857,14.5295989702855));
#5617=CARTESIAN_POINT('Ctrl Pts',(42.6068541155582,4.83210301005651,14.4902960371702));
#5618=CARTESIAN_POINT('Ctrl Pts',(42.8086011929393,4.86040694465614,14.4833419182409));
#5619=CARTESIAN_POINT('Ctrl Pts',(42.9935414628135,4.85745572173479,14.4743277877426));
#5620=CARTESIAN_POINT('Ctrl Pts',(43.1665494783028,4.83969460652053,14.4650725022443));
#5621=CARTESIAN_POINT('Ctrl Pts',(42.6068544173804,4.23560791208776,14.5625));
#5622=CARTESIAN_POINT('Ctrl Pts',(42.7298945277776,4.23560783373983,14.5625));
#5623=CARTESIAN_POINT('Ctrl Pts',(42.8520402892288,4.21210540113486,14.5625));
#5624=CARTESIAN_POINT('Ctrl Pts',(42.9699997870094,4.17711359991684,14.5625));
#5625=CARTESIAN_POINT('Origin',(42.96999957409,-0.510000000000009,-10.06249957409));
#5626=CARTESIAN_POINT('',(42.9699998935194,-0.51000000000001,-14.5625));
#5627=CARTESIAN_POINT('',(47.47,-0.510000000000009,-10.0625000532388));
#5628=CARTESIAN_POINT('Origin',(47.47,-0.510000000000013,-10.062500212955));
#5629=CARTESIAN_POINT('',(47.47,-0.510000000000008,10.0625));
#5630=CARTESIAN_POINT('',(47.47,-0.510000000000008,10.0625));
#5631=CARTESIAN_POINT('Origin',(42.96999957409,-0.510000000000004,10.06249957409));
#5632=CARTESIAN_POINT('',(42.9700000532387,-0.510000000000003,14.5625));
#5633=CARTESIAN_POINT('Origin',(-27.1675000000004,-0.509999999999989,14.5625000000007));
#5634=CARTESIAN_POINT('',(-27.1675000000004,-0.510000000000003,14.5625));
#5635=CARTESIAN_POINT('Origin',(-27.167499622948,-0.510000000000007,-3.77050032194237E-7));
#5636=CARTESIAN_POINT('',(-27.1675006970936,-0.51000000000001,-14.5625007541));
#5637=CARTESIAN_POINT('Origin',(42.969999999996,-0.51000000000001,-14.5625000000009));
#5638=CARTESIAN_POINT('Ctrl Pts',(47.47,-0.510000000000009,10.0624998935225));
#5639=CARTESIAN_POINT('Ctrl Pts',(47.47,-3.38598617859902,10.0624999015938));
#5640=CARTESIAN_POINT('Ctrl Pts',(47.47,-6.26197235719803,10.06249988979));
#5641=CARTESIAN_POINT('Ctrl Pts',(47.47,-9.13795853579704,10.062499969723));
#5642=CARTESIAN_POINT('Ctrl Pts',(47.469999952213,-0.51000000251909,10.7356983069523));
#5643=CARTESIAN_POINT('Ctrl Pts',(47.4698024893163,-3.38598618168944,10.5316823202402));
#5644=CARTESIAN_POINT('Ctrl Pts',(47.4701974722622,-6.26197235946729,10.3273444730638));
#5645=CARTESIAN_POINT('Ctrl Pts',(47.4699999987722,-9.13795854372446,10.1233285412141));
#5646=CARTESIAN_POINT('Ctrl Pts',(47.1609268171207,-0.461490770227255,12.0807644122824));
#5647=CARTESIAN_POINT('Ctrl Pts',(47.2540845066175,-3.33747694970793,11.4683932297916));
#5648=CARTESIAN_POINT('Ctrl Pts',(47.3473779642276,-6.21346312700921,10.8561890972067));
#5649=CARTESIAN_POINT('Ctrl Pts',(47.4405356366674,-9.08944931433961,10.243817930166));
#5650=CARTESIAN_POINT('Ctrl Pts',(46.0971307677422,-0.291720214125589,13.4369113047075));
#5651=CARTESIAN_POINT('Ctrl Pts',(46.5164946820051,-3.16770639196439,12.4155936710456));
#5652=CARTESIAN_POINT('Ctrl Pts',(46.9363771101982,-6.04369257169851,11.3948393809476));
#5653=CARTESIAN_POINT('Ctrl Pts',(47.3557410389524,-8.91967874276893,10.3735217281047));
#5654=CARTESIAN_POINT('Ctrl Pts',(44.6788168903264,-0.079104120686887,14.3834885608504));
#5655=CARTESIAN_POINT('Ctrl Pts',(45.5333967240714,-2.95509029638626,13.0892528286208));
#5656=CARTESIAN_POINT('Ctrl Pts',(46.3878517515611,-5.83107647926144,11.7949038300584));
#5657=CARTESIAN_POINT('Ctrl Pts',(47.2424316465504,-8.70706262914449,10.5006680766689));
#5658=CARTESIAN_POINT('Ctrl Pts',(43.6648584444623,0.0544445775626852,14.6700365376235));
#5659=CARTESIAN_POINT('Ctrl Pts',(44.8249724473244,-2.82154159710928,13.3050317040344));
#5660=CARTESIAN_POINT('Ctrl Pts',(45.9857654055558,-5.69752778158418,11.9416504820517));
#5661=CARTESIAN_POINT('Ctrl Pts',(47.1458794958997,-8.57351392129251,10.5766456474079));
#5662=CARTESIAN_POINT('Ctrl Pts',(42.9700000686552,0.13295849580491,14.7072862262092));
#5663=CARTESIAN_POINT('Ctrl Pts',(44.3344636738203,-2.74302767855803,13.3428225694213));
#5664=CARTESIAN_POINT('Ctrl Pts',(45.6989272520502,-5.61901386335203,11.9783589076845));
#5665=CARTESIAN_POINT('Ctrl Pts',(47.0633909546033,-8.49500000000002,10.6138952687899));
#5666=CARTESIAN_POINT('Ctrl Pts',(48.97,-0.510000000000004,10.0625));
#5667=CARTESIAN_POINT('Ctrl Pts',(48.97,-3.38598617859902,10.0625));
#5668=CARTESIAN_POINT('Ctrl Pts',(48.97,-6.26197235719803,10.0625));
#5669=CARTESIAN_POINT('Ctrl Pts',(48.97,-9.13795853579704,10.0625));
#5670=CARTESIAN_POINT('Ctrl Pts',(48.969999936284,-0.510000000000004,10.9600978633345));
#5671=CARTESIAN_POINT('Ctrl Pts',(48.9697576342507,-3.38598617859902,10.7557887757402));
#5672=CARTESIAN_POINT('Ctrl Pts',(48.9702422962761,-6.26197235719802,10.552037127133));
#5673=CARTESIAN_POINT('Ctrl Pts',(48.9699999942428,-9.13795853579704,10.3477280395387));
#5674=CARTESIAN_POINT('Ctrl Pts',(48.5592370834118,-0.510000000000004,12.7514997013313));
#5675=CARTESIAN_POINT('Ctrl Pts',(48.6524632375946,-3.38598617859901,12.1395801432484));
#5676=CARTESIAN_POINT('Ctrl Pts',(48.7462464938908,-6.26197235719803,11.5288981058927));
#5677=CARTESIAN_POINT('Ctrl Pts',(48.8394726480735,-9.13795853579704,10.9169785478097));
#5678=CARTESIAN_POINT('Ctrl Pts',(46.5523860601306,-0.510000000000003,15.276329205992));
#5679=CARTESIAN_POINT('Ctrl Pts',(47.1021204263752,-3.38598617859902,14.0906781774276));
#5680=CARTESIAN_POINT('Ctrl Pts',(47.652024878866,-6.26197235719802,12.9049400546926));
#5681=CARTESIAN_POINT('Ctrl Pts',(48.2017592451105,-9.13795853579704,11.7192890261281));
#5682=CARTESIAN_POINT('Ctrl Pts',(44.3163970079567,-0.510000000000003,16.062499856639));
#5683=CARTESIAN_POINT('Ctrl Pts',(45.3743108281406,-3.38598617859901,14.6966609996005));
#5684=CARTESIAN_POINT('Ctrl Pts',(46.4333192347592,-6.26197235719803,13.3349478676919));
#5685=CARTESIAN_POINT('Ctrl Pts',(47.4912330549431,-9.13795853579704,11.9691090106533));
#5686=CARTESIAN_POINT('Ctrl Pts',(42.970000212955,-0.510000000000003,16.0625));
#5687=CARTESIAN_POINT('Ctrl Pts',(44.3344638071817,-3.38598617859901,14.6980363412023));
#5688=CARTESIAN_POINT('Ctrl Pts',(45.6989274014083,-6.26197235719803,13.3335726824047));
#5689=CARTESIAN_POINT('Ctrl Pts',(47.063390995635,-9.13795853579704,11.9691090236071));
#5690=CARTESIAN_POINT('',(48.97,-0.510000000000004,10.0625));
#5691=CARTESIAN_POINT('Ctrl Pts',(43.4036831925684,-1.42410739028771,15.6288169998635));
#5692=CARTESIAN_POINT('Ctrl Pts',(43.9343826468648,-1.36126738960481,15.6586303316179));
#5693=CARTESIAN_POINT('Ctrl Pts',(45.0947272480559,-1.1913918658751,15.5684740082587));
#5694=CARTESIAN_POINT('Ctrl Pts',(46.8103877069765,-0.87875387656546,14.7344705642903));
#5695=CARTESIAN_POINT('Ctrl Pts',(48.0542858932471,-0.658813196745843,13.3952664431112));
#5696=CARTESIAN_POINT('Ctrl Pts',(48.7971713525287,-0.536958071420617,11.8138120111013));
#5697=CARTESIAN_POINT('Ctrl Pts',(48.9658350314607,-0.510652384969602,10.6697088390136));
#5698=CARTESIAN_POINT('Ctrl Pts',(48.969945707902,-0.510008684728064,10.0915791272014));
#5699=CARTESIAN_POINT('Ctrl Pts',(48.9699999989679,-0.509999999763631,10.0770399310588));
#5700=CARTESIAN_POINT('Ctrl Pts',(48.97,-0.510000000000016,10.0625));
#5701=CARTESIAN_POINT('',(48.97,-8.49500000000002,10.0625));
#5702=CARTESIAN_POINT('Ctrl Pts',(48.97,-8.49500000000002,10.0625));
#5703=CARTESIAN_POINT('Ctrl Pts',(48.9699999931989,-8.49499999538731,10.2858192235151));
#5704=CARTESIAN_POINT('Ctrl Pts',(48.9221042949848,-8.51013204979677,10.6201037055333));
#5705=CARTESIAN_POINT('Ctrl Pts',(48.7394397624446,-8.56990236992072,11.0640728236405));
#5706=CARTESIAN_POINT('Ctrl Pts',(48.5248230023035,-8.64176336589191,11.3937996991587));
#5707=CARTESIAN_POINT('Ctrl Pts',(48.2064777693675,-8.75038244660781,11.7065193476026));
#5708=CARTESIAN_POINT('Ctrl Pts',(47.7096462261585,-8.92402267305572,11.9713284459846));
#5709=CARTESIAN_POINT('Ctrl Pts',(47.2603373065541,-9.07560219312258,11.9986929431623));
#5710=CARTESIAN_POINT('Ctrl Pts',(47.063390995635,-9.13795853579703,11.9691090236071));
#5711=CARTESIAN_POINT('',(48.97,-0.510000000000004,10.0625));
#5712=CARTESIAN_POINT('Ctrl Pts',(47.0633910203819,-9.1379586291249,-11.9691082933498));
#5713=CARTESIAN_POINT('Ctrl Pts',(47.211097294152,-9.09119247137762,-11.9912957169499));
#5714=CARTESIAN_POINT('Ctrl Pts',(47.4273166476736,-9.01963387790051,-11.9920023880683));
#5715=CARTESIAN_POINT('Ctrl Pts',(47.8336294232533,-8.88059029079613,-11.9035764273503));
#5716=CARTESIAN_POINT('Ctrl Pts',(48.2044340656125,-8.75140064026439,-11.7094686303958));
#5717=CARTESIAN_POINT('Ctrl Pts',(48.6285119308842,-8.60649435421952,-11.289035981184));
#5718=CARTESIAN_POINT('Ctrl Pts',(48.9031314830837,-8.51640288975461,-10.7316629088172));
#5719=CARTESIAN_POINT('Ctrl Pts',(48.9699999897985,-8.49500000852348,-10.2858134131535));
#5720=CARTESIAN_POINT('Ctrl Pts',(48.97,-8.49500000000003,-10.0624993988176));
#5721=CARTESIAN_POINT('Ctrl Pts',(47.0633910176149,-9.42908703190477,-11.8309872595269));
#5722=CARTESIAN_POINT('Ctrl Pts',(47.1988830937244,-9.39608090132772,-11.8591473481975));
#5723=CARTESIAN_POINT('Ctrl Pts',(47.3998739514385,-9.34487462655494,-11.8730553616555));
#5724=CARTESIAN_POINT('Ctrl Pts',(47.789250929992,-9.24331677721928,-11.8172832226325));
#5725=CARTESIAN_POINT('Ctrl Pts',(48.1590319942285,-9.14624570967809,-11.6584073621399));
#5726=CARTESIAN_POINT('Ctrl Pts',(48.6004209530143,-9.03389221502627,-11.2751675419179));
#5727=CARTESIAN_POINT('Ctrl Pts',(48.8981559667939,-8.9615004153841,-10.7327145272053));
#5728=CARTESIAN_POINT('Ctrl Pts',(48.9699999871465,-8.94379895740433,-10.2863059417543));
#5729=CARTESIAN_POINT('Ctrl Pts',(48.97,-8.94379895051285,-10.0624993988176));
#5730=CARTESIAN_POINT('Ctrl Pts',(47.063391009379,-9.85643894236302,-11.4198705441625));
#5731=CARTESIAN_POINT('Ctrl Pts',(47.1621287476234,-9.84776606133013,-11.4445289638102));
#5732=CARTESIAN_POINT('Ctrl Pts',(47.3099668932991,-9.83419741847554,-11.4622471767546));
#5733=CARTESIAN_POINT('Ctrl Pts',(47.6041797943093,-9.80663220415695,-11.4376846727664));
#5734=CARTESIAN_POINT('Ctrl Pts',(47.8963006439802,-9.77957764829116,-11.3344710802943));
#5735=CARTESIAN_POINT('Ctrl Pts',(48.2644386737635,-9.74731969734584,-11.0510589348561));
#5736=CARTESIAN_POINT('Ctrl Pts',(48.5272889814266,-9.72595213935632,-10.6175151957295));
#5737=CARTESIAN_POINT('Ctrl Pts',(48.5935585256534,-9.72092240320108,-10.2476593520687));
#5738=CARTESIAN_POINT('Ctrl Pts',(48.5935585381681,-9.72092240112559,-10.0624993816209));
#5739=CARTESIAN_POINT('Ctrl Pts',(47.0633909980742,-9.99500000000003,-10.8555682395778));
#5740=CARTESIAN_POINT('Ctrl Pts',(47.111855451534,-9.99503250437238,-10.8629360272884));
#5741=CARTESIAN_POINT('Ctrl Pts',(47.1813409473032,-9.99502874792222,-10.8647318544728));
#5742=CARTESIAN_POINT('Ctrl Pts',(47.3173272944926,-9.99512464943081,-10.8413905006706));
#5743=CARTESIAN_POINT('Ctrl Pts',(47.4540022759282,-9.99521376405696,-10.7811323920971));
#5744=CARTESIAN_POINT('Ctrl Pts',(47.6349704117903,-9.99531880812097,-10.6235483518536));
#5745=CARTESIAN_POINT('Ctrl Pts',(47.7714375410996,-9.99528971441274,-10.3796241285951));
#5746=CARTESIAN_POINT('Ctrl Pts',(47.8065992068487,-9.99499999997843,-10.1682582726805));
#5747=CARTESIAN_POINT('Ctrl Pts',(47.8065992128846,-9.99500000000002,-10.0624993456709));
#5748=CARTESIAN_POINT('Ctrl Pts',(47.0633909932327,-9.99500000000003,-10.6138945828104));
#5749=CARTESIAN_POINT('Ctrl Pts',(47.0903371801031,-9.99500000000003,-10.6138945822706));
#5750=CARTESIAN_POINT('Ctrl Pts',(47.1262608926354,-9.99500000000003,-10.6089421296988));
#5751=CARTESIAN_POINT('Ctrl Pts',(47.1945721082436,-9.99500000000003,-10.5862541824057));
#5752=CARTESIAN_POINT('Ctrl Pts',(47.2648053246831,-9.99500000000003,-10.5445016924086));
#5753=CARTESIAN_POINT('Ctrl Pts',(47.3658339293735,-9.99500000000003,-10.4408429688524));
#5754=CARTESIAN_POINT('Ctrl Pts',(47.4483031737883,-9.99500000000003,-10.2779954009433));
#5755=CARTESIAN_POINT('Ctrl Pts',(47.4699999967175,-9.99500000000002,-10.1343558286153));
#5756=CARTESIAN_POINT('Ctrl Pts',(47.47,-9.99500000000002,-10.0624993302944));
#5757=CARTESIAN_POINT('',(48.97,-8.49500000000002,-10.0624993988176));
#5758=CARTESIAN_POINT('Origin',(47.47,-8.49500000000003,-10.0624993988176));
#5759=CARTESIAN_POINT('',(47.0633910256582,-9.13795863963818,-11.9691082883619));
#5760=CARTESIAN_POINT('Origin',(47.0633910256582,-8.49500000000003,-10.6138945828097));
#5761=CARTESIAN_POINT('Ctrl Pts',(47.0633910203819,-9.1379586291249,-11.9691082933498));
#5762=CARTESIAN_POINT('Ctrl Pts',(47.211097294152,-9.09119247137762,-11.9912957169499));
#5763=CARTESIAN_POINT('Ctrl Pts',(47.4273166476736,-9.01963387790051,-11.9920023880683));
#5764=CARTESIAN_POINT('Ctrl Pts',(47.8336294232533,-8.88059029079613,-11.9035764273503));
#5765=CARTESIAN_POINT('Ctrl Pts',(48.2044340656125,-8.75140064026439,-11.7094686303958));
#5766=CARTESIAN_POINT('Ctrl Pts',(48.6285119308842,-8.60649435421952,-11.289035981184));
#5767=CARTESIAN_POINT('Ctrl Pts',(48.9031314830837,-8.51640288975461,-10.7316629088172));
#5768=CARTESIAN_POINT('Ctrl Pts',(48.9699999897985,-8.49500000852348,-10.2858134131535));
#5769=CARTESIAN_POINT('Ctrl Pts',(48.97,-8.49500000000003,-10.0624993988176));
#5770=CARTESIAN_POINT('Origin',(-10.0172988817561,-8.49500000000003,-10.6138945828097));
#5771=CARTESIAN_POINT('',(-10.0172988817561,-9.1379586396379,-11.9691082883613));
#5772=CARTESIAN_POINT('Ctrl Pts',(-35.249444334232,-9.13795870451028,-8.82846111941724));
#5773=CARTESIAN_POINT('Ctrl Pts',(-34.5034989429545,-9.13795870952809,-9.51133088448147));
#5774=CARTESIAN_POINT('Ctrl Pts',(-33.6705013810669,-9.13795871384763,-10.0991729221518));
#5775=CARTESIAN_POINT('Ctrl Pts',(-32.7771303513076,-9.1379587173305,-10.573154587029));
#5776=CARTESIAN_POINT('Ctrl Pts',(-35.1678383571178,-9.39269603765569,-8.73931732457438));
#5777=CARTESIAN_POINT('Ctrl Pts',(-34.4293820001038,-9.39269604138563,-9.41533131210395));
#5778=CARTESIAN_POINT('Ctrl Pts',(-33.6048900100286,-9.39269604460696,-9.99717101180949));
#5779=CARTESIAN_POINT('Ctrl Pts',(-32.7204881174503,-9.39269604719592,-10.466394063703));
#5780=CARTESIAN_POINT('Ctrl Pts',(-34.9051100061498,-9.83159256657886,-8.45232116269601));
#5781=CARTESIAN_POINT('Ctrl Pts',(-34.1909637595144,-9.83159256768656,-9.10608065350485));
#5782=CARTESIAN_POINT('Ctrl Pts',(-33.3934171302351,-9.83159256862662,-9.66890515214145));
#5783=CARTESIAN_POINT('Ctrl Pts',(-32.5381299001339,-9.83159256939548,-10.1226813004923));
#5784=CARTESIAN_POINT('Ctrl Pts',(-34.5247423494975,-9.99500000000003,-8.03681953464675));
#5785=CARTESIAN_POINT('Ctrl Pts',(-33.845677427597,-9.99499999998909,-8.65846410857566));
#5786=CARTESIAN_POINT('Ctrl Pts',(-33.087391503232,-9.99500000000762,-9.19358253446164));
#5787=CARTESIAN_POINT('Ctrl Pts',(-32.2741189282303,-9.99500000000003,-9.62506763653852));
#5788=CARTESIAN_POINT('Ctrl Pts',(-34.334358480654,-9.99500000000003,-7.8288502026721));
#5789=CARTESIAN_POINT('Ctrl Pts',(-33.6728734650665,-9.99500000000003,-8.43440139261799));
#5790=CARTESIAN_POINT('Ctrl Pts',(-32.9341928428255,-9.99500000000003,-8.95568445985585));
#5791=CARTESIAN_POINT('Ctrl Pts',(-32.1419745953272,-9.99500000000003,-9.37599910278579));
#5792=CARTESIAN_POINT('Ctrl Pts',(48.97,-8.49500000000002,10.0625));
#5793=CARTESIAN_POINT('Ctrl Pts',(48.9699999931989,-8.49499999538731,10.2858192235151));
#5794=CARTESIAN_POINT('Ctrl Pts',(48.9221042949848,-8.51013204979677,10.6201037055333));
#5795=CARTESIAN_POINT('Ctrl Pts',(48.7394397624446,-8.56990236992072,11.0640728236405));
#5796=CARTESIAN_POINT('Ctrl Pts',(48.5248230023035,-8.64176336589191,11.3937996991587));
#5797=CARTESIAN_POINT('Ctrl Pts',(48.2064777693675,-8.75038244660781,11.7065193476026));
#5798=CARTESIAN_POINT('Ctrl Pts',(47.7096462261585,-8.92402267305572,11.9713284459846));
#5799=CARTESIAN_POINT('Ctrl Pts',(47.2603373065541,-9.07560219312258,11.9986929431623));
#5800=CARTESIAN_POINT('Ctrl Pts',(47.063390995635,-9.13795853579703,11.9691090236071));
#5801=CARTESIAN_POINT('Ctrl Pts',(48.97,-8.94379895051285,10.0625));
#5802=CARTESIAN_POINT('Ctrl Pts',(48.9699999946069,-8.94379894678332,10.2863117636049));
#5803=CARTESIAN_POINT('Ctrl Pts',(48.9188954439377,-8.95657470493204,10.6211929853471));
#5804=CARTESIAN_POINT('Ctrl Pts',(48.7207829799995,-9.00447735084264,11.0565734911013));
#5805=CARTESIAN_POINT('Ctrl Pts',(48.492163001269,-9.06127159584541,11.3710178141412));
#5806=CARTESIAN_POINT('Ctrl Pts',(48.1609162253042,-9.14533849731753,11.6562162221479));
#5807=CARTESIAN_POINT('Ctrl Pts',(47.6647226105224,-9.27592937929307,11.8729184861396));
#5808=CARTESIAN_POINT('Ctrl Pts',(47.2440513257855,-9.38507775659433,11.8685356635936));
#5809=CARTESIAN_POINT('Ctrl Pts',(47.0633909914531,-9.42908696586546,11.8309880013991));
#5810=CARTESIAN_POINT('Ctrl Pts',(48.5935585381662,-9.72092240112406,10.0624999885355));
#5811=CARTESIAN_POINT('Ctrl Pts',(48.5935585347222,-9.72092240000085,10.2476642781545));
#5812=CARTESIAN_POINT('Ctrl Pts',(48.545030200674,-9.72444894366708,10.5255371909084));
#5813=CARTESIAN_POINT('Ctrl Pts',(48.3706903426773,-9.73863996473327,10.8767012122146));
#5814=CARTESIAN_POINT('Ctrl Pts',(48.1739122709998,-9.75521042325532,11.1222077985841));
#5815=CARTESIAN_POINT('Ctrl Pts',(47.8983248869146,-9.77938633256843,11.3332119460564));
#5816=CARTESIAN_POINT('Ctrl Pts',(47.5060181652192,-9.81581546718624,11.4736782634417));
#5817=CARTESIAN_POINT('Ctrl Pts',(47.1950443815416,-9.84487481154184,11.4527499426896));
#5818=CARTESIAN_POINT('Ctrl Pts',(47.0633909790058,-9.85643892512084,11.4198712794393));
#5819=CARTESIAN_POINT('Ctrl Pts',(47.8065992128846,-9.99500000000003,10.0624999645689));
#5820=CARTESIAN_POINT('Ctrl Pts',(47.8065992103156,-9.99500000001171,10.1682613585853));
#5821=CARTESIAN_POINT('Ctrl Pts',(47.7805404708504,-9.99535373404048,10.3270281789758));
#5822=CARTESIAN_POINT('Ctrl Pts',(47.6899220882509,-9.9953037851156,10.5255965325071));
#5823=CARTESIAN_POINT('Ctrl Pts',(47.5902168803854,-9.99527666152688,10.6630856105513));
#5824=CARTESIAN_POINT('Ctrl Pts',(47.4546795153045,-9.99513158195976,10.7806600372545));
#5825=CARTESIAN_POINT('Ctrl Pts',(47.2715632002393,-9.99500867466848,10.8620557850383));
#5826=CARTESIAN_POINT('Ctrl Pts',(47.1280117447177,-9.99504334019139,10.8653928871818));
#5827=CARTESIAN_POINT('Ctrl Pts',(47.0633909619204,-9.99500000000002,10.8555689403142));
#5828=CARTESIAN_POINT('Ctrl Pts',(47.47,-9.99500000000003,10.0624999543178));
#5829=CARTESIAN_POINT('Ctrl Pts',(47.4699999978116,-9.99500000000003,10.1343581288138));
#5830=CARTESIAN_POINT('Ctrl Pts',(47.4537558422949,-9.99500000000002,10.2422083559374));
#5831=CARTESIAN_POINT('Ctrl Pts',(47.3988653617467,-9.99500000000002,10.3755626882294));
#5832=CARTESIAN_POINT('Ctrl Pts',(47.3406186332418,-9.99500000000002,10.4668355968191));
#5833=CARTESIAN_POINT('Ctrl Pts',(47.2648555296029,-9.99500000000002,10.5443806828207));
#5834=CARTESIAN_POINT('Ctrl Pts',(47.1711497221886,-9.99500000000002,10.6003279494671));
#5835=CARTESIAN_POINT('Ctrl Pts',(47.0993200418513,-9.99500000000002,10.613895267702));
#5836=CARTESIAN_POINT('Ctrl Pts',(47.0633909546033,-9.99500000000002,10.6138952687899));
#5837=CARTESIAN_POINT('Origin',(47.47,-8.49500000000002,10.0625));
#5838=CARTESIAN_POINT('Origin',(47.47,-8.49500000000003,-5.03124991794753));
#5839=CARTESIAN_POINT('',(48.97,-8.49500000000002,-5.03124991794754));
#5840=CARTESIAN_POINT('Origin',(-27.167499622948,-0.510000000000007,-3.77050032194237E-7));
#5841=CARTESIAN_POINT('Ctrl Pts',(-27.1675000000004,0.390750148460907,16.0625));
#5842=CARTESIAN_POINT('Ctrl Pts',(-29.5703436828404,0.390750148460907,16.0624999435355));
#5843=CARTESIAN_POINT('Ctrl Pts',(-34.3741841920588,0.390750157770205,14.9660546329569));
#5844=CARTESIAN_POINT('Ctrl Pts',(-40.156822504718,0.390750196893579,10.3581191371308));
#5845=CARTESIAN_POINT('Ctrl Pts',(-43.3613337525128,0.39075025345838,3.69593879808601));
#5846=CARTESIAN_POINT('Ctrl Pts',(-43.3643870747884,0.390750316224944,-3.69668254955255));
#5847=CARTESIAN_POINT('Ctrl Pts',(-40.1549136850046,0.390750372780764,-10.3578046810151));
#5848=CARTESIAN_POINT('Ctrl Pts',(-34.3742827667594,0.390750411908058,-14.9662023568026));
#5849=CARTESIAN_POINT('Ctrl Pts',(-29.570344448541,0.390750421216108,-16.0625005823784));
#5850=CARTESIAN_POINT('Ctrl Pts',(-27.1675007702466,0.390750421216111,-16.0625007541));
#5851=CARTESIAN_POINT('Ctrl Pts',(-27.1675008077352,4.2356079120879,-16.0625007541));
#5852=CARTESIAN_POINT('Ctrl Pts',(-29.5703444866276,4.2356079120879,-16.0625005768002));
#5853=CARTESIAN_POINT('Ctrl Pts',(-34.3746945537157,4.2356079120879,-14.9660173873079));
#5854=CARTESIAN_POINT('Ctrl Pts',(-40.1550515305258,4.23560791208791,-10.3575717411714));
#5855=CARTESIAN_POINT('Ctrl Pts',(-43.3645299452047,4.23560791208791,-3.69641843562959));
#5856=CARTESIAN_POINT('Ctrl Pts',(-43.3612055836949,4.23560791208791,3.69624977176567));
#5857=CARTESIAN_POINT('Ctrl Pts',(-40.1567346252233,4.23560791208791,10.3583527353487));
#5858=CARTESIAN_POINT('Ctrl Pts',(-34.3737451918635,4.23560791208792,14.9661889525023));
#5859=CARTESIAN_POINT('Ctrl Pts',(-29.5703436870911,4.23560791208791,16.0624999436277));
#5860=CARTESIAN_POINT('Ctrl Pts',(-27.167499999785,4.23560791208791,16.0625));
#5861=CARTESIAN_POINT('Origin',(42.96999957409,-0.510000000000004,10.06249957409));
#5862=CARTESIAN_POINT('',(44.2710491203972,0.290448602395464,15.9197408350399));
#5863=CARTESIAN_POINT('Ctrl Pts',(48.97,-0.510000000000016,10.0625));
#5864=CARTESIAN_POINT('Ctrl Pts',(48.9699999989679,-0.509999999872446,10.0770399310588));
#5865=CARTESIAN_POINT('Ctrl Pts',(48.9699460865642,-0.509991480081538,10.0915792135833));
#5866=CARTESIAN_POINT('Ctrl Pts',(48.9658087987189,-0.509337026572571,10.6696934628226));
#5867=CARTESIAN_POINT('Ctrl Pts',(48.7938938119725,-0.482417799806127,11.8117262853289));
#5868=CARTESIAN_POINT('Ctrl Pts',(48.0866068833353,-0.367258863876201,13.3368285923741));
#5869=CARTESIAN_POINT('Ctrl Pts',(47.0303695103729,-0.18465767431533,14.5753858215326));
#5870=CARTESIAN_POINT('Ctrl Pts',(45.7348702659367,0.0491205687500679,15.4611610691578));
#5871=CARTESIAN_POINT('Ctrl Pts',(44.771417008761,0.212358925879516,15.8085957779833));
#5872=CARTESIAN_POINT('Ctrl Pts',(44.2710491203972,0.290448602395464,15.9197408350399));
#5873=CARTESIAN_POINT('',(48.97,4.17098590458592,10.0625000000002));
#5874=CARTESIAN_POINT('',(48.97,-0.510000000000004,10.0625));
#5875=CARTESIAN_POINT('Ctrl Pts',(42.9700002129561,4.17711359990614,16.0625));
#5876=CARTESIAN_POINT('Ctrl Pts',(44.2779762241819,4.04777990019131,16.0624998607297));
#5877=CARTESIAN_POINT('Ctrl Pts',(46.5415965241159,3.92849418867958,15.2969702951544));
#5878=CARTESIAN_POINT('Ctrl Pts',(48.577113222102,3.9667913229859,12.7239117698718));
#5879=CARTESIAN_POINT('Ctrl Pts',(48.9699999380469,4.08564231794047,10.9352618131066));
#5880=CARTESIAN_POINT('Ctrl Pts',(48.97,4.17098590458592,10.0625000000005));
#5881=CARTESIAN_POINT('Ctrl Pts',(44.2710490645088,0.290448560642171,15.9197408474542));
#5882=CARTESIAN_POINT('Ctrl Pts',(43.8442952094586,0.357049734170388,16.014534259529));
#5883=CARTESIAN_POINT('Ctrl Pts',(43.4071566512363,0.390750032552872,16.0624998603582));
#5884=CARTESIAN_POINT('Ctrl Pts',(42.9700014906846,0.390750148460662,16.0624999999997));
#5885=CARTESIAN_POINT('Origin',(48.97,-0.510000000000009,-10.062500212955));
#5886=CARTESIAN_POINT('',(48.97,4.2285695193637,-9.70088074316062));
#5887=CARTESIAN_POINT('',(48.97,4.17098589534246,-10.0625002129553));
#5888=CARTESIAN_POINT('Ctrl Pts',(48.97,4.22856951936353,-9.70088074316061));
#5889=CARTESIAN_POINT('Ctrl Pts',(48.97,4.22856944142177,-9.82335949168198));
#5890=CARTESIAN_POINT('Ctrl Pts',(48.97,4.20546299466025,-9.94497373047419));
#5891=CARTESIAN_POINT('Ctrl Pts',(48.97,4.17098589536844,-10.0624997869568));
#5892=CARTESIAN_POINT('',(48.97,4.2285695193637,9.7008805043294));
#5893=CARTESIAN_POINT('',(48.97,4.2285695193637,-3.78125029500252));
#5894=CARTESIAN_POINT('Ctrl Pts',(48.97,4.17098590479448,10.0624997153494));
#5895=CARTESIAN_POINT('Ctrl Pts',(48.97,4.205463017564,9.94497360517448));
#5896=CARTESIAN_POINT('Ctrl Pts',(48.97,4.22856946740243,9.82335930883063));
#5897=CARTESIAN_POINT('Ctrl Pts',(48.97,4.22856951936363,9.70088050432939));
#5898=CARTESIAN_POINT('',(48.97,-0.510000000000009,-10.062500212955));
#5899=CARTESIAN_POINT('',(48.97,-0.510000000000009,-10.062500212955));
#5900=CARTESIAN_POINT('',(48.97,-0.510000000000009,-10.062500212955));
#5901=CARTESIAN_POINT('Origin',(42.96999957409,-0.510000000000009,-10.06249957409));
#5902=CARTESIAN_POINT('',(44.2710490974586,0.290448759163505,-15.9197408401352));
#5903=CARTESIAN_POINT('Ctrl Pts',(42.9700008518088,0.390750284855663,-16.0624999999999));
#5904=CARTESIAN_POINT('Ctrl Pts',(43.4071562499739,0.390750237245295,-16.0624999069063));
#5905=CARTESIAN_POINT('Ctrl Pts',(43.8442950393749,0.357049976016074,-16.0145343003747));
#5906=CARTESIAN_POINT('Ctrl Pts',(44.2710491047975,0.290448808508383,-15.9197408385051));
#5907=CARTESIAN_POINT('Ctrl Pts',(48.97,4.17098589534246,-10.0625002129555));
#5908=CARTESIAN_POINT('Ctrl Pts',(48.9699998606056,4.0429705322168,-11.3716429470682));
#5909=CARTESIAN_POINT('Ctrl Pts',(48.2029568799769,3.92656366923558,-13.6363379962712));
#5910=CARTESIAN_POINT('Ctrl Pts',(45.6294928034302,3.97012984468364,-15.6703107586666));
#5911=CARTESIAN_POINT('Ctrl Pts',(43.8419839993907,4.09089121621218,-16.0624999381027));
#5912=CARTESIAN_POINT('Ctrl Pts',(42.969999999997,4.17711369150276,-16.0625));
#5913=CARTESIAN_POINT('Ctrl Pts',(44.2710490974586,0.290448759163505,-15.9197408401352));
#5914=CARTESIAN_POINT('Ctrl Pts',(44.7178061414883,0.220725838103648,-15.8205041836966));
#5915=CARTESIAN_POINT('Ctrl Pts',(45.4069872604717,0.105208933179885,-15.5829584463813));
#5916=CARTESIAN_POINT('Ctrl Pts',(46.3705145201242,-0.0656281017905976,
-15.0378859699818));
#5917=CARTESIAN_POINT('Ctrl Pts',(47.1775543724758,-0.209805804434627,-14.3898676769407));
#5918=CARTESIAN_POINT('Ctrl Pts',(47.923500946133,-0.339006919215174,-13.5134556757384));
#5919=CARTESIAN_POINT('Ctrl Pts',(48.4581747565881,-0.427876804971739,-12.5607761864728));
#5920=CARTESIAN_POINT('Ctrl Pts',(48.8541511592284,-0.491811244966603,-11.4279863151211));
#5921=CARTESIAN_POINT('Ctrl Pts',(48.9661833314927,-0.509396393172691,-10.609284518629));
#5922=CARTESIAN_POINT('Ctrl Pts',(48.9699471444802,-0.509991641038439,-10.0915800396146));
#5923=CARTESIAN_POINT('Ctrl Pts',(48.9699999984518,-0.509999999801344,-10.0770401458298));
#5924=CARTESIAN_POINT('Ctrl Pts',(48.97,-0.509999999999989,-10.062500212955));
#5925=CARTESIAN_POINT('Ctrl Pts',(42.6068539959197,4.23560791208793,16.0625));
#5926=CARTESIAN_POINT('Ctrl Pts',(42.7298942488462,4.23560788740985,16.0625));
#5927=CARTESIAN_POINT('Ctrl Pts',(42.8520401545429,4.21210544108841,16.0625));
#5928=CARTESIAN_POINT('Ctrl Pts',(42.9699997870094,4.17711359991684,16.0625));
#5929=CARTESIAN_POINT('Ctrl Pts',(42.6068540603484,4.55683716346485,16.0625));
#5930=CARTESIAN_POINT('Ctrl Pts',(42.7722806703202,4.57238251284999,16.0625077041691));
#5931=CARTESIAN_POINT('Ctrl Pts',(42.9283687523438,4.5603824125428,16.0624861376034));
#5932=CARTESIAN_POINT('Ctrl Pts',(43.0762096081996,4.53515339012113,16.0625));
#5933=CARTESIAN_POINT('Ctrl Pts',(42.6068541247735,4.87804842743125,16.0236183289805));
#5934=CARTESIAN_POINT('Ctrl Pts',(42.8146643819958,4.90913418663072,16.0198450790026));
#5935=CARTESIAN_POINT('Ctrl Pts',(43.0046923492837,4.90863190980118,16.0149105383685));
#5936=CARTESIAN_POINT('Ctrl Pts',(43.1824085747349,4.89315658862109,16.0098583524569));
#5937=CARTESIAN_POINT('Ctrl Pts',(42.6068541873414,5.19000006883766,15.9469736594723));
#5938=CARTESIAN_POINT('Ctrl Pts',(42.8558253593952,5.23528637900392,15.9358470691854));
#5939=CARTESIAN_POINT('Ctrl Pts',(43.0784422477758,5.24466589012263,15.9214244603881));
#5940=CARTESIAN_POINT('Ctrl Pts',(43.2844792930788,5.23724321048274,15.9066160035909));
#5941=CARTESIAN_POINT('Origin',(42.9699997870454,4.17711359990614,12.0625));
#5942=CARTESIAN_POINT('Ctrl Pts',(42.9699997157913,4.17711369158044,-16.0625000000009));
#5943=CARTESIAN_POINT('Ctrl Pts',(42.852040092757,4.21210552662832,-16.0625000000009));
#5944=CARTESIAN_POINT('Ctrl Pts',(42.7298941965211,4.2356079664951,-16.0625000000009));
#5945=CARTESIAN_POINT('Ctrl Pts',(42.6068539543789,4.23560798294703,-16.0625000000009));
#5946=CARTESIAN_POINT('Ctrl Pts',(43.0762095181612,4.53515345236896,-16.062500000001));
#5947=CARTESIAN_POINT('Ctrl Pts',(42.9283686714017,4.56038246800038,-16.062486137608));
#5948=CARTESIAN_POINT('Ctrl Pts',(42.7722805979725,4.57238256096544,-16.062507704167));
#5949=CARTESIAN_POINT('Ctrl Pts',(42.606853997331,4.556837202125,-16.0625000000009));
#5950=CARTESIAN_POINT('Ctrl Pts',(43.1824084658819,4.89315662146929,-16.0098583619775));
#5951=CARTESIAN_POINT('Ctrl Pts',(43.004692249189,4.90863193518947,-16.0149105474445));
#5952=CARTESIAN_POINT('Ctrl Pts',(42.814664289628,4.90913420378769,-16.0198450876086));
#5953=CARTESIAN_POINT('Ctrl Pts',(42.6068540402807,4.87804843390144,-16.0236183368133));
#5954=CARTESIAN_POINT('Ctrl Pts',(43.2844791668778,5.23724321755237,-15.9066160314193));
#5955=CARTESIAN_POINT('Ctrl Pts',(43.0784421296988,5.24466588880238,-15.9214244869748));
#5956=CARTESIAN_POINT('Ctrl Pts',(42.8558252478876,5.2352863682967,-15.9358470944761));
#5957=CARTESIAN_POINT('Ctrl Pts',(42.6068540819923,5.19000004588977,-15.9469736825211));
#5958=CARTESIAN_POINT('Origin',(42.969999716059,4.17711369150276,-12.0625));
#5959=CARTESIAN_POINT('Ctrl Pts',(-27.1675007825082,4.2356079120879,-16.0625007541));
#5960=CARTESIAN_POINT('Ctrl Pts',(-29.5703444698143,4.2356079120879,-16.0625005806375));
#5961=CARTESIAN_POINT('Ctrl Pts',(-34.3746945469727,4.2356079120879,-14.9660173926838));
#5962=CARTESIAN_POINT('Ctrl Pts',(-40.1550515305258,4.23560791208791,-10.3575717411714));
#5963=CARTESIAN_POINT('Ctrl Pts',(-43.3645299452047,4.23560791208791,-3.69641843562959));
#5964=CARTESIAN_POINT('Ctrl Pts',(-43.3612055836949,4.23560791208791,3.69624977176567));
#5965=CARTESIAN_POINT('Ctrl Pts',(-40.1567346252233,4.23560791208791,10.3583527353487));
#5966=CARTESIAN_POINT('Ctrl Pts',(-34.3737451918635,4.23560791208792,14.9661889525023));
#5967=CARTESIAN_POINT('Ctrl Pts',(-29.5703436870911,4.23560791208791,16.0624999436277));
#5968=CARTESIAN_POINT('Ctrl Pts',(-27.167499999785,4.23560791208791,16.0625));
#5969=CARTESIAN_POINT('Ctrl Pts',(-27.1675007825082,4.55683713983661,-16.0625007541));
#5970=CARTESIAN_POINT('Ctrl Pts',(-29.5703504418852,4.55683713983661,-16.062500580637));
#5971=CARTESIAN_POINT('Ctrl Pts',(-34.3746915601735,4.55683713983661,-14.966022488457));
#5972=CARTESIAN_POINT('Ctrl Pts',(-40.1550561456977,4.55683713983661,-10.3575720530886));
#5973=CARTESIAN_POINT('Ctrl Pts',(-43.3645346051664,4.55683713983661,-3.69642074265003));
#5974=CARTESIAN_POINT('Ctrl Pts',(-43.3612070674696,4.55683713983662,3.69625054326382));
#5975=CARTESIAN_POINT('Ctrl Pts',(-40.1567401868174,4.55683713983662,10.3583558264055));
#5976=CARTESIAN_POINT('Ctrl Pts',(-34.3737423549483,4.55683713983662,14.9661919586626));
#5977=CARTESIAN_POINT('Ctrl Pts',(-29.5703496591621,4.55683713983662,16.0624999436275));
#5978=CARTESIAN_POINT('Ctrl Pts',(-27.167499999785,4.55683713983662,16.0625));
#5979=CARTESIAN_POINT('Ctrl Pts',(-27.1675007797013,4.8780483801814,-16.0236190888277));
#5980=CARTESIAN_POINT('Ctrl Pts',(-29.5645339720078,4.8780483801814,-16.0236189157846));
#5981=CARTESIAN_POINT('Ctrl Pts',(-34.3572454892834,4.8780483801814,-14.9297950004371));
#5982=CARTESIAN_POINT('Ctrl Pts',(-40.1236178282137,4.8780483801814,-10.3325000134702));
#5983=CARTESIAN_POINT('Ctrl Pts',(-43.3253272688004,4.8780483801814,-3.68747300372544));
#5984=CARTESIAN_POINT('Ctrl Pts',(-43.3220077928011,4.87804838018141,3.68730321784193));
#5985=CARTESIAN_POINT('Ctrl Pts',(-40.1252977908064,4.87804838018141,10.3332818816857));
#5986=CARTESIAN_POINT('Ctrl Pts',(-34.3562985814246,4.87804838018141,14.9299640631283));
#5987=CARTESIAN_POINT('Ctrl Pts',(-29.5645331911794,4.87804838018141,16.0236182784917));
#5988=CARTESIAN_POINT('Ctrl Pts',(-27.1674999988728,4.87804838018141,16.0236183347277));
#5989=CARTESIAN_POINT('Ctrl Pts',(-27.1675007741683,5.19000000000026,-15.9469744304853));
#5990=CARTESIAN_POINT('Ctrl Pts',(-29.5530624885001,5.19000000000026,-15.9469742582704));
#5991=CARTESIAN_POINT('Ctrl Pts',(-34.3228582379547,5.19000000000025,-14.8583773064964));
#5992=CARTESIAN_POINT('Ctrl Pts',(-40.0616411592002,5.19000000000026,-10.283076979261));
#5993=CARTESIAN_POINT('Ctrl Pts',(-43.2480360418471,5.19000000000026,-3.66983268753144));
#5994=CARTESIAN_POINT('Ctrl Pts',(-43.244735590143,5.19000000000026,3.66966523132494));
#5995=CARTESIAN_POINT('Ctrl Pts',(-40.0633121485755,5.19000000000026,10.2838523508701));
#5996=CARTESIAN_POINT('Ctrl Pts',(-34.3219157108923,5.19000000000027,14.8585476269815));
#5997=CARTESIAN_POINT('Ctrl Pts',(-29.5530617114065,5.19000000000027,15.9469736204184));
#5998=CARTESIAN_POINT('Ctrl Pts',(-27.1674999970747,5.19000000000027,15.9469736763853));
#5999=CARTESIAN_POINT('Ctrl Pts',(42.9699999999958,-0.51000000000001,-16.0625));
#6000=CARTESIAN_POINT('Ctrl Pts',(44.3344636752166,-3.38598621321273,-14.6980360961207));
#6001=CARTESIAN_POINT('Ctrl Pts',(45.6989273504374,-6.26197242642546,-13.3335721922413));
#6002=CARTESIAN_POINT('Ctrl Pts',(47.0633910256582,-9.13795863963818,-11.9691082883619));
#6003=CARTESIAN_POINT('Ctrl Pts',(43.8675978633307,-0.51000000000001,-16.0624999362847));
#6004=CARTESIAN_POINT('Ctrl Pts',(45.0277524484981,-3.38598621321274,-14.6977937303689));
#6005=CARTESIAN_POINT('Ctrl Pts',(46.1884644726594,-6.26197242642546,-13.3338144885205));
#6006=CARTESIAN_POINT('Ctrl Pts',(47.3486190578268,-9.13795863963818,-11.9691082826047));
#6007=CARTESIAN_POINT('Ctrl Pts',(45.658999701331,-0.51000000000001,-15.6517370834149));
#6008=CARTESIAN_POINT('Ctrl Pts',(46.4115438111037,-3.38598621321273,-14.3804993348398));
#6009=CARTESIAN_POINT('Ctrl Pts',(47.1653254416169,-6.26197242642546,-13.1098186883839));
#6010=CARTESIAN_POINT('Ctrl Pts',(47.9178695513896,-9.13795863963818,-11.8385809398088));
#6011=CARTESIAN_POINT('Ctrl Pts',(48.1838292059966,-0.51000000000001,-13.6448860601342));
#6012=CARTESIAN_POINT('Ctrl Pts',(48.3626418383821,-3.38598621321273,-12.8301565291151));
#6013=CARTESIAN_POINT('Ctrl Pts',(48.5413673765923,-6.26197242642546,-12.0155970843432));
#6014=CARTESIAN_POINT('Ctrl Pts',(48.7201800089778,-9.13795863963818,-11.2008675533241));
#6015=CARTESIAN_POINT('Ctrl Pts',(48.969999856639,-0.510000000000009,-11.4088970079574));
#6016=CARTESIAN_POINT('Ctrl Pts',(48.9686246583816,-3.38598621321274,-11.1023469369941));
#6017=CARTESIAN_POINT('Ctrl Pts',(48.9713751853037,-6.26197242642546,-10.7968914524787));
#6018=CARTESIAN_POINT('Ctrl Pts',(48.9699999870463,-9.13795863963818,-10.4903413815155));
#6019=CARTESIAN_POINT('Ctrl Pts',(48.97,-0.510000000000009,-10.062500212955));
#6020=CARTESIAN_POINT('Ctrl Pts',(48.97,-3.38598621321273,-10.0624999197242));
#6021=CARTESIAN_POINT('Ctrl Pts',(48.97,-6.26197242642546,-10.0624996264934));
#6022=CARTESIAN_POINT('Ctrl Pts',(48.97,-9.13795863963818,-10.0624993332626));
#6023=CARTESIAN_POINT('',(43.4036830599844,-1.42410751644146,-15.6288168673345));
#6024=CARTESIAN_POINT('Ctrl Pts',(48.97,-0.510000000000014,-10.062500212955));
#6025=CARTESIAN_POINT('Ctrl Pts',(48.9699999984518,-0.510000000626457,-10.0770401458298));
#6026=CARTESIAN_POINT('Ctrl Pts',(48.9699471450042,-0.510008359123815,-10.0915800396227));
#6027=CARTESIAN_POINT('Ctrl Pts',(48.9661832573857,-0.510603603738704,-10.6092906775814));
#6028=CARTESIAN_POINT('Ctrl Pts',(48.8556866029738,-0.527849742277949,-11.4287671742585));
#6029=CARTESIAN_POINT('Ctrl Pts',(48.4455061153993,-0.594516480790046,-12.5881825498408));
#6030=CARTESIAN_POINT('Ctrl Pts',(47.8621415617606,-0.692799799022392,-13.5887858337941));
#6031=CARTESIAN_POINT('Ctrl Pts',(46.9771970875107,-0.849580216399611,-14.5276741696522));
#6032=CARTESIAN_POINT('Ctrl Pts',(45.939735869668,-1.03778032243891,-15.1799857300298));
#6033=CARTESIAN_POINT('Ctrl Pts',(44.6915345634104,-1.25202965294139,-15.601370455639));
#6034=CARTESIAN_POINT('Ctrl Pts',(43.8775218106398,-1.3680003957505,-15.6554359245005));
#6035=CARTESIAN_POINT('Ctrl Pts',(43.4036830599844,-1.42410751644142,-15.6288168673344));
#6036=CARTESIAN_POINT('',(42.9699999999958,-0.51000000000001,-16.0625));
#6037=CARTESIAN_POINT('Origin',(-27.1675000536252,-0.51000000000001,-16.062499999992));
#6038=CARTESIAN_POINT('Origin',(42.96999957409,-5.53936183434648,-13.6764027888944));
#6039=CARTESIAN_POINT('Ctrl Pts',(42.9700008518088,0.390750284855663,-16.0624999999999));
#6040=CARTESIAN_POINT('Ctrl Pts',(43.407156266557,0.390750237245293,-16.0624999069063));
#6041=CARTESIAN_POINT('Ctrl Pts',(43.8442950725399,0.357049973459288,-16.0145342967356));
#6042=CARTESIAN_POINT('Ctrl Pts',(44.2710491533632,0.290448800928993,-15.9197408277173));
#6043=CARTESIAN_POINT('Ctrl Pts',(42.9700006588273,-0.199897630217026,-16.0624999999999));
#6044=CARTESIAN_POINT('Ctrl Pts',(43.316469394971,-0.199897690575648,-16.0624999404114));
#6045=CARTESIAN_POINT('Ctrl Pts',(43.6628492652824,-0.235041437094011,-16.0343645917398));
#6046=CARTESIAN_POINT('Ctrl Pts',(44.005518895522,-0.304671786589313,-15.9787221834937));
#6047=CARTESIAN_POINT('Ctrl Pts',(42.9700004376624,-0.790169987737404,-15.9295780014577));
#6048=CARTESIAN_POINT('Ctrl Pts',(43.2161305310371,-0.790170060708785,-15.9295779576368));
#6049=CARTESIAN_POINT('Ctrl Pts',(43.4621891301239,-0.826727119406806,-15.912052111399));
#6050=CARTESIAN_POINT('Ctrl Pts',(43.7047448007967,-0.899223634053601,-15.8778392826182));
#6051=CARTESIAN_POINT('Ctrl Pts',(42.970000209394,-1.32380608751207,-15.6764032148043));
#6052=CARTESIAN_POINT('Ctrl Pts',(43.1157187016644,-1.32380616366075,-15.6764031693316));
#6053=CARTESIAN_POINT('Ctrl Pts',(43.2614316310357,-1.35750645375281,-15.660414616942));
#6054=CARTESIAN_POINT('Ctrl Pts',(43.4036829836163,-1.42410763094031,-15.6288167858537));
#6055=CARTESIAN_POINT('Origin',(43.4036828101162,0.290448759163506,-12.0149136066226));
#6056=CARTESIAN_POINT('Ctrl Pts',(44.2710490974586,0.290448759163505,-15.9197408401352));
#6057=CARTESIAN_POINT('Ctrl Pts',(44.7178061414883,0.220725838103648,-15.8205041836966));
#6058=CARTESIAN_POINT('Ctrl Pts',(45.4069872604717,0.105208933179885,-15.5829584463813));
#6059=CARTESIAN_POINT('Ctrl Pts',(46.3705145201242,-0.0656281017905976,
-15.0378859699818));
#6060=CARTESIAN_POINT('Ctrl Pts',(47.1775543724758,-0.209805804434627,-14.3898676769407));
#6061=CARTESIAN_POINT('Ctrl Pts',(47.923500946133,-0.339006919215174,-13.5134556757384));
#6062=CARTESIAN_POINT('Ctrl Pts',(48.4581747565881,-0.427876804971739,-12.5607761864728));
#6063=CARTESIAN_POINT('Ctrl Pts',(48.8541511592284,-0.491811244966603,-11.4279863151211));
#6064=CARTESIAN_POINT('Ctrl Pts',(48.9661833314927,-0.509396393172691,-10.609284518629));
#6065=CARTESIAN_POINT('Ctrl Pts',(48.9699471444802,-0.509991641038439,-10.0915800396146));
#6066=CARTESIAN_POINT('Ctrl Pts',(48.9699999984518,-0.509999999801344,-10.0770401458298));
#6067=CARTESIAN_POINT('Ctrl Pts',(48.97,-0.509999999999989,-10.062500212955));
#6068=CARTESIAN_POINT('Ctrl Pts',(44.0055188787,-0.304671768526659,-15.978722184571));
#6069=CARTESIAN_POINT('Ctrl Pts',(44.4703295581192,-0.327051072768911,-15.896528967193));
#6070=CARTESIAN_POINT('Ctrl Pts',(45.2055947555487,-0.357513093367953,-15.676641046962));
#6071=CARTESIAN_POINT('Ctrl Pts',(46.2531140066075,-0.392978750372762,-15.1223114466594));
#6072=CARTESIAN_POINT('Ctrl Pts',(47.1236848122517,-0.423772474281914,-14.4473946410493));
#6073=CARTESIAN_POINT('Ctrl Pts',(47.9070242929989,-0.45699608649033,-13.5406467579015));
#6074=CARTESIAN_POINT('Ctrl Pts',(48.4547650713456,-0.483412510787121,-12.5700896571115));
#6075=CARTESIAN_POINT('Ctrl Pts',(48.8545301086395,-0.503807202868724,-11.4280970647323));
#6076=CARTESIAN_POINT('Ctrl Pts',(48.9661833117309,-0.509798796694726,-10.6092865716579));
#6077=CARTESIAN_POINT('Ctrl Pts',(48.96994714462,-0.509997213733564,-10.0915800396168));
#6078=CARTESIAN_POINT('Ctrl Pts',(48.9699999984518,-0.510000000076382,-10.0770401458298));
#6079=CARTESIAN_POINT('Ctrl Pts',(48.97,-0.509999999999997,-10.062500212955));
#6080=CARTESIAN_POINT('Ctrl Pts',(43.7047448325354,-0.899223556480307,-15.8778393085474));
#6081=CARTESIAN_POINT('Ctrl Pts',(44.1806985836959,-0.87450385318274,-15.8398795734319));
#6082=CARTESIAN_POINT('Ctrl Pts',(44.9618348747117,-0.820144899385716,-15.6832028512231));
#6083=CARTESIAN_POINT('Ctrl Pts',(46.1081489090099,-0.720362895672134,-15.1702409116326));
#6084=CARTESIAN_POINT('Ctrl Pts',(47.0567171570452,-0.63776945993938,-14.4934852240868));
#6085=CARTESIAN_POINT('Ctrl Pts',(47.8865585488298,-0.575017537404451,-13.5657622543135));
#6086=CARTESIAN_POINT('Ctrl Pts',(48.4505448521288,-0.538961241460419,-12.5792208303999));
#6087=CARTESIAN_POINT('Ctrl Pts',(48.8550425392117,-0.515815905228408,-11.4283521450192));
#6088=CARTESIAN_POINT('Ctrl Pts',(48.9661832870285,-0.510201200216761,-10.609288624642));
#6089=CARTESIAN_POINT('Ctrl Pts',(48.9699471447946,-0.510002786428689,-10.0915800396195));
#6090=CARTESIAN_POINT('Ctrl Pts',(48.9699999984518,-0.510000000351419,-10.0770401458298));
#6091=CARTESIAN_POINT('Ctrl Pts',(48.97,-0.510000000000005,-10.062500212955));
#6092=CARTESIAN_POINT('Ctrl Pts',(43.4036830599844,-1.42410751644142,-15.6288168673344));
#6093=CARTESIAN_POINT('Ctrl Pts',(43.8775218106398,-1.3680003957505,-15.6554359245005));
#6094=CARTESIAN_POINT('Ctrl Pts',(44.6915345634104,-1.25202965294139,-15.601370455639));
#6095=CARTESIAN_POINT('Ctrl Pts',(45.939735869668,-1.03778032243891,-15.1799857300298));
#6096=CARTESIAN_POINT('Ctrl Pts',(46.9771970875107,-0.849580216399611,-14.5276741696522));
#6097=CARTESIAN_POINT('Ctrl Pts',(47.8621415617606,-0.692799799022392,-13.5887858337941));
#6098=CARTESIAN_POINT('Ctrl Pts',(48.4455061153993,-0.594516480790046,-12.5881825498408));
#6099=CARTESIAN_POINT('Ctrl Pts',(48.8556866029738,-0.527849742277949,-11.4287671742585));
#6100=CARTESIAN_POINT('Ctrl Pts',(48.9661832573857,-0.510603603738704,-10.6092906775814));
#6101=CARTESIAN_POINT('Ctrl Pts',(48.9699471450042,-0.510008359123815,-10.0915800396227));
#6102=CARTESIAN_POINT('Ctrl Pts',(48.9699999984518,-0.510000000626457,-10.0770401458298));
#6103=CARTESIAN_POINT('Ctrl Pts',(48.97,-0.510000000000014,-10.062500212955));
#6104=CARTESIAN_POINT('Ctrl Pts',(44.2710490645088,0.290448560642171,15.9197408474542));
#6105=CARTESIAN_POINT('Ctrl Pts',(43.8442952094586,0.357049734170388,16.014534259529));
#6106=CARTESIAN_POINT('Ctrl Pts',(43.4071566512363,0.390750032552872,16.0624998603582));
#6107=CARTESIAN_POINT('Ctrl Pts',(42.9700014906846,0.390750148460662,16.0624999999997));
#6108=CARTESIAN_POINT('Ctrl Pts',(44.0055187114821,-0.304671897837454,15.978722220147));
#6109=CARTESIAN_POINT('Ctrl Pts',(43.6628492457583,-0.235041552940394,16.0343645901978));
#6110=CARTESIAN_POINT('Ctrl Pts',(43.3164695536255,-0.199897790529897,16.06249992376));
#6111=CARTESIAN_POINT('Ctrl Pts',(42.9700010208696,-0.199897680081243,16.0624999999998));
#6112=CARTESIAN_POINT('Ctrl Pts',(43.704744532941,-0.89922361668102,15.8778393761169));
#6113=CARTESIAN_POINT('Ctrl Pts',(43.4621889538465,-0.826727112056396,15.9120521770551));
#6114=CARTESIAN_POINT('Ctrl Pts',(43.2161304581658,-0.790170056149044,15.9295780008488));
#6115=CARTESIAN_POINT('Ctrl Pts',(42.9700005088938,-0.790169951344905,15.9295780410066));
#6116=CARTESIAN_POINT('Ctrl Pts',(43.4036826442662,-1.42410751768804,15.6288169665722));
#6117=CARTESIAN_POINT('Ctrl Pts',(43.2614313111645,-1.35750634881704,15.6604147714868));
#6118=CARTESIAN_POINT('Ctrl Pts',(43.1157184110935,-1.32380607674083,15.6764032939702));
#6119=CARTESIAN_POINT('Ctrl Pts',(42.9700000035552,-1.32380598937163,15.6764033260757));
#6120=CARTESIAN_POINT('Origin',(42.970000212955,0.39075014846091,12.0625));
#6121=CARTESIAN_POINT('Origin',(43.4036828177624,0.290448602395462,12.0149136049241));
#6122=CARTESIAN_POINT('Ctrl Pts',(-27.1674999761393,0.390750148460907,16.0625));
#6123=CARTESIAN_POINT('Ctrl Pts',(-29.5703436669391,0.390750148460907,16.0624999471649));
#6124=CARTESIAN_POINT('Ctrl Pts',(-34.3741841856784,0.390750157770205,14.9660546380412));
#6125=CARTESIAN_POINT('Ctrl Pts',(-40.156822504718,0.390750196893579,10.3581191371308));
#6126=CARTESIAN_POINT('Ctrl Pts',(-43.3613337525128,0.39075025345838,3.69593879808601));
#6127=CARTESIAN_POINT('Ctrl Pts',(-43.3643870747884,0.390750316224944,-3.69668254955255));
#6128=CARTESIAN_POINT('Ctrl Pts',(-40.1549136850046,0.390750372780764,-10.3578046810151));
#6129=CARTESIAN_POINT('Ctrl Pts',(-34.3742827567385,0.390750411908058,-14.9662023647914));
#6130=CARTESIAN_POINT('Ctrl Pts',(-29.5703444235577,0.390750421216108,-16.0625005880798));
#6131=CARTESIAN_POINT('Ctrl Pts',(-27.167500732758,0.390750421216111,-16.0625007541));
#6132=CARTESIAN_POINT('Ctrl Pts',(-27.1674999761393,-0.199897680081042,
16.0625));
#6133=CARTESIAN_POINT('Ctrl Pts',(-29.5704109577153,-0.199897680081042,
16.0624999471634));
#6134=CARTESIAN_POINT('Ctrl Pts',(-34.3741510716225,-0.199897676674058,
14.9660862838848));
#6135=CARTESIAN_POINT('Ctrl Pts',(-40.1568830088722,-0.199897662373917,
10.3581524659733));
#6136=CARTESIAN_POINT('Ctrl Pts',(-43.3613479108332,-0.199897641702511,
3.69594684485046));
#6137=CARTESIAN_POINT('Ctrl Pts',(-43.3644364656992,-0.199897618765388,
-3.69670762064143));
#6138=CARTESIAN_POINT('Ctrl Pts',(-40.1549631856236,-0.199897598090656,
-10.3578070887784));
#6139=CARTESIAN_POINT('Ctrl Pts',(-34.374248212463,-0.199897583796542,-14.966257235196));
#6140=CARTESIAN_POINT('Ctrl Pts',(-29.5704117124137,-0.199897580386815,
-16.0625005880751));
#6141=CARTESIAN_POINT('Ctrl Pts',(-27.167500732758,-0.199897580386814,-16.0625007541));
#6142=CARTESIAN_POINT('Ctrl Pts',(-27.1674999732165,-0.79016995134475,15.9295780410067));
#6143=CARTESIAN_POINT('Ctrl Pts',(-29.5505256590775,-0.79016995134475,15.9295779886074));
#6144=CARTESIAN_POINT('Ctrl Pts',(-34.3145141380472,-0.79016995382414,14.8422372371457));
#6145=CARTESIAN_POINT('Ctrl Pts',(-40.0493915540956,-0.790169964268754,
10.2724354160234));
#6146=CARTESIAN_POINT('Ctrl Pts',(-43.2273388763428,-0.790169979374858,
3.66536170862546));
#6147=CARTESIAN_POINT('Ctrl Pts',(-43.230401590315,-0.790169996138143,-3.66611608478668));
#6148=CARTESIAN_POINT('Ctrl Pts',(-40.0474876471412,-0.790170011232824,
-10.2720931096654));
#6149=CARTESIAN_POINT('Ctrl Pts',(-34.3146104441432,-0.79017002168867,-14.8424065433505));
#6150=CARTESIAN_POINT('Ctrl Pts',(-29.5505263936836,-0.79017002416336,-15.9295785513581));
#6151=CARTESIAN_POINT('Ctrl Pts',(-27.1675007235739,-0.79017002416336,-15.929578716009));
#6152=CARTESIAN_POINT('Ctrl Pts',(-27.1674999676496,-1.32380598937154,15.6764033260757));
#6153=CARTESIAN_POINT('Ctrl Pts',(-29.5125861556558,-1.32380598937154,15.6764032745106));
#6154=CARTESIAN_POINT('Ctrl Pts',(-34.2009560618747,-1.32380599607185,14.6063133707495));
#6155=CARTESIAN_POINT('Ctrl Pts',(-39.8445962313636,-1.32380602423068,10.1091394589237));
#6156=CARTESIAN_POINT('Ctrl Pts',(-42.9720801101537,-1.32380606494288,3.60709891990598));
#6157=CARTESIAN_POINT('Ctrl Pts',(-42.9750599744098,-1.32380611011876,-3.60782485471449));
#6158=CARTESIAN_POINT('Ctrl Pts',(-39.8427331482538,-1.32380615082448,-10.1088325209542));
#6159=CARTESIAN_POINT('Ctrl Pts',(-34.2010521468171,-1.32380617898613,-14.6064573795914));
#6160=CARTESIAN_POINT('Ctrl Pts',(-29.5125868549969,-1.32380618568554,-15.6764036956041));
#6161=CARTESIAN_POINT('Ctrl Pts',(-27.1675007060813,-1.32380618568554,-15.6764038576336));
#6162=CARTESIAN_POINT('Origin',(-27.1675000000004,0.390750148462561,12.0625000000007));
#6163=CARTESIAN_POINT('Origin',(7.90125010647728,0.390750148461735,12.0625000000004));
#6164=CARTESIAN_POINT('Ctrl Pts',(48.97,-0.510000000000016,10.0625));
#6165=CARTESIAN_POINT('Ctrl Pts',(48.9699999989679,-0.509999999872446,10.0770399310588));
#6166=CARTESIAN_POINT('Ctrl Pts',(48.9699460865642,-0.509991480081538,10.0915792135833));
#6167=CARTESIAN_POINT('Ctrl Pts',(48.9658087987189,-0.509337026572571,10.6696934628226));
#6168=CARTESIAN_POINT('Ctrl Pts',(48.7938938119725,-0.482417799806127,11.8117262853289));
#6169=CARTESIAN_POINT('Ctrl Pts',(48.0866068833353,-0.367258863876201,13.3368285923741));
#6170=CARTESIAN_POINT('Ctrl Pts',(47.0303695103729,-0.18465767431533,14.5753858215326));
#6171=CARTESIAN_POINT('Ctrl Pts',(45.7348702659367,0.0491205687500679,15.4611610691578));
#6172=CARTESIAN_POINT('Ctrl Pts',(44.771417008761,0.212358925879516,15.8085957779833));
#6173=CARTESIAN_POINT('Ctrl Pts',(44.2710491203972,0.290448602395464,15.9197408350399));
#6174=CARTESIAN_POINT('Ctrl Pts',(48.97,-0.510000000000016,10.0625));
#6175=CARTESIAN_POINT('Ctrl Pts',(48.9699981825719,-0.510002759889814,10.0770381530356));
#6176=CARTESIAN_POINT('Ctrl Pts',(48.9699488180159,-0.509994005865995,10.0915815530341));
#6177=CARTESIAN_POINT('Ctrl Pts',(48.9656730220004,-0.509849529294125,10.6696059892995));
#6178=CARTESIAN_POINT('Ctrl Pts',(48.7946266838563,-0.500557500038911,11.8121726099701));
#6179=CARTESIAN_POINT('Ctrl Pts',(48.0777946852669,-0.464697886198305,13.3569992335321));
#6180=CARTESIAN_POINT('Ctrl Pts',(46.970958289824,-0.416787935019382,14.6405267980463));
#6181=CARTESIAN_POINT('Ctrl Pts',(45.5593206746299,-0.370842476405948,15.5622734391012));
#6182=CARTESIAN_POINT('Ctrl Pts',(44.5248118013011,-0.330405109595914,15.8872138140229));
#6183=CARTESIAN_POINT('Ctrl Pts',(44.0055189322838,-0.304671818953961,15.9787221737597));
#6184=CARTESIAN_POINT('Ctrl Pts',(48.97,-0.510000000000016,10.0625));
#6185=CARTESIAN_POINT('Ctrl Pts',(48.9700005800555,-0.509999174593278,10.0770480010072));
#6186=CARTESIAN_POINT('Ctrl Pts',(48.9699442386408,-0.510003792606143,10.0915689894794));
#6187=CARTESIAN_POINT('Ctrl Pts',(48.9659553058767,-0.510214411481119,10.6700519871041));
#6188=CARTESIAN_POINT('Ctrl Pts',(48.7962264996321,-0.518679321716102,11.8127873798858));
#6189=CARTESIAN_POINT('Ctrl Pts',(48.0672917187118,-0.561592923510793,13.3771364871037));
#6190=CARTESIAN_POINT('Ctrl Pts',(46.8989579368947,-0.648438650331792,14.6931538867537));
#6191=CARTESIAN_POINT('Ctrl Pts',(45.3419879871216,-0.791135569435877,15.5991741923734));
#6192=CARTESIAN_POINT('Ctrl Pts',(44.2401108044643,-0.871081293146475,15.8366327660836));
#6193=CARTESIAN_POINT('Ctrl Pts',(43.7047449280623,-0.899223501047597,15.8778393467751));
#6194=CARTESIAN_POINT('Ctrl Pts',(48.97,-0.510000000000016,10.0625));
#6195=CARTESIAN_POINT('Ctrl Pts',(48.9699999989679,-0.509999999763631,10.0770399310588));
#6196=CARTESIAN_POINT('Ctrl Pts',(48.969945707902,-0.510008684728064,10.0915791272014));
#6197=CARTESIAN_POINT('Ctrl Pts',(48.9658350314607,-0.510652384969602,10.6697088390136));
#6198=CARTESIAN_POINT('Ctrl Pts',(48.7971713525287,-0.536958071420617,11.8138120111013));
#6199=CARTESIAN_POINT('Ctrl Pts',(48.0542858932471,-0.658813196745843,13.3952664431112));
#6200=CARTESIAN_POINT('Ctrl Pts',(46.8103877069765,-0.87875387656546,14.7344705642903));
#6201=CARTESIAN_POINT('Ctrl Pts',(45.0947272480559,-1.1913918658751,15.5684740082587));
#6202=CARTESIAN_POINT('Ctrl Pts',(43.9343826468648,-1.36126738960481,15.6586303316179));
#6203=CARTESIAN_POINT('Ctrl Pts',(43.4036831925684,-1.42410739028771,15.6288169998635));
#6204=CARTESIAN_POINT('Ctrl Pts',(42.9700002129561,4.17711359990614,16.0625));
#6205=CARTESIAN_POINT('Ctrl Pts',(44.2779762241819,4.04777990019131,16.0624998607297));
#6206=CARTESIAN_POINT('Ctrl Pts',(46.5415965241159,3.92849418867958,15.2969702951544));
#6207=CARTESIAN_POINT('Ctrl Pts',(48.577113222102,3.9667913229859,12.7239117698718));
#6208=CARTESIAN_POINT('Ctrl Pts',(48.9699999380469,4.08564231794047,10.9352618131066));
#6209=CARTESIAN_POINT('Ctrl Pts',(48.97,4.17098590458592,10.0625000000005));
#6210=CARTESIAN_POINT('Ctrl Pts',(43.0784317333255,4.54264309956887,16.0624999884544));
#6211=CARTESIAN_POINT('Ctrl Pts',(44.3607087662416,4.44594744311945,16.0388814174958));
#6212=CARTESIAN_POINT('Ctrl Pts',(46.5559610216872,4.35417112371533,15.2670821790713));
#6213=CARTESIAN_POINT('Ctrl Pts',(48.5464446663426,4.38371615387099,12.7655666289376));
#6214=CARTESIAN_POINT('Ctrl Pts',(48.9543417154935,4.47436142838319,11.0256900294524));
#6215=CARTESIAN_POINT('Ctrl Pts',(48.9699999923525,4.53822980131238,10.1702335410424));
#6216=CARTESIAN_POINT('Ctrl Pts',(43.1868512112815,4.90813202319547,16.0076180887714));
#6217=CARTESIAN_POINT('Ctrl Pts',(44.4314477009267,4.84405863852217,15.9534163783197));
#6218=CARTESIAN_POINT('Ctrl Pts',(46.5300173299898,4.77977161731147,15.1774760411835));
#6219=CARTESIAN_POINT('Ctrl Pts',(48.4536411532994,4.80057141084998,12.778741956713));
#6220=CARTESIAN_POINT('Ctrl Pts',(48.8787938073958,4.86302863081738,11.1080500591757));
#6221=CARTESIAN_POINT('Ctrl Pts',(48.9146979757753,4.90543231058927,10.2779549368636));
#6222=CARTESIAN_POINT('Ctrl Pts',(43.290879614337,5.25881837505968,15.900070965578));
#6223=CARTESIAN_POINT('Ctrl Pts',(44.4867921732177,5.22419653320561,15.8098332587584));
#6224=CARTESIAN_POINT('Ctrl Pts',(46.465022792346,5.18407476930443,15.0326969923513));
#6225=CARTESIAN_POINT('Ctrl Pts',(48.3032644932863,5.19722495078612,12.7626473708606));
#6226=CARTESIAN_POINT('Ctrl Pts',(48.7466140429853,5.23461225045733,11.1786346993162));
#6227=CARTESIAN_POINT('Ctrl Pts',(48.8063443605009,5.25765082570056,10.3812806704348));
#6228=CARTESIAN_POINT('Origin',(44.97,4.17098590458592,10.0624997160602));
#6229=CARTESIAN_POINT('Ctrl Pts',(48.97,4.17098590479448,10.0624997153494));
#6230=CARTESIAN_POINT('Ctrl Pts',(48.97,4.20546304407843,9.94497351479169));
#6231=CARTESIAN_POINT('Ctrl Pts',(48.97,4.22856950294219,9.82335912177706));
#6232=CARTESIAN_POINT('Ctrl Pts',(48.97,4.22856951936371,9.7008802217545));
#6233=CARTESIAN_POINT('Ctrl Pts',(48.97,4.5308540339021,10.1680695674523));
#6234=CARTESIAN_POINT('Ctrl Pts',(48.9699861838245,4.55572188861108,10.0208576954897));
#6235=CARTESIAN_POINT('Ctrl Pts',(48.9700077414571,4.56749063984386,9.86551603286233));
#6236=CARTESIAN_POINT('Ctrl Pts',(48.97,4.5522152082501,9.70088026514773));
#6237=CARTESIAN_POINT('Ctrl Pts',(48.9169112324641,4.89068476224296,10.2736284477768));
#6238=CARTESIAN_POINT('Ctrl Pts',(48.9219053696946,4.90595246544928,10.0967367720491));
#6239=CARTESIAN_POINT('Ctrl Pts',(48.9267922852655,4.90638807707374,9.90767016690554));
#6240=CARTESIAN_POINT('Ctrl Pts',(48.9305283205848,4.87584222370138,9.70088030853846));
#6241=CARTESIAN_POINT('Ctrl Pts',(48.8128091453427,5.236410896656,10.3750496460602));
#6242=CARTESIAN_POINT('Ctrl Pts',(48.8274445992078,5.243767859281,10.1700278511165));
#6243=CARTESIAN_POINT('Ctrl Pts',(48.841723610863,5.23448005026815,9.94858993504263));
#6244=CARTESIAN_POINT('Ctrl Pts',(48.8527376093247,5.19000004578512,9.70088035065959));
#6245=CARTESIAN_POINT('Origin',(44.97,4.22856951936369,9.7008805043294));
#6246=CARTESIAN_POINT('Origin',(44.97,4.22856951936369,-3.78125029500251));
#6247=CARTESIAN_POINT('Origin',(44.97,4.22856951936369,-9.70088074316062));
#6248=CARTESIAN_POINT('Ctrl Pts',(48.97,4.22856951936371,-9.70088031929829));
#6249=CARTESIAN_POINT('Ctrl Pts',(48.97,4.22856949473143,-9.82335921110163));
#6250=CARTESIAN_POINT('Ctrl Pts',(48.97,4.20546303443189,-9.94497359490001));
#6251=CARTESIAN_POINT('Ctrl Pts',(48.97,4.17098589536844,-10.0624997869568));
#6252=CARTESIAN_POINT('Ctrl Pts',(48.97,4.5522152161114,-9.70088038438813));
#6253=CARTESIAN_POINT('Ctrl Pts',(48.9700077414567,4.56749063484459,-9.86551613598121));
#6254=CARTESIAN_POINT('Ctrl Pts',(48.9699861838263,4.55572187952598,-10.0208577851519));
#6255=CARTESIAN_POINT('Ctrl Pts',(48.97,4.53085402298178,-10.1680696455823));
#6256=CARTESIAN_POINT('Ctrl Pts',(48.930528318658,4.87584223942172,-9.70088044947422));
#6257=CARTESIAN_POINT('Ctrl Pts',(48.9267922836926,4.906388075284,-9.90767028381747));
#6258=CARTESIAN_POINT('Ctrl Pts',(48.921905368913,4.90595245692429,-10.0967368712639));
#6259=CARTESIAN_POINT('Ctrl Pts',(48.9169112323495,4.89068474982836,-10.2736285324285));
#6260=CARTESIAN_POINT('Ctrl Pts',(48.8527376036562,5.19000006867766,-9.70088051265592));
#6261=CARTESIAN_POINT('Ctrl Pts',(48.8417236062472,5.23448005117912,-9.94859006522499));
#6262=CARTESIAN_POINT('Ctrl Pts',(48.8274445969175,5.24376785108405,-10.1700279594753));
#6263=CARTESIAN_POINT('Ctrl Pts',(48.8128091450077,5.2364108827757,-10.3750497369693));
#6264=CARTESIAN_POINT('Origin',(44.97,4.17098589534246,-10.0624997870452));
#6265=CARTESIAN_POINT('Ctrl Pts',(48.97,4.17098589534246,-10.0625002129555));
#6266=CARTESIAN_POINT('Ctrl Pts',(48.9699998606056,4.0429705322168,-11.3716429470682));
#6267=CARTESIAN_POINT('Ctrl Pts',(48.2029568799769,3.92656366923558,-13.6363379962712));
#6268=CARTESIAN_POINT('Ctrl Pts',(45.6294928034302,3.97012984468364,-15.6703107586666));
#6269=CARTESIAN_POINT('Ctrl Pts',(43.8419839993907,4.09089121621218,-16.0624999381027));
#6270=CARTESIAN_POINT('Ctrl Pts',(42.969999999997,4.17711369150276,-16.0625));
#6271=CARTESIAN_POINT('Ctrl Pts',(48.9699999885308,4.53816504283766,-10.170214744001));
#6272=CARTESIAN_POINT('Ctrl Pts',(48.9465166619601,4.44235681500842,-11.4534040576834));
#6273=CARTESIAN_POINT('Ctrl Pts',(48.1743063535736,4.35255090834777,-13.6486717832952));
#6274=CARTESIAN_POINT('Ctrl Pts',(45.6729417568111,4.3862675690189,-15.6390629182156));
#6275=CARTESIAN_POINT('Ctrl Pts',(43.9332667726431,4.47811110465303,-16.0467570776553));
#6276=CARTESIAN_POINT('Ctrl Pts',(43.0784124071765,4.54257871864598,-16.0624999923044));
#6277=CARTESIAN_POINT('Ctrl Pts',(48.9147175991496,4.90530283930043,-10.2779171385501));
#6278=CARTESIAN_POINT('Ctrl Pts',(48.8608720353504,4.84168597981279,-11.5230732650957));
#6279=CARTESIAN_POINT('Ctrl Pts',(48.0859418823454,4.77846148667931,-13.6206035124529));
#6280=CARTESIAN_POINT('Ctrl Pts',(45.688028777371,4.80233624655713,-15.5458273127325));
#6281=CARTESIAN_POINT('Ctrl Pts',(44.0165526465174,4.86527994769544,-15.971510338079));
#6282=CARTESIAN_POINT('Ctrl Pts',(43.1868127844851,4.90800320546751,-16.0076375828774));
#6283=CARTESIAN_POINT('Ctrl Pts',(48.8064016598323,5.25746451514229,-10.3812261793536));
#6284=CARTESIAN_POINT('Ctrl Pts',(48.7168250455887,5.22289129184697,-11.577283200968));
#6285=CARTESIAN_POINT('Ctrl Pts',(47.9423459926888,5.18304383549786,-13.5535059359221));
#6286=CARTESIAN_POINT('Ctrl Pts',(45.6738667982429,5.19829392642973,-15.3951724055477));
#6287=CARTESIAN_POINT('Ctrl Pts',(44.088116602177,5.23554128841599,-15.8399821304383));
#6288=CARTESIAN_POINT('Ctrl Pts',(43.290824396473,5.25863290160991,-15.9001278770364));
#6289=UNCERTAINTY_MEASURE_WITH_UNIT(LENGTH_MEASURE(0.01),#6293,
'DISTANCE_ACCURACY_VALUE',
'Maximum model space distance between geometric entities at asserted c
onnectivities');
#6290=UNCERTAINTY_MEASURE_WITH_UNIT(LENGTH_MEASURE(0.01),#6293,
'DISTANCE_ACCURACY_VALUE',
'Maximum model space distance between geometric entities at asserted c
onnectivities');
#6291=(
GEOMETRIC_REPRESENTATION_CONTEXT(3)
GLOBAL_UNCERTAINTY_ASSIGNED_CONTEXT((#6289))
GLOBAL_UNIT_ASSIGNED_CONTEXT((#6293,#6295,#6296))
REPRESENTATION_CONTEXT('','3D')
);
#6292=(
GEOMETRIC_REPRESENTATION_CONTEXT(3)
GLOBAL_UNCERTAINTY_ASSIGNED_CONTEXT((#6290))
GLOBAL_UNIT_ASSIGNED_CONTEXT((#6293,#6295,#6296))
REPRESENTATION_CONTEXT('','3D')
);
#6293=(
LENGTH_UNIT()
NAMED_UNIT(*)
SI_UNIT(.MILLI.,.METRE.)
);
#6294=(
LENGTH_UNIT()
NAMED_UNIT(*)
SI_UNIT($,.METRE.)
);
#6295=(
NAMED_UNIT(*)
PLANE_ANGLE_UNIT()
SI_UNIT($,.RADIAN.)
);
#6296=(
NAMED_UNIT(*)
SI_UNIT($,.STERADIAN.)
SOLID_ANGLE_UNIT()
);
#6297=SHAPE_DEFINITION_REPRESENTATION(#6298,#6299);
#6298=PRODUCT_DEFINITION_SHAPE('',$,#6301);
#6299=SHAPE_REPRESENTATION('',(#2768),#6291);
#6300=PRODUCT_DEFINITION_CONTEXT('part definition',#6305,'design');
#6301=PRODUCT_DEFINITION('2026-07-24-20-51-54-812','case_front',#6302,#6300);
#6302=PRODUCT_DEFINITION_FORMATION('',$,#6307);
#6303=PRODUCT_RELATED_PRODUCT_CATEGORY('case_front','case_front',(#6307));
#6304=APPLICATION_PROTOCOL_DEFINITION('international standard',
'automotive_design',2009,#6305);
#6305=APPLICATION_CONTEXT(
'Core Data for Automotive Mechanical Design Process');
#6306=PRODUCT_CONTEXT('part definition',#6305,'mechanical');
#6307=PRODUCT('2026-07-24-20-51-54-812','case_front',$,(#6306));
#6308=PRESENTATION_STYLE_ASSIGNMENT((#6309));
#6309=SURFACE_STYLE_USAGE(.BOTH.,#6310);
#6310=SURFACE_SIDE_STYLE('',(#6311));
#6311=SURFACE_STYLE_FILL_AREA(#6312);
#6312=FILL_AREA_STYLE('\X2\92FC\X0\ - \X2\30B530C630F3\X0\',(#6313));
#6313=FILL_AREA_STYLE_COLOUR('\X2\92FC\X0\ - \X2\30B530C630F3\X0\',#6314);
#6314=COLOUR_RGB('\X2\92FC\X0\ - \X2\30B530C630F3\X0\',0.627450980392157,
0.627450980392157,0.627450980392157);
ENDSEC;
END-ISO-10303-21;
