ISO-10303-21;
HEADER;
/* Generated by software containing ST-Developer
 * from STEP Tools, Inc. (www.steptools.com) 
 */

FILE_DESCRIPTION(
/* description */ (''),
/* implementation_level */ '2;1');

FILE_NAME(
/* name */ 'case_back.step',
/* time_stamp */ '2026-07-24T00:29:03+09:00',
/* author */ (''),
/* organization */ (''),
/* preprocessor_version */ 'ST-DEVELOPER v20.1',
/* originating_system */ 'Autodesk Translation Framework v15.8.0.0',
/* authorisation */ '');

FILE_SCHEMA (('AUTOMOTIVE_DESIGN { 1 0 10303 214 3 1 1 }'));
ENDSEC;

DATA;
#10=MECHANICAL_DESIGN_GEOMETRIC_PRESENTATION_REPRESENTATION('',(#13),#3699);
#11=SHAPE_REPRESENTATION_RELATIONSHIP('SRR','None',#3706,#12);
#12=ADVANCED_BREP_SHAPE_REPRESENTATION('',(#14),#3698);
#13=STYLED_ITEM('',(#3715),#14);
#14=MANIFOLD_SOLID_BREP('case_back',#1575);
#15=FACE_BOUND('',#262,.T.);
#16=FACE_BOUND('',#263,.T.);
#17=FACE_BOUND('',#264,.T.);
#18=FACE_BOUND('',#266,.T.);
#19=FACE_BOUND('',#268,.T.);
#20=FACE_BOUND('',#287,.T.);
#21=FACE_BOUND('',#322,.T.);
#22=B_SPLINE_SURFACE_WITH_KNOTS('',3,3,((#2194,#2195,#2196,#2197),(#2198,
#2199,#2200,#2201),(#2202,#2203,#2204,#2205),(#2206,#2207,#2208,#2209),
(#2210,#2211,#2212,#2213),(#2214,#2215,#2216,#2217),(#2218,#2219,#2220,
#2221)),.UNSPECIFIED.,.F.,.F.,.F.,(4,1,1,1,4),(4,4),(0.,0.285714285714286,
0.571428571428571,0.857142857142857,1.),(0.0608149422109898,0.952452270694064),
 .UNSPECIFIED.);
#23=B_SPLINE_SURFACE_WITH_KNOTS('',3,3,((#2285,#2286,#2287,#2288),(#2289,
#2290,#2291,#2292),(#2293,#2294,#2295,#2296),(#2297,#2298,#2299,#2300),
(#2301,#2302,#2303,#2304),(#2305,#2306,#2307,#2308),(#2309,#2310,#2311,
#2312)),.UNSPECIFIED.,.F.,.F.,.F.,(4,1,1,1,4),(4,4),(0.,0.285714285714286,
0.571428571428571,0.714285714285714,1.),(0.0608111344533305,0.952452267970275),
 .UNSPECIFIED.);
#24=B_SPLINE_SURFACE_WITH_KNOTS('',3,3,((#2571,#2572,#2573,#2574),(#2575,
#2576,#2577,#2578),(#2579,#2580,#2581,#2582),(#2583,#2584,#2585,#2586),
(#2587,#2588,#2589,#2590),(#2591,#2592,#2593,#2594),(#2595,#2596,#2597,
#2598),(#2599,#2600,#2601,#2602),(#2603,#2604,#2605,#2606),(#2607,#2608,
#2609,#2610)),.UNSPECIFIED.,.F.,.F.,.F.,(4,1,1,1,1,1,1,4),(4,4),(0.,0.142857142857143,
0.285714285714286,0.428571428571429,0.571428571428571,0.714285714285714,
0.857142857142857,1.),(0.0765643506224024,0.952452267970279),
 .UNSPECIFIED.);
#25=B_SPLINE_SURFACE_WITH_KNOTS('',3,3,((#2833,#2834,#2835,#2836),(#2837,
#2838,#2839,#2840),(#2841,#2842,#2843,#2844),(#2845,#2846,#2847,#2848),
(#2849,#2850,#2851,#2852),(#2853,#2854,#2855,#2856),(#2857,#2858,#2859,
#2860),(#2861,#2862,#2863,#2864),(#2865,#2866,#2867,#2868),(#2869,#2870,
#2871,#2872)),.UNSPECIFIED.,.F.,.F.,.F.,(4,1,1,1,1,1,1,4),(4,4),(0.,0.142857142857143,
0.285714285714286,0.428571428571429,0.571428571428571,0.714285714285714,
0.857142857142857,1.),(0.0765643506224024,0.95245226797028),
 .UNSPECIFIED.);
#26=B_SPLINE_SURFACE_WITH_KNOTS('',3,3,((#2908,#2909,#2910,#2911),(#2912,
#2913,#2914,#2915),(#2916,#2917,#2918,#2919),(#2920,#2921,#2922,#2923)),
 .UNSPECIFIED.,.F.,.F.,.F.,(4,4),(4,4),(0.836175628183,1.),(9.27039347537951E-17,
0.409717499699486),.UNSPECIFIED.);
#27=B_SPLINE_SURFACE_WITH_KNOTS('',3,3,((#2960,#2961,#2962,#2963,#2964,
#2965,#2966),(#2967,#2968,#2969,#2970,#2971,#2972,#2973),(#2974,#2975,#2976,
#2977,#2978,#2979,#2980),(#2981,#2982,#2983,#2984,#2985,#2986,#2987)),
 .UNSPECIFIED.,.F.,.F.,.F.,(4,4),(4,1,1,1,4),(0.836175628183,1.),(1.07260821122808,
1.46071951962819,2.23694213642841,3.01316475322863,3.78938737002884),
 .UNSPECIFIED.);
#28=B_SPLINE_SURFACE_WITH_KNOTS('',3,3,((#2988,#2989,#2990,#2991),(#2992,
#2993,#2994,#2995),(#2996,#2997,#2998,#2999),(#3000,#3001,#3002,#3003)),
 .UNSPECIFIED.,.F.,.F.,.F.,(4,4),(4,4),(0.796052691583534,1.),(0.,0.0369120675230129),
 .UNSPECIFIED.);
#29=B_SPLINE_SURFACE_WITH_KNOTS('',3,3,((#3013,#3014,#3015,#3016),(#3017,
#3018,#3019,#3020),(#3021,#3022,#3023,#3024),(#3025,#3026,#3027,#3028)),
 .UNSPECIFIED.,.F.,.F.,.F.,(4,4),(4,4),(0.796042461034588,1.),(1.25149229383804E-9,
0.0369120758779391),.UNSPECIFIED.);
#30=B_SPLINE_SURFACE_WITH_KNOTS('',3,3,((#3044,#3045,#3046,#3047,#3048),
(#3049,#3050,#3051,#3052,#3053),(#3054,#3055,#3056,#3057,#3058),(#3059,
#3060,#3061,#3062,#3063)),.UNSPECIFIED.,.F.,.F.,.F.,(4,4),(4,1,4),(0.801162576204426,
1.),(0.,0.1364311761907,0.318339411111633),.UNSPECIFIED.);
#31=B_SPLINE_SURFACE_WITH_KNOTS('',3,3,((#3074,#3075,#3076,#3077),(#3078,
#3079,#3080,#3081),(#3082,#3083,#3084,#3085),(#3086,#3087,#3088,#3089)),
 .UNSPECIFIED.,.F.,.F.,.F.,(4,4),(4,4),(0.797486997927442,1.),(7.71908841615661E-9,
0.036743667541002),.UNSPECIFIED.);
#32=B_SPLINE_SURFACE_WITH_KNOTS('',3,3,((#3094,#3095,#3096,#3097,#3098),
(#3099,#3100,#3101,#3102,#3103),(#3104,#3105,#3106,#3107,#3108),(#3109,
#3110,#3111,#3112,#3113)),.UNSPECIFIED.,.F.,.F.,.F.,(4,4),(4,1,4),(0.801162591427801,
1.),(0.,0.136431176226114,0.318339411194265),.UNSPECIFIED.);
#33=B_SPLINE_SURFACE_WITH_KNOTS('',3,3,((#3124,#3125,#3126,#3127),(#3128,
#3129,#3130,#3131),(#3132,#3133,#3134,#3135),(#3136,#3137,#3138,#3139)),
 .UNSPECIFIED.,.F.,.F.,.F.,(4,4),(4,4),(0.797496589359286,1.),(0.,0.0367436692485362),
 .UNSPECIFIED.);
#34=B_SPLINE_SURFACE_WITH_KNOTS('',3,3,((#3148,#3149,#3150,#3151),(#3152,
#3153,#3154,#3155),(#3156,#3157,#3158,#3159),(#3160,#3161,#3162,#3163),
(#3164,#3165,#3166,#3167),(#3168,#3169,#3170,#3171),(#3172,#3173,#3174,
#3175)),.UNSPECIFIED.,.F.,.F.,.F.,(4,1,1,1,4),(4,4),(0.,0.285714285714286,
0.571428571428571,0.714285714285714,1.),(0.0608111344533305,0.952452267970275),
 .UNSPECIFIED.);
#35=B_SPLINE_SURFACE_WITH_KNOTS('',3,3,((#3192,#3193,#3194,#3195,#3196,
#3197),(#3198,#3199,#3200,#3201,#3202,#3203),(#3204,#3205,#3206,#3207,#3208,
#3209),(#3210,#3211,#3212,#3213,#3214,#3215),(#3216,#3217,#3218,#3219,#3220,
#3221)),.UNSPECIFIED.,.F.,.F.,.F.,(4,1,4),(4,1,1,4),(0.,0.5,1.),(0.,0.106447234937408,
0.212894469874817,0.372565322280929),.UNSPECIFIED.);
#36=B_SPLINE_SURFACE_WITH_KNOTS('',3,3,((#3240,#3241,#3242,#3243,#3244,
#3245,#3246,#3247,#3248),(#3249,#3250,#3251,#3252,#3253,#3254,#3255,#3256,
#3257),(#3258,#3259,#3260,#3261,#3262,#3263,#3264,#3265,#3266),(#3267,#3268,
#3269,#3270,#3271,#3272,#3273,#3274,#3275),(#3276,#3277,#3278,#3279,#3280,
#3281,#3282,#3283,#3284)),.UNSPECIFIED.,.F.,.F.,.F.,(4,1,4),(4,1,1,1,1,
1,4),(0.,0.5,1.),(0.,0.24517657214814,0.735529716444421,0.980706288592562,
1.2258828607407,1.47105943288884,1.71623600503698),.UNSPECIFIED.);
#37=B_SPLINE_SURFACE_WITH_KNOTS('',3,3,((#3300,#3301,#3302,#3303,#3304,
#3305),(#3306,#3307,#3308,#3309,#3310,#3311),(#3312,#3313,#3314,#3315,#3316,
#3317),(#3318,#3319,#3320,#3321,#3322,#3323),(#3324,#3325,#3326,#3327,#3328,
#3329)),.UNSPECIFIED.,.F.,.F.,.F.,(4,1,4),(4,1,1,4),(0.,0.5,1.),(0.,0.159670418083941,
0.266117363473235,0.372564308862529),.UNSPECIFIED.);
#38=B_SPLINE_SURFACE_WITH_KNOTS('',3,3,((#3336,#3337,#3338,#3339),(#3340,
#3341,#3342,#3343),(#3344,#3345,#3346,#3347),(#3348,#3349,#3350,#3351),
(#3352,#3353,#3354,#3355),(#3356,#3357,#3358,#3359),(#3360,#3361,#3362,
#3363)),.UNSPECIFIED.,.F.,.F.,.F.,(4,1,1,1,4),(4,4),(0.,0.285714285714286,
0.571428571428571,0.857142857142857,1.),(0.0608149422109898,0.952452270694064),
 .UNSPECIFIED.);
#39=B_SPLINE_SURFACE_WITH_KNOTS('',3,3,((#3367,#3368,#3369,#3370),(#3371,
#3372,#3373,#3374),(#3375,#3376,#3377,#3378),(#3379,#3380,#3381,#3382)),
 .UNSPECIFIED.,.F.,.F.,.F.,(4,4),(4,4),(0.488629643957124,1.),(0.,0.0369120726426618),
 .UNSPECIFIED.);
#40=B_SPLINE_SURFACE_WITH_KNOTS('',3,3,((#3388,#3389,#3390,#3391,#3392,
#3393,#3394,#3395,#3396,#3397),(#3398,#3399,#3400,#3401,#3402,#3403,#3404,
#3405,#3406,#3407),(#3408,#3409,#3410,#3411,#3412,#3413,#3414,#3415,#3416,
#3417),(#3418,#3419,#3420,#3421,#3422,#3423,#3424,#3425,#3426,#3427)),
 .UNSPECIFIED.,.F.,.F.,.F.,(4,4),(4,1,1,1,1,1,1,4),(0.514309220839904,1.),
(-4.56861584756829E-11,0.541341052793458,1.0826821056326,1.62402315847175,
2.16536421131089,2.70670526415003,3.24804631698918,3.78938736982832),
 .UNSPECIFIED.);
#41=B_SPLINE_SURFACE_WITH_KNOTS('',3,3,((#3428,#3429,#3430,#3431),(#3432,
#3433,#3434,#3435),(#3436,#3437,#3438,#3439),(#3440,#3441,#3442,#3443)),
 .UNSPECIFIED.,.F.,.F.,.F.,(4,4),(4,4),(0.488638131030198,1.),(0.,0.0369120758779391),
 .UNSPECIFIED.);
#42=B_SPLINE_SURFACE_WITH_KNOTS('',3,3,((#3449,#3450,#3451,#3452,#3453,
#3454),(#3455,#3456,#3457,#3458,#3459,#3460),(#3461,#3462,#3463,#3464,#3465,
#3466),(#3467,#3468,#3469,#3470,#3471,#3472)),.UNSPECIFIED.,.F.,.F.,.F.,
(4,4),(4,1,1,4),(0.490813542781998,1.),(0.,0.1364311761907,0.227385293651167,
0.318339411111633),.UNSPECIFIED.);
#43=B_SPLINE_SURFACE_WITH_KNOTS('',3,3,((#3474,#3475,#3476,#3477),(#3478,
#3479,#3480,#3481),(#3482,#3483,#3484,#3485),(#3486,#3487,#3488,#3489)),
 .UNSPECIFIED.,.F.,.F.,.F.,(4,4),(4,4),(0.489401466171981,1.),(0.,0.036743667541002),
 .UNSPECIFIED.);
#44=B_SPLINE_SURFACE_WITH_KNOTS('',3,3,((#3490,#3491,#3492,#3493,#3494,
#3495),(#3496,#3497,#3498,#3499,#3500,#3501),(#3502,#3503,#3504,#3505,#3506,
#3507),(#3508,#3509,#3510,#3511,#3512,#3513)),.UNSPECIFIED.,.F.,.F.,.F.,
(4,4),(4,1,1,4),(0.490813550806344,1.),(0.,0.136431176226114,0.227385293710189,
0.318339411194265),.UNSPECIFIED.);
#45=B_SPLINE_SURFACE_WITH_KNOTS('',3,3,((#3515,#3516,#3517,#3518),(#3519,
#3520,#3521,#3522),(#3523,#3524,#3525,#3526),(#3527,#3528,#3529,#3530)),
 .UNSPECIFIED.,.F.,.F.,.F.,(4,4),(4,4),(0.489393492239149,1.),(0.,0.0367436700067671),
 .UNSPECIFIED.);
#46=B_SPLINE_SURFACE_WITH_KNOTS('',3,3,((#3542,#3543,#3544,#3545,#3546,
#3547,#3548),(#3549,#3550,#3551,#3552,#3553,#3554,#3555),(#3556,#3557,#3558,
#3559,#3560,#3561,#3562),(#3563,#3564,#3565,#3566,#3567,#3568,#3569),(#3570,
#3571,#3572,#3573,#3574,#3575,#3576)),.UNSPECIFIED.,.F.,.F.,.F.,(4,1,4),
(4,1,1,1,4),(0.,0.571428571428571,1.),(0.,0.106447234937408,0.212894469874817,
0.266118087343521,0.372565322280929),.UNSPECIFIED.);
#47=B_SPLINE_SURFACE_WITH_KNOTS('',3,3,((#3590,#3591,#3592,#3593,#3594,
#3595,#3596,#3597,#3598),(#3599,#3600,#3601,#3602,#3603,#3604,#3605,#3606,
#3607),(#3608,#3609,#3610,#3611,#3612,#3613,#3614,#3615,#3616),(#3617,#3618,
#3619,#3620,#3621,#3622,#3623,#3624,#3625),(#3626,#3627,#3628,#3629,#3630,
#3631,#3632,#3633,#3634)),.UNSPECIFIED.,.F.,.F.,.F.,(4,1,4),(4,1,1,1,1,
1,4),(0.,0.571428571428571,1.),(0.,0.24517657214814,0.735529716444421,0.980706288592562,
1.2258828607407,1.47105943288884,1.71623600503698),.UNSPECIFIED.);
#48=B_SPLINE_SURFACE_WITH_KNOTS('',3,3,((#3650,#3651,#3652,#3653,#3654,
#3655,#3656),(#3657,#3658,#3659,#3660,#3661,#3662,#3663),(#3664,#3665,#3666,
#3667,#3668,#3669,#3670),(#3671,#3672,#3673,#3674,#3675,#3676,#3677),(#3678,
#3679,#3680,#3681,#3682,#3683,#3684)),.UNSPECIFIED.,.F.,.F.,.F.,(4,1,4),
(4,1,1,1,4),(0.,0.571428571428571,1.),(0.,0.106446945389294,0.159670418083941,
0.266117363473235,0.372564308862529),.UNSPECIFIED.);
#49=PLANE('',#1599);
#50=PLANE('',#1607);
#51=PLANE('',#1613);
#52=PLANE('',#1617);
#53=PLANE('',#1618);
#54=PLANE('',#1619);
#55=PLANE('',#1623);
#56=PLANE('',#1624);
#57=PLANE('',#1625);
#58=PLANE('',#1631);
#59=PLANE('',#1637);
#60=PLANE('',#1643);
#61=PLANE('',#1647);
#62=PLANE('',#1648);
#63=PLANE('',#1649);
#64=PLANE('',#1650);
#65=PLANE('',#1653);
#66=PLANE('',#1654);
#67=PLANE('',#1658);
#68=PLANE('',#1659);
#69=PLANE('',#1660);
#70=PLANE('',#1665);
#71=PLANE('',#1667);
#72=PLANE('',#1677);
#73=PLANE('',#1687);
#74=PLANE('',#1688);
#75=PLANE('',#1699);
#76=PLANE('',#1700);
#77=PLANE('',#1710);
#78=PLANE('',#1711);
#79=PLANE('',#1712);
#80=PLANE('',#1713);
#81=ELLIPSE('',#1596,3.32231092283366,1.5);
#82=ELLIPSE('',#1612,3.32231070273429,1.5);
#83=ELLIPSE('',#1652,8.63800782710918,3.90000000000001);
#84=ELLIPSE('',#1657,8.63800782710915,3.9);
#85=B_SPLINE_CURVE_WITH_KNOTS('',3,(#2088,#2089,#2090,#2091),
 .UNSPECIFIED.,.F.,.F.,(4,4),(0.,0.136559000562018),.UNSPECIFIED.);
#86=B_SPLINE_CURVE_WITH_KNOTS('',3,(#2123,#2124,#2125,#2126),
 .UNSPECIFIED.,.F.,.F.,(4,4),(0.31294596567335,0.449504966235367),
 .UNSPECIFIED.);
#87=B_SPLINE_CURVE_WITH_KNOTS('',3,(#2226,#2227,#2228,#2229,#2230,#2231,
#2232),.UNSPECIFIED.,.F.,.F.,(4,1,1,1,4),(1.04456732243529E-10,0.106447234937408,
0.212894469874817,0.266118087343521,0.372565322280929),.UNSPECIFIED.);
#88=B_SPLINE_CURVE_WITH_KNOTS('',3,(#2236,#2237,#2238,#2239),
 .UNSPECIFIED.,.F.,.F.,(4,4),(-0.036743667541002,-7.76610280182853E-10),
 .UNSPECIFIED.);
#89=B_SPLINE_CURVE_WITH_KNOTS('',3,(#2241,#2242,#2243,#2244,#2245,#2246),
 .UNSPECIFIED.,.F.,.F.,(4,1,1,4),(-0.318339411111633,-0.227385293651167,
-0.1364311761907,0.),.UNSPECIFIED.);
#90=B_SPLINE_CURVE_WITH_KNOTS('',3,(#2248,#2249,#2250,#2251),
 .UNSPECIFIED.,.F.,.F.,(4,4),(-0.0369120721161723,0.),.UNSPECIFIED.);
#91=B_SPLINE_CURVE_WITH_KNOTS('',3,(#2319,#2320,#2321,#2322),
 .UNSPECIFIED.,.F.,.F.,(4,4),(-0.0369120758779391,-7.89754206099706E-10),
 .UNSPECIFIED.);
#92=B_SPLINE_CURVE_WITH_KNOTS('',3,(#2324,#2325,#2326,#2327,#2328,#2329),
 .UNSPECIFIED.,.F.,.F.,(4,1,1,4),(-0.318339411194265,-0.227385293710189,
-0.136431176226114,0.),.UNSPECIFIED.);
#93=B_SPLINE_CURVE_WITH_KNOTS('',3,(#2331,#2332,#2333,#2334),
 .UNSPECIFIED.,.F.,.F.,(4,4),(-0.0367436694890281,0.),.UNSPECIFIED.);
#94=B_SPLINE_CURVE_WITH_KNOTS('',3,(#2338,#2339,#2340,#2341,#2342,#2343,
#2344),.UNSPECIFIED.,.F.,.F.,(4,1,1,1,4),(0.,0.106446945389294,0.159670418083941,
0.266117363473235,0.372564308862529),.UNSPECIFIED.);
#95=B_SPLINE_CURVE_WITH_KNOTS('',3,(#2351,#2352,#2353,#2354,#2355,#2356,
#2357,#2358,#2359,#2360,#2361,#2362,#2363,#2364,#2365,#2366,#2367,#2368,
#2369),.UNSPECIFIED.,.F.,.F.,(4,3,3,3,3,3,4),(-0.0663310562277153,-0.052215911823025,
-0.039042943950471,-0.0345907020479728,-0.0222593825934306,-0.010568839980566,
-1.53357513355008E-8),.UNSPECIFIED.);
#96=B_SPLINE_CURVE_WITH_KNOTS('',3,(#2371,#2372,#2373,#2374,#2375,#2376,
#2377,#2378,#2379,#2380),.UNSPECIFIED.,.F.,.F.,(4,2,2,2,4),(-0.857521889331402,
-0.665545852460736,-0.472673139268899,-0.236100905525588,0.),
 .UNSPECIFIED.);
#97=B_SPLINE_CURVE_WITH_KNOTS('',3,(#2382,#2383,#2384,#2385,#2386,#2387),
 .UNSPECIFIED.,.F.,.F.,(4,2,4),(-0.0660165853682071,-0.0314678202125188,
0.),.UNSPECIFIED.);
#98=B_SPLINE_CURVE_WITH_KNOTS('',3,(#2391,#2392,#2393,#2394,#2395,#2396),
 .UNSPECIFIED.,.F.,.F.,(4,2,4),(-0.0660278437367855,-0.0344375580552529,
-1.5366980909981E-8),.UNSPECIFIED.);
#99=B_SPLINE_CURVE_WITH_KNOTS('',3,(#2398,#2399,#2400,#2401,#2402,#2403,
#2404,#2405,#2406,#2407),.UNSPECIFIED.,.F.,.F.,(4,2,2,2,4),(-0.857497956232802,
-0.665558022367435,-0.472747682407303,-0.235941780213984,0.),
 .UNSPECIFIED.);
#100=B_SPLINE_CURVE_WITH_KNOTS('',3,(#2409,#2410,#2411,#2412,#2413,#2414),
 .UNSPECIFIED.,.F.,.F.,(4,2,4),(-0.0663221214374721,-0.031613006227604,
0.),.UNSPECIFIED.);
#101=B_SPLINE_CURVE_WITH_KNOTS('',3,(#2417,#2418,#2419,#2420,#2421,#2422,
#2423,#2424,#2425,#2426,#2427,#2428,#2429,#2430,#2431,#2432,#2433,#2434,
#2435,#2436,#2437,#2438),.UNSPECIFIED.,.F.,.F.,(4,3,3,3,3,3,3,4),(-5.02417368917729,
-4.30643459077551,-3.58869549231293,-2.87095639385034,-2.15321729538776,
-1.43547819692517,-0.717739098462585,0.),.UNSPECIFIED.);
#102=B_SPLINE_CURVE_WITH_KNOTS('',3,(#2441,#2442,#2443,#2444),
 .UNSPECIFIED.,.F.,.F.,(4,4),(0.0451855055909142,0.535131852057614),
 .UNSPECIFIED.);
#103=B_SPLINE_CURVE_WITH_KNOTS('',3,(#2452,#2453,#2454,#2455,#2456,#2457,
#2458,#2459,#2460,#2461,#2462,#2463,#2464),.UNSPECIFIED.,.F.,.F.,(4,3,3,
3,4),(1.32734037177801,1.79111319869587,2.7186588525316,3.64620450636732,
4.57375016016376),.UNSPECIFIED.);
#104=B_SPLINE_CURVE_WITH_KNOTS('',3,(#2478,#2479,#2480,#2481,#2482,#2483,
#2484,#2485,#2486,#2487,#2488,#2489,#2490,#2491,#2492,#2493,#2494,#2495,
#2496),.UNSPECIFIED.,.F.,.F.,(4,3,3,3,3,3,4),(0.000748170610952843,0.012268155309939,
0.024449522094134,0.0348091214279902,0.0479209103921173,0.0619407741765079,
0.0671937922209443),.UNSPECIFIED.);
#105=B_SPLINE_CURVE_WITH_KNOTS('',3,(#2498,#2499,#2500,#2501,#2502,#2503,
#2504,#2505,#2506,#2507),.UNSPECIFIED.,.F.,.F.,(4,2,2,2,4),(0.,0.176302440450009,
0.356924570645464,0.479977926978497,0.603294919744821),.UNSPECIFIED.);
#106=B_SPLINE_CURVE_WITH_KNOTS('',3,(#2509,#2510,#2511,#2512,#2513,#2514,
#2515,#2516,#2517,#2518,#2519,#2520,#2521,#2522,#2523,#2524,#2525,#2526,
#2527),.UNSPECIFIED.,.F.,.F.,(4,3,3,3,3,3,4),(0.,0.0141075076808109,0.0272574763737615,
0.0318874051587206,0.0442610161868203,0.0559324701349095,0.0661326660526595),
 .UNSPECIFIED.);
#107=B_SPLINE_CURVE_WITH_KNOTS('',3,(#2531,#2532,#2533,#2534,#2535,#2536),
 .UNSPECIFIED.,.F.,.F.,(4,2,4),(0.000744339831823746,0.0346648478918484,
0.0668881584282673),.UNSPECIFIED.);
#108=B_SPLINE_CURVE_WITH_KNOTS('',3,(#2538,#2539,#2540,#2541,#2542,#2543,
#2544,#2545,#2546,#2547),.UNSPECIFIED.,.F.,.F.,(4,2,2,2,4),(0.,0.176163027578548,
0.357260551060778,0.480118412625294,0.603253962326121),.UNSPECIFIED.);
#109=B_SPLINE_CURVE_WITH_KNOTS('',3,(#2548,#2549,#2550,#2551,#2552,#2553,
#2554,#2555,#2556,#2557,#2558,#2559,#2560,#2561,#2562,#2563,#2564,#2565,
#2566),.UNSPECIFIED.,.F.,.F.,(4,3,3,3,3,3,4),(0.,0.0141379926421534,0.0273140231411526,
0.0320348465680021,0.0443722799236686,0.0559977068624883,0.0664403839282494),
 .UNSPECIFIED.);
#110=B_SPLINE_CURVE_WITH_KNOTS('',3,(#2613,#2614,#2615,#2616,#2617,#2618,
#2619,#2620,#2621,#2622,#2623,#2624,#2625,#2626,#2627,#2628,#2629,#2630,
#2631,#2632,#2633,#2634),.UNSPECIFIED.,.F.,.F.,(4,3,3,3,3,3,3,4),(-3.78938737012169,
-3.24804631749861,-2.70670526458217,-2.16536421166574,-1.6240231587493,
-1.08268210583287,-0.541341052916434,1.37803239602589E-15),
 .UNSPECIFIED.);
#111=B_SPLINE_CURVE_WITH_KNOTS('',3,(#2638,#2639,#2640,#2641,#2642,#2643,
#2644,#2645,#2646),.UNSPECIFIED.,.F.,.F.,(4,1,1,1,1,1,4),(0.,0.24517657214814,
0.735529716444421,0.980706288592562,1.2258828607407,1.47105943288884,1.71623600503698),
 .UNSPECIFIED.);
#112=B_SPLINE_CURVE_WITH_KNOTS('',3,(#2650,#2651,#2652,#2653),
 .UNSPECIFIED.,.F.,.F.,(4,4),(-4.1214601146536,-3.63769200950996),
 .UNSPECIFIED.);
#113=B_SPLINE_CURVE_WITH_KNOTS('',3,(#2655,#2656,#2657,#2658),
 .UNSPECIFIED.,.F.,.F.,(4,4),(-0.866948684153499,-0.107686179293524),
 .UNSPECIFIED.);
#114=B_SPLINE_CURVE_WITH_KNOTS('',3,(#2660,#2661,#2662,#2663,#2664,#2665,
#2666,#2667,#2668,#2669,#2670,#2671,#2672,#2673,#2674,#2675,#2676,#2677,
#2678,#2679,#2680,#2681,#2682,#2683,#2684,#2685,#2686,#2687,#2688,#2689,
#2690),.UNSPECIFIED.,.F.,.F.,(4,3,3,3,3,3,3,3,3,3,4),(1.31835596377418,
1.37595119327151,1.43456269987138,1.49378336662735,1.54472849139388,1.57324877260498,
1.62476676184745,1.67549083134258,1.72515947858766,1.73745260987586,1.77586029584821),
 .UNSPECIFIED.);
#115=B_SPLINE_CURVE_WITH_KNOTS('',3,(#2692,#2693,#2694,#2695,#2696,#2697,
#2698,#2699,#2700,#2701,#2702,#2703,#2704,#2705,#2706,#2707,#2708,#2709,
#2710),.UNSPECIFIED.,.F.,.F.,(4,3,3,3,3,3,4),(-1.16431541637109,-0.978434088950577,
-0.897569761229421,-0.849992369830833,-0.807872494952785,-0.75396240774506,
-0.651024396103606),.UNSPECIFIED.);
#116=B_SPLINE_CURVE_WITH_KNOTS('',3,(#2712,#2713,#2714,#2715,#2716,#2717,
#2718,#2719,#2720,#2721,#2722),.UNSPECIFIED.,.F.,.F.,(4,2,3,2,4),(2.17903993268307,
2.19187044118452,2.35777921855927,2.50866786916245,2.75489351704256),
 .UNSPECIFIED.);
#117=B_SPLINE_CURVE_WITH_KNOTS('',3,(#2724,#2725,#2726,#2727),
 .UNSPECIFIED.,.F.,.F.,(4,4),(-1.53839105374517E-13,0.00259796611611941),
 .UNSPECIFIED.);
#118=B_SPLINE_CURVE_WITH_KNOTS('',3,(#2728,#2729,#2730,#2731),
 .UNSPECIFIED.,.F.,.F.,(4,4),(-0.866948675858055,-0.107686179293524),
 .UNSPECIFIED.);
#119=B_SPLINE_CURVE_WITH_KNOTS('',3,(#2783,#2784,#2785,#2786),
 .UNSPECIFIED.,.F.,.F.,(4,4),(-0.579287842411919,-0.105287028300826),
 .UNSPECIFIED.);
#120=B_SPLINE_CURVE_WITH_KNOTS('',3,(#2787,#2788,#2789,#2790,#2791,#2792),
 .UNSPECIFIED.,.F.,.F.,(4,2,4),(-0.0193192395338379,-0.00966534728425372,
0.),.UNSPECIFIED.);
#121=B_SPLINE_CURVE_WITH_KNOTS('',3,(#2797,#2798,#2799,#2800),
 .UNSPECIFIED.,.F.,.F.,(4,4),(-0.472309476790964,0.),.UNSPECIFIED.);
#122=B_SPLINE_CURVE_WITH_KNOTS('',3,(#2802,#2803,#2804,#2805,#2806,#2807),
 .UNSPECIFIED.,.F.,.F.,(4,2,4),(-0.0193192219543762,-0.00965377535919224,
-3.49672259076805E-9),.UNSPECIFIED.);
#123=B_SPLINE_CURVE_WITH_KNOTS('',3,(#2809,#2810,#2811,#2812,#2813,#2814,
#2815,#2816,#2817,#2818,#2819,#2820,#2821,#2822,#2823,#2824,#2825,#2826,
#2827,#2828,#2829,#2830,#2831,#2832),.UNSPECIFIED.,.F.,.F.,(4,2,2,2,2,2,
2,2,2,2,2,4),(-2.17728961227443,-2.10161809881646,-1.79233564123683,-1.57703718553141,
-1.48935237772491,-1.44621165216926,-1.41308318873807,-1.37637815905754,
-1.31589230799828,-1.13961924541325,-0.668449574790702,-0.42816070796678),
 .UNSPECIFIED.);
#124=B_SPLINE_CURVE_WITH_KNOTS('',3,(#2873,#2874,#2875,#2876),
 .UNSPECIFIED.,.F.,.F.,(4,4),(-0.407814473184619,0.),.UNSPECIFIED.);
#125=B_SPLINE_CURVE_WITH_KNOTS('',3,(#2879,#2880,#2881,#2882,#2883,#2884,
#2885,#2886,#2887,#2888),.UNSPECIFIED.,.F.,.F.,(4,1,1,1,1,1,1,4),(0.,0.142857142857143,
0.285714285714286,0.428571428571429,0.571428571428571,0.714285714285714,
0.857142857142857,1.),.UNSPECIFIED.);
#126=B_SPLINE_CURVE_WITH_KNOTS('',3,(#2889,#2890,#2891,#2892,#2893,#2894,
#2895,#2896,#2897,#2898,#2899,#2900,#2901,#2902,#2903,#2904,#2905,#2906,
#2907),.UNSPECIFIED.,.F.,.F.,(4,3,3,3,3,3,4),(-3.7893873674992,-3.24804571635497,
-2.70670406229501,-2.16536240823505,-1.62402075417508,-1.08267910011512,
-1.07451116090393),.UNSPECIFIED.);
#127=B_SPLINE_CURVE_WITH_KNOTS('',3,(#2941,#2942,#2943,#2944,#2945,#2946,
#2947,#2948,#2949,#2950,#2951,#2952,#2953),.UNSPECIFIED.,.F.,.F.,(4,3,3,
3,4),(1.57079632679489,2.57044342712772,3.45188348101367,4.37560785153117,
4.71238898038468),.UNSPECIFIED.);
#128=B_SPLINE_CURVE_WITH_KNOTS('',3,(#3005,#3006,#3007,#3008),
 .UNSPECIFIED.,.F.,.F.,(4,4),(0.801162576589838,1.),.UNSPECIFIED.);
#129=B_SPLINE_CURVE_WITH_KNOTS('',3,(#3009,#3010,#3011,#3012),
 .UNSPECIFIED.,.F.,.F.,(4,4),(-0.0369120675230129,0.),.UNSPECIFIED.);
#130=B_SPLINE_CURVE_WITH_KNOTS('',3,(#3030,#3031,#3032,#3033),
 .UNSPECIFIED.,.F.,.F.,(4,4),(-0.0369120758779391,-1.25149229383804E-9),
 .UNSPECIFIED.);
#131=B_SPLINE_CURVE_WITH_KNOTS('',3,(#3034,#3035,#3036,#3037),
 .UNSPECIFIED.,.F.,.F.,(4,4),(-1.,-0.801162592004577),.UNSPECIFIED.);
#132=B_SPLINE_CURVE_WITH_KNOTS('',3,(#3065,#3066,#3067,#3068),
 .UNSPECIFIED.,.F.,.F.,(4,4),(-1.,-0.802531749366511),.UNSPECIFIED.);
#133=B_SPLINE_CURVE_WITH_KNOTS('',3,(#3069,#3070,#3071,#3072,#3073),
 .UNSPECIFIED.,.F.,.F.,(4,1,4),(-0.318339411111633,-0.1364311761907,0.),
 .UNSPECIFIED.);
#134=B_SPLINE_CURVE_WITH_KNOTS('',3,(#3090,#3091,#3092,#3093),
 .UNSPECIFIED.,.F.,.F.,(4,4),(-0.036743667541002,-7.71908841615661E-9),
 .UNSPECIFIED.);
#135=B_SPLINE_CURVE_WITH_KNOTS('',3,(#3115,#3116,#3117,#3118,#3119),
 .UNSPECIFIED.,.F.,.F.,(4,1,4),(-0.318339411194265,-0.136431176226114,0.),
 .UNSPECIFIED.);
#136=B_SPLINE_CURVE_WITH_KNOTS('',3,(#3120,#3121,#3122,#3123),
 .UNSPECIFIED.,.F.,.F.,(4,4),(0.802531737274274,1.),.UNSPECIFIED.);
#137=B_SPLINE_CURVE_WITH_KNOTS('',3,(#3140,#3141,#3142,#3143),
 .UNSPECIFIED.,.F.,.F.,(4,4),(-0.0367436692485362,0.),.UNSPECIFIED.);
#138=B_SPLINE_CURVE_WITH_KNOTS('',3,(#3177,#3178,#3179,#3180,#3181,#3182),
 .UNSPECIFIED.,.F.,.F.,(4,1,1,4),(0.,0.159670418083941,0.266117363473235,
0.372564308862529),.UNSPECIFIED.);
#139=B_SPLINE_CURVE_WITH_KNOTS('',3,(#3224,#3225,#3226,#3227,#3228,#3229),
 .UNSPECIFIED.,.F.,.F.,(4,1,1,4),(2.20465785361686E-10,0.106447234937408,
0.212894469874817,0.372565321601048),.UNSPECIFIED.);
#140=B_SPLINE_CURVE_WITH_KNOTS('',3,(#3230,#3231,#3232,#3233,#3234,#3235),
 .UNSPECIFIED.,.F.,.F.,(4,1,1,4),(-0.372565322280929,-0.212894469874817,
-0.106447234937408,-3.64663463314762E-9),.UNSPECIFIED.);
#141=B_SPLINE_CURVE_WITH_KNOTS('',3,(#3287,#3288,#3289,#3290,#3291,#3292,
#3293,#3294,#3295),.UNSPECIFIED.,.F.,.F.,(4,1,1,1,1,1,4),(-1.71623600503698,
-1.47105943288884,-1.2258828607407,-0.980706288592562,-0.735529716444421,
-0.24517657214814,-2.63000249356437E-9),.UNSPECIFIED.);
#142=B_SPLINE_CURVE_WITH_KNOTS('',3,(#3330,#3331,#3332,#3333,#3334,#3335),
 .UNSPECIFIED.,.F.,.F.,(4,1,1,4),(-0.372564306431439,-0.266117363473235,
-0.159670418083941,-2.71627043080258E-9),.UNSPECIFIED.);
#143=B_SPLINE_CURVE_WITH_KNOTS('',3,(#3579,#3580,#3581,#3582,#3583,#3584,
#3585),.UNSPECIFIED.,.F.,.F.,(4,1,1,1,4),(-0.372565322280929,-0.266118087343521,
-0.212894469874817,-0.106447234937408,-3.64663460577978E-9),
 .UNSPECIFIED.);
#144=B_SPLINE_CURVE_WITH_KNOTS('',3,(#3637,#3638,#3639,#3640,#3641,#3642,
#3643,#3644,#3645),.UNSPECIFIED.,.F.,.F.,(4,1,1,1,1,1,4),(-1.71623600503698,
-1.47105943288884,-1.2258828607407,-0.980706288592562,-0.735529716444421,
-0.24517657214814,-2.63000253393796E-9),.UNSPECIFIED.);
#145=B_SPLINE_CURVE_WITH_KNOTS('',3,(#3685,#3686,#3687,#3688,#3689,#3690,
#3691),.UNSPECIFIED.,.F.,.F.,(4,1,1,1,4),(-0.372564306431439,-0.266117363473235,
-0.159670418083941,-0.106446945389294,-2.71627254048137E-9),
 .UNSPECIFIED.);
#146=TOROIDAL_SURFACE('',#1592,2.,0.5);
#147=TOROIDAL_SURFACE('',#1601,2.,0.5);
#148=FACE_OUTER_BOUND('',#237,.T.);
#149=FACE_OUTER_BOUND('',#238,.T.);
#150=FACE_OUTER_BOUND('',#239,.T.);
#151=FACE_OUTER_BOUND('',#240,.T.);
#152=FACE_OUTER_BOUND('',#241,.T.);
#153=FACE_OUTER_BOUND('',#242,.T.);
#154=FACE_OUTER_BOUND('',#243,.T.);
#155=FACE_OUTER_BOUND('',#244,.T.);
#156=FACE_OUTER_BOUND('',#245,.T.);
#157=FACE_OUTER_BOUND('',#246,.T.);
#158=FACE_OUTER_BOUND('',#247,.T.);
#159=FACE_OUTER_BOUND('',#248,.T.);
#160=FACE_OUTER_BOUND('',#249,.T.);
#161=FACE_OUTER_BOUND('',#250,.T.);
#162=FACE_OUTER_BOUND('',#251,.T.);
#163=FACE_OUTER_BOUND('',#252,.T.);
#164=FACE_OUTER_BOUND('',#253,.T.);
#165=FACE_OUTER_BOUND('',#254,.T.);
#166=FACE_OUTER_BOUND('',#255,.T.);
#167=FACE_OUTER_BOUND('',#256,.T.);
#168=FACE_OUTER_BOUND('',#257,.T.);
#169=FACE_OUTER_BOUND('',#258,.T.);
#170=FACE_OUTER_BOUND('',#259,.T.);
#171=FACE_OUTER_BOUND('',#260,.T.);
#172=FACE_OUTER_BOUND('',#261,.T.);
#173=FACE_OUTER_BOUND('',#265,.T.);
#174=FACE_OUTER_BOUND('',#267,.T.);
#175=FACE_OUTER_BOUND('',#269,.T.);
#176=FACE_OUTER_BOUND('',#270,.T.);
#177=FACE_OUTER_BOUND('',#271,.T.);
#178=FACE_OUTER_BOUND('',#272,.T.);
#179=FACE_OUTER_BOUND('',#273,.T.);
#180=FACE_OUTER_BOUND('',#274,.T.);
#181=FACE_OUTER_BOUND('',#275,.T.);
#182=FACE_OUTER_BOUND('',#276,.T.);
#183=FACE_OUTER_BOUND('',#277,.T.);
#184=FACE_OUTER_BOUND('',#278,.T.);
#185=FACE_OUTER_BOUND('',#279,.T.);
#186=FACE_OUTER_BOUND('',#280,.T.);
#187=FACE_OUTER_BOUND('',#281,.T.);
#188=FACE_OUTER_BOUND('',#282,.T.);
#189=FACE_OUTER_BOUND('',#283,.T.);
#190=FACE_OUTER_BOUND('',#284,.T.);
#191=FACE_OUTER_BOUND('',#285,.T.);
#192=FACE_OUTER_BOUND('',#286,.T.);
#193=FACE_OUTER_BOUND('',#288,.T.);
#194=FACE_OUTER_BOUND('',#289,.T.);
#195=FACE_OUTER_BOUND('',#290,.T.);
#196=FACE_OUTER_BOUND('',#291,.T.);
#197=FACE_OUTER_BOUND('',#292,.T.);
#198=FACE_OUTER_BOUND('',#293,.T.);
#199=FACE_OUTER_BOUND('',#294,.T.);
#200=FACE_OUTER_BOUND('',#295,.T.);
#201=FACE_OUTER_BOUND('',#296,.T.);
#202=FACE_OUTER_BOUND('',#297,.T.);
#203=FACE_OUTER_BOUND('',#298,.T.);
#204=FACE_OUTER_BOUND('',#299,.T.);
#205=FACE_OUTER_BOUND('',#300,.T.);
#206=FACE_OUTER_BOUND('',#301,.T.);
#207=FACE_OUTER_BOUND('',#302,.T.);
#208=FACE_OUTER_BOUND('',#303,.T.);
#209=FACE_OUTER_BOUND('',#304,.T.);
#210=FACE_OUTER_BOUND('',#305,.T.);
#211=FACE_OUTER_BOUND('',#306,.T.);
#212=FACE_OUTER_BOUND('',#307,.T.);
#213=FACE_OUTER_BOUND('',#308,.T.);
#214=FACE_OUTER_BOUND('',#309,.T.);
#215=FACE_OUTER_BOUND('',#310,.T.);
#216=FACE_OUTER_BOUND('',#311,.T.);
#217=FACE_OUTER_BOUND('',#312,.T.);
#218=FACE_OUTER_BOUND('',#313,.T.);
#219=FACE_OUTER_BOUND('',#314,.T.);
#220=FACE_OUTER_BOUND('',#315,.T.);
#221=FACE_OUTER_BOUND('',#316,.T.);
#222=FACE_OUTER_BOUND('',#317,.T.);
#223=FACE_OUTER_BOUND('',#318,.T.);
#224=FACE_OUTER_BOUND('',#319,.T.);
#225=FACE_OUTER_BOUND('',#320,.T.);
#226=FACE_OUTER_BOUND('',#321,.T.);
#227=FACE_OUTER_BOUND('',#323,.T.);
#228=FACE_OUTER_BOUND('',#324,.T.);
#229=FACE_OUTER_BOUND('',#325,.T.);
#230=FACE_OUTER_BOUND('',#326,.T.);
#231=FACE_OUTER_BOUND('',#327,.T.);
#232=FACE_OUTER_BOUND('',#328,.T.);
#233=FACE_OUTER_BOUND('',#329,.T.);
#234=FACE_OUTER_BOUND('',#330,.T.);
#235=FACE_OUTER_BOUND('',#331,.T.);
#236=FACE_OUTER_BOUND('',#332,.T.);
#237=EDGE_LOOP('',(#992,#993,#994,#995));
#238=EDGE_LOOP('',(#996,#997,#998,#999));
#239=EDGE_LOOP('',(#1000,#1001,#1002,#1003,#1004,#1005,#1006,#1007));
#240=EDGE_LOOP('',(#1008,#1009,#1010,#1011,#1012,#1013));
#241=EDGE_LOOP('',(#1014,#1015,#1016,#1017));
#242=EDGE_LOOP('',(#1018,#1019,#1020,#1021));
#243=EDGE_LOOP('',(#1022,#1023,#1024,#1025,#1026,#1027));
#244=EDGE_LOOP('',(#1028,#1029,#1030,#1031,#1032,#1033,#1034,#1035));
#245=EDGE_LOOP('',(#1036,#1037,#1038,#1039,#1040));
#246=EDGE_LOOP('',(#1041,#1042,#1043,#1044));
#247=EDGE_LOOP('',(#1045,#1046,#1047,#1048));
#248=EDGE_LOOP('',(#1049,#1050,#1051,#1052,#1053));
#249=EDGE_LOOP('',(#1054,#1055,#1056,#1057,#1058));
#250=EDGE_LOOP('',(#1059,#1060,#1061,#1062));
#251=EDGE_LOOP('',(#1063,#1064,#1065,#1066));
#252=EDGE_LOOP('',(#1067,#1068,#1069,#1070,#1071));
#253=EDGE_LOOP('',(#1072,#1073,#1074,#1075));
#254=EDGE_LOOP('',(#1076,#1077,#1078,#1079,#1080,#1081,#1082,#1083));
#255=EDGE_LOOP('',(#1084,#1085,#1086,#1087));
#256=EDGE_LOOP('',(#1088,#1089,#1090,#1091));
#257=EDGE_LOOP('',(#1092,#1093,#1094,#1095));
#258=EDGE_LOOP('',(#1096,#1097,#1098,#1099));
#259=EDGE_LOOP('',(#1100,#1101,#1102,#1103));
#260=EDGE_LOOP('',(#1104,#1105,#1106,#1107,#1108,#1109,#1110,#1111));
#261=EDGE_LOOP('',(#1112,#1113,#1114,#1115,#1116,#1117,#1118,#1119,#1120,
#1121));
#262=EDGE_LOOP('',(#1122,#1123,#1124,#1125,#1126,#1127,#1128,#1129,#1130,
#1131,#1132,#1133,#1134,#1135,#1136,#1137,#1138,#1139,#1140,#1141,#1142,
#1143,#1144,#1145,#1146,#1147,#1148,#1149,#1150,#1151));
#263=EDGE_LOOP('',(#1152));
#264=EDGE_LOOP('',(#1153));
#265=EDGE_LOOP('',(#1154,#1155,#1156,#1157));
#266=EDGE_LOOP('',(#1158,#1159,#1160,#1161,#1162,#1163,#1164));
#267=EDGE_LOOP('',(#1165,#1166,#1167,#1168));
#268=EDGE_LOOP('',(#1169));
#269=EDGE_LOOP('',(#1170,#1171,#1172,#1173,#1174,#1175,#1176));
#270=EDGE_LOOP('',(#1177,#1178,#1179));
#271=EDGE_LOOP('',(#1180,#1181,#1182));
#272=EDGE_LOOP('',(#1183,#1184,#1185));
#273=EDGE_LOOP('',(#1186,#1187,#1188,#1189));
#274=EDGE_LOOP('',(#1190,#1191,#1192,#1193));
#275=EDGE_LOOP('',(#1194,#1195,#1196,#1197));
#276=EDGE_LOOP('',(#1198,#1199,#1200,#1201));
#277=EDGE_LOOP('',(#1202,#1203,#1204,#1205));
#278=EDGE_LOOP('',(#1206,#1207,#1208,#1209,#1210,#1211,#1212,#1213,#1214,
#1215,#1216,#1217,#1218,#1219));
#279=EDGE_LOOP('',(#1220,#1221,#1222,#1223));
#280=EDGE_LOOP('',(#1224,#1225,#1226,#1227));
#281=EDGE_LOOP('',(#1228,#1229,#1230,#1231));
#282=EDGE_LOOP('',(#1232,#1233,#1234,#1235,#1236,#1237,#1238,#1239));
#283=EDGE_LOOP('',(#1240,#1241,#1242,#1243));
#284=EDGE_LOOP('',(#1244,#1245,#1246,#1247));
#285=EDGE_LOOP('',(#1248,#1249,#1250,#1251));
#286=EDGE_LOOP('',(#1252,#1253,#1254,#1255));
#287=EDGE_LOOP('',(#1256));
#288=EDGE_LOOP('',(#1257,#1258,#1259));
#289=EDGE_LOOP('',(#1260,#1261,#1262,#1263));
#290=EDGE_LOOP('',(#1264,#1265,#1266,#1267));
#291=EDGE_LOOP('',(#1268,#1269,#1270,#1271));
#292=EDGE_LOOP('',(#1272,#1273,#1274,#1275));
#293=EDGE_LOOP('',(#1276,#1277,#1278,#1279));
#294=EDGE_LOOP('',(#1280,#1281,#1282,#1283));
#295=EDGE_LOOP('',(#1284,#1285,#1286,#1287));
#296=EDGE_LOOP('',(#1288,#1289,#1290,#1291));
#297=EDGE_LOOP('',(#1292,#1293,#1294,#1295));
#298=EDGE_LOOP('',(#1296,#1297,#1298,#1299));
#299=EDGE_LOOP('',(#1300,#1301,#1302,#1303));
#300=EDGE_LOOP('',(#1304,#1305,#1306,#1307,#1308,#1309,#1310,#1311));
#301=EDGE_LOOP('',(#1312,#1313,#1314,#1315,#1316,#1317));
#302=EDGE_LOOP('',(#1318,#1319,#1320,#1321));
#303=EDGE_LOOP('',(#1322,#1323,#1324,#1325));
#304=EDGE_LOOP('',(#1326,#1327,#1328,#1329));
#305=EDGE_LOOP('',(#1330,#1331,#1332,#1333));
#306=EDGE_LOOP('',(#1334,#1335,#1336,#1337));
#307=EDGE_LOOP('',(#1338,#1339,#1340,#1341));
#308=EDGE_LOOP('',(#1342,#1343,#1344,#1345,#1346,#1347));
#309=EDGE_LOOP('',(#1348,#1349,#1350,#1351));
#310=EDGE_LOOP('',(#1352,#1353,#1354,#1355,#1356,#1357));
#311=EDGE_LOOP('',(#1358,#1359,#1360,#1361));
#312=EDGE_LOOP('',(#1362,#1363,#1364,#1365));
#313=EDGE_LOOP('',(#1366,#1367,#1368,#1369));
#314=EDGE_LOOP('',(#1370,#1371,#1372,#1373));
#315=EDGE_LOOP('',(#1374,#1375,#1376,#1377));
#316=EDGE_LOOP('',(#1378,#1379,#1380,#1381));
#317=EDGE_LOOP('',(#1382,#1383,#1384,#1385));
#318=EDGE_LOOP('',(#1386,#1387,#1388,#1389));
#319=EDGE_LOOP('',(#1390,#1391,#1392,#1393));
#320=EDGE_LOOP('',(#1394,#1395,#1396,#1397,#1398,#1399));
#321=EDGE_LOOP('',(#1400,#1401,#1402,#1403,#1404,#1405));
#322=EDGE_LOOP('',(#1406,#1407,#1408,#1409));
#323=EDGE_LOOP('',(#1410,#1411,#1412,#1413));
#324=EDGE_LOOP('',(#1414,#1415,#1416,#1417));
#325=EDGE_LOOP('',(#1418,#1419,#1420,#1421));
#326=EDGE_LOOP('',(#1422,#1423,#1424,#1425));
#327=EDGE_LOOP('',(#1426,#1427,#1428,#1429));
#328=EDGE_LOOP('',(#1430,#1431,#1432,#1433));
#329=EDGE_LOOP('',(#1434,#1435,#1436,#1437));
#330=EDGE_LOOP('',(#1438,#1439,#1440,#1441,#1442,#1443));
#331=EDGE_LOOP('',(#1444,#1445,#1446,#1447,#1448,#1449,#1450));
#332=EDGE_LOOP('',(#1451,#1452,#1453,#1454,#1455,#1456,#1457));
#333=LINE('',#2081,#442);
#334=LINE('',#2084,#443);
#335=LINE('',#2096,#444);
#336=LINE('',#2098,#445);
#337=LINE('',#2102,#446);
#338=LINE('',#2106,#447);
#339=LINE('',#2110,#448);
#340=LINE('',#2112,#449);
#341=LINE('',#2115,#450);
#342=LINE('',#2132,#451);
#343=LINE('',#2133,#452);
#344=LINE('',#2136,#453);
#345=LINE('',#2138,#454);
#346=LINE('',#2142,#455);
#347=LINE('',#2143,#456);
#348=LINE('',#2146,#457);
#349=LINE('',#2150,#458);
#350=LINE('',#2154,#459);
#351=LINE('',#2158,#460);
#352=LINE('',#2160,#461);
#353=LINE('',#2161,#462);
#354=LINE('',#2166,#463);
#355=LINE('',#2169,#464);
#356=LINE('',#2171,#465);
#357=LINE('',#2174,#466);
#358=LINE('',#2176,#467);
#359=LINE('',#2177,#468);
#360=LINE('',#2183,#469);
#361=LINE('',#2185,#470);
#362=LINE('',#2187,#471);
#363=LINE('',#2190,#472);
#364=LINE('',#2193,#473);
#365=LINE('',#2224,#474);
#366=LINE('',#2234,#475);
#367=LINE('',#2253,#476);
#368=LINE('',#2254,#477);
#369=LINE('',#2257,#478);
#370=LINE('',#2260,#479);
#371=LINE('',#2263,#480);
#372=LINE('',#2266,#481);
#373=LINE('',#2269,#482);
#374=LINE('',#2271,#483);
#375=LINE('',#2275,#484);
#376=LINE('',#2278,#485);
#377=LINE('',#2281,#486);
#378=LINE('',#2284,#487);
#379=LINE('',#2315,#488);
#380=LINE('',#2317,#489);
#381=LINE('',#2336,#490);
#382=LINE('',#2345,#491);
#383=LINE('',#2349,#492);
#384=LINE('',#2389,#493);
#385=LINE('',#2416,#494);
#386=LINE('',#2439,#495);
#387=LINE('',#2446,#496);
#388=LINE('',#2450,#497);
#389=LINE('',#2466,#498);
#390=LINE('',#2468,#499);
#391=LINE('',#2472,#500);
#392=LINE('',#2475,#501);
#393=LINE('',#2476,#502);
#394=LINE('',#2529,#503);
#395=LINE('',#2636,#504);
#396=LINE('',#2647,#505);
#397=LINE('',#2734,#506);
#398=LINE('',#2737,#507);
#399=LINE('',#2741,#508);
#400=LINE('',#2742,#509);
#401=LINE('',#2748,#510);
#402=LINE('',#2750,#511);
#403=LINE('',#2751,#512);
#404=LINE('',#2754,#513);
#405=LINE('',#2755,#514);
#406=LINE('',#2759,#515);
#407=LINE('',#2762,#516);
#408=LINE('',#2763,#517);
#409=LINE('',#2768,#518);
#410=LINE('',#2769,#519);
#411=LINE('',#2774,#520);
#412=LINE('',#2776,#521);
#413=LINE('',#2778,#522);
#414=LINE('',#2779,#523);
#415=LINE('',#2793,#524);
#416=LINE('',#2801,#525);
#417=LINE('',#2878,#526);
#418=LINE('',#2925,#527);
#419=LINE('',#2929,#528);
#420=LINE('',#2932,#529);
#421=LINE('',#2935,#530);
#422=LINE('',#2938,#531);
#423=LINE('',#2939,#532);
#424=LINE('',#2955,#533);
#425=LINE('',#3042,#534);
#426=LINE('',#3146,#535);
#427=LINE('',#3147,#536);
#428=LINE('',#3183,#537);
#429=LINE('',#3188,#538);
#430=LINE('',#3191,#539);
#431=LINE('',#3239,#540);
#432=LINE('',#3299,#541);
#433=LINE('',#3364,#542);
#434=LINE('',#3387,#543);
#435=LINE('',#3447,#544);
#436=LINE('',#3532,#545);
#437=LINE('',#3534,#546);
#438=LINE('',#3538,#547);
#439=LINE('',#3541,#548);
#440=LINE('',#3589,#549);
#441=LINE('',#3649,#550);
#442=VECTOR('',#1720,10.);
#443=VECTOR('',#1723,10.);
#444=VECTOR('',#1732,10.);
#445=VECTOR('',#1733,10.);
#446=VECTOR('',#1736,10.);
#447=VECTOR('',#1739,10.);
#448=VECTOR('',#1744,10.);
#449=VECTOR('',#1745,10.);
#450=VECTOR('',#1748,10.);
#451=VECTOR('',#1761,10.);
#452=VECTOR('',#1762,10.);
#453=VECTOR('',#1765,10.);
#454=VECTOR('',#1766,10.);
#455=VECTOR('',#1769,10.);
#456=VECTOR('',#1770,10.);
#457=VECTOR('',#1773,10.);
#458=VECTOR('',#1776,10.);
#459=VECTOR('',#1779,10.);
#460=VECTOR('',#1784,10.);
#461=VECTOR('',#1785,10.);
#462=VECTOR('',#1786,10.);
#463=VECTOR('',#1791,10.);
#464=VECTOR('',#1796,10.);
#465=VECTOR('',#1799,10.);
#466=VECTOR('',#1802,10.);
#467=VECTOR('',#1803,10.);
#468=VECTOR('',#1804,10.);
#469=VECTOR('',#1811,10.);
#470=VECTOR('',#1814,10.);
#471=VECTOR('',#1817,10.);
#472=VECTOR('',#1820,10.);
#473=VECTOR('',#1823,10.);
#474=VECTOR('',#1824,21.4762287170359);
#475=VECTOR('',#1825,21.4814665031845);
#476=VECTOR('',#1826,21.4762287170359);
#477=VECTOR('',#1827,21.4762287170359);
#478=VECTOR('',#1830,10.);
#479=VECTOR('',#1833,10.);
#480=VECTOR('',#1836,10.);
#481=VECTOR('',#1839,10.);
#482=VECTOR('',#1842,10.);
#483=VECTOR('',#1843,10.);
#484=VECTOR('',#1848,10.);
#485=VECTOR('',#1851,10.);
#486=VECTOR('',#1854,10.);
#487=VECTOR('',#1857,10.);
#488=VECTOR('',#1858,21.4762291109834);
#489=VECTOR('',#1859,21.4762291109834);
#490=VECTOR('',#1860,10.);
#491=VECTOR('',#1861,21.4762291109834);
#492=VECTOR('',#1864,10.);
#493=VECTOR('',#1865,10.);
#494=VECTOR('',#1866,10.);
#495=VECTOR('',#1867,10.);
#496=VECTOR('',#1868,10.);
#497=VECTOR('',#1871,10.);
#498=VECTOR('',#1872,10.);
#499=VECTOR('',#1873,10.);
#500=VECTOR('',#1876,10.);
#501=VECTOR('',#1879,10.);
#502=VECTOR('',#1880,10.);
#503=VECTOR('',#1881,10.);
#504=VECTOR('',#1886,10.);
#505=VECTOR('',#1887,20.0722946641392);
#506=VECTOR('',#1890,10.);
#507=VECTOR('',#1893,10.);
#508=VECTOR('',#1898,10.);
#509=VECTOR('',#1899,10.);
#510=VECTOR('',#1906,10.);
#511=VECTOR('',#1907,10.);
#512=VECTOR('',#1908,10.);
#513=VECTOR('',#1911,10.);
#514=VECTOR('',#1912,10.);
#515=VECTOR('',#1917,10.);
#516=VECTOR('',#1920,10.);
#517=VECTOR('',#1921,10.);
#518=VECTOR('',#1926,10.);
#519=VECTOR('',#1927,10.);
#520=VECTOR('',#1934,10.);
#521=VECTOR('',#1935,10.);
#522=VECTOR('',#1936,10.);
#523=VECTOR('',#1937,21.4762291109834);
#524=VECTOR('',#1940,10.);
#525=VECTOR('',#1943,10.);
#526=VECTOR('',#1946,20.0722946641392);
#527=VECTOR('',#1949,1.1);
#528=VECTOR('',#1954,1.1);
#529=VECTOR('',#1957,10.);
#530=VECTOR('',#1960,10.);
#531=VECTOR('',#1963,10.);
#532=VECTOR('',#1964,10.);
#533=VECTOR('',#1969,10.);
#534=VECTOR('',#1982,10.);
#535=VECTOR('',#1987,21.4762287170359);
#536=VECTOR('',#1988,10.);
#537=VECTOR('',#1989,10.);
#538=VECTOR('',#1994,10.);
#539=VECTOR('',#1997,10.);
#540=VECTOR('',#2004,10.);
#541=VECTOR('',#2011,10.);
#542=VECTOR('',#2012,21.4814665031845);
#543=VECTOR('',#2025,10.);
#544=VECTOR('',#2032,10.);
#545=VECTOR('',#2041,10.);
#546=VECTOR('',#2044,10.);
#547=VECTOR('',#2049,10.);
#548=VECTOR('',#2052,10.);
#549=VECTOR('',#2059,10.);
#550=VECTOR('',#2066,10.);
#551=CIRCLE('',#1590,0.499999999999998);
#552=CIRCLE('',#1591,0.5);
#553=CIRCLE('',#1593,2.);
#554=CIRCLE('',#1594,1.5);
#555=CIRCLE('',#1597,1.5);
#556=CIRCLE('',#1598,1.5);
#557=CIRCLE('',#1600,2.5);
#558=CIRCLE('',#1602,0.499999999999998);
#559=CIRCLE('',#1603,2.);
#560=CIRCLE('',#1604,1.5);
#561=CIRCLE('',#1606,0.5);
#562=CIRCLE('',#1608,2.5);
#563=CIRCLE('',#1610,1.5);
#564=CIRCLE('',#1611,1.5);
#565=CIRCLE('',#1615,1.5);
#566=CIRCLE('',#1616,1.5);
#567=CIRCLE('',#1621,1.5);
#568=CIRCLE('',#1622,1.5);
#569=CIRCLE('',#1626,2.5);
#570=CIRCLE('',#1628,2.50000075410796);
#571=CIRCLE('',#1630,2.49999999999922);
#572=CIRCLE('',#1632,2.5);
#573=CIRCLE('',#1634,2.5);
#574=CIRCLE('',#1636,2.5);
#575=CIRCLE('',#1638,3.9);
#576=CIRCLE('',#1639,3.9);
#577=CIRCLE('',#1640,3.90000000000001);
#578=CIRCLE('',#1641,1.1);
#579=CIRCLE('',#1642,1.1);
#580=CIRCLE('',#1644,2.4);
#581=CIRCLE('',#1645,1.1);
#582=CIRCLE('',#1655,2.5);
#583=CIRCLE('',#1664,1.1);
#584=CIRCLE('',#1666,2.4);
#585=CIRCLE('',#1670,4.);
#586=CIRCLE('',#1671,4.);
#587=CIRCLE('',#1673,2.5);
#588=CIRCLE('',#1675,2.49999999999999);
#589=CIRCLE('',#1676,2.5);
#590=CIRCLE('',#1679,1.);
#591=CIRCLE('',#1680,1.);
#592=CIRCLE('',#1681,0.999999999999998);
#593=CIRCLE('',#1683,1.00000005152451);
#594=CIRCLE('',#1684,1.);
#595=CIRCLE('',#1686,1.00000000000059);
#596=CIRCLE('',#1689,3.99999999999922);
#597=CIRCLE('',#1690,4.);
#598=CIRCLE('',#1692,4.00000075410796);
#599=CIRCLE('',#1693,4.);
#600=CIRCLE('',#1695,4.);
#601=CIRCLE('',#1696,3.99999999999999);
#602=CIRCLE('',#1697,4.);
#603=CIRCLE('',#1698,4.);
#604=CIRCLE('',#1702,2.5);
#605=CIRCLE('',#1703,2.5);
#606=CIRCLE('',#1704,2.5);
#607=CIRCLE('',#1706,2.50000005152451);
#608=CIRCLE('',#1707,2.5);
#609=CIRCLE('',#1709,2.50000000000059);
#610=VERTEX_POINT('',#2077);
#611=VERTEX_POINT('',#2078);
#612=VERTEX_POINT('',#2080);
#613=VERTEX_POINT('',#2082);
#614=VERTEX_POINT('',#2086);
#615=VERTEX_POINT('',#2087);
#616=VERTEX_POINT('',#2095);
#617=VERTEX_POINT('',#2097);
#618=VERTEX_POINT('',#2099);
#619=VERTEX_POINT('',#2101);
#620=VERTEX_POINT('',#2103);
#621=VERTEX_POINT('',#2105);
#622=VERTEX_POINT('',#2109);
#623=VERTEX_POINT('',#2111);
#624=VERTEX_POINT('',#2113);
#625=VERTEX_POINT('',#2117);
#626=VERTEX_POINT('',#2118);
#627=VERTEX_POINT('',#2120);
#628=VERTEX_POINT('',#2122);
#629=VERTEX_POINT('',#2129);
#630=VERTEX_POINT('',#2130);
#631=VERTEX_POINT('',#2135);
#632=VERTEX_POINT('',#2137);
#633=VERTEX_POINT('',#2139);
#634=VERTEX_POINT('',#2141);
#635=VERTEX_POINT('',#2145);
#636=VERTEX_POINT('',#2147);
#637=VERTEX_POINT('',#2149);
#638=VERTEX_POINT('',#2151);
#639=VERTEX_POINT('',#2153);
#640=VERTEX_POINT('',#2157);
#641=VERTEX_POINT('',#2159);
#642=VERTEX_POINT('',#2163);
#643=VERTEX_POINT('',#2165);
#644=VERTEX_POINT('',#2173);
#645=VERTEX_POINT('',#2175);
#646=VERTEX_POINT('',#2179);
#647=VERTEX_POINT('',#2181);
#648=VERTEX_POINT('',#2189);
#649=VERTEX_POINT('',#2191);
#650=VERTEX_POINT('',#2222);
#651=VERTEX_POINT('',#2223);
#652=VERTEX_POINT('',#2225);
#653=VERTEX_POINT('',#2233);
#654=VERTEX_POINT('',#2235);
#655=VERTEX_POINT('',#2240);
#656=VERTEX_POINT('',#2247);
#657=VERTEX_POINT('',#2252);
#658=VERTEX_POINT('',#2256);
#659=VERTEX_POINT('',#2258);
#660=VERTEX_POINT('',#2262);
#661=VERTEX_POINT('',#2264);
#662=VERTEX_POINT('',#2268);
#663=VERTEX_POINT('',#2270);
#664=VERTEX_POINT('',#2274);
#665=VERTEX_POINT('',#2276);
#666=VERTEX_POINT('',#2280);
#667=VERTEX_POINT('',#2282);
#668=VERTEX_POINT('',#2313);
#669=VERTEX_POINT('',#2314);
#670=VERTEX_POINT('',#2316);
#671=VERTEX_POINT('',#2318);
#672=VERTEX_POINT('',#2323);
#673=VERTEX_POINT('',#2330);
#674=VERTEX_POINT('',#2335);
#675=VERTEX_POINT('',#2337);
#676=VERTEX_POINT('',#2347);
#677=VERTEX_POINT('',#2348);
#678=VERTEX_POINT('',#2350);
#679=VERTEX_POINT('',#2370);
#680=VERTEX_POINT('',#2381);
#681=VERTEX_POINT('',#2388);
#682=VERTEX_POINT('',#2390);
#683=VERTEX_POINT('',#2397);
#684=VERTEX_POINT('',#2408);
#685=VERTEX_POINT('',#2415);
#686=VERTEX_POINT('',#2440);
#687=VERTEX_POINT('',#2445);
#688=VERTEX_POINT('',#2447);
#689=VERTEX_POINT('',#2449);
#690=VERTEX_POINT('',#2451);
#691=VERTEX_POINT('',#2465);
#692=VERTEX_POINT('',#2467);
#693=VERTEX_POINT('',#2469);
#694=VERTEX_POINT('',#2471);
#695=VERTEX_POINT('',#2473);
#696=VERTEX_POINT('',#2477);
#697=VERTEX_POINT('',#2497);
#698=VERTEX_POINT('',#2508);
#699=VERTEX_POINT('',#2528);
#700=VERTEX_POINT('',#2530);
#701=VERTEX_POINT('',#2537);
#702=VERTEX_POINT('',#2567);
#703=VERTEX_POINT('',#2569);
#704=VERTEX_POINT('',#2611);
#705=VERTEX_POINT('',#2612);
#706=VERTEX_POINT('',#2635);
#707=VERTEX_POINT('',#2637);
#708=VERTEX_POINT('',#2648);
#709=VERTEX_POINT('',#2649);
#710=VERTEX_POINT('',#2654);
#711=VERTEX_POINT('',#2659);
#712=VERTEX_POINT('',#2691);
#713=VERTEX_POINT('',#2711);
#714=VERTEX_POINT('',#2723);
#715=VERTEX_POINT('',#2733);
#716=VERTEX_POINT('',#2735);
#717=VERTEX_POINT('',#2738);
#718=VERTEX_POINT('',#2746);
#719=VERTEX_POINT('',#2747);
#720=VERTEX_POINT('',#2749);
#721=VERTEX_POINT('',#2753);
#722=VERTEX_POINT('',#2757);
#723=VERTEX_POINT('',#2761);
#724=VERTEX_POINT('',#2765);
#725=VERTEX_POINT('',#2767);
#726=VERTEX_POINT('',#2773);
#727=VERTEX_POINT('',#2775);
#728=VERTEX_POINT('',#2777);
#729=VERTEX_POINT('',#2781);
#730=VERTEX_POINT('',#2782);
#731=VERTEX_POINT('',#2795);
#732=VERTEX_POINT('',#2796);
#733=VERTEX_POINT('',#2877);
#734=VERTEX_POINT('',#2927);
#735=VERTEX_POINT('',#2931);
#736=VERTEX_POINT('',#2933);
#737=VERTEX_POINT('',#2937);
#738=VERTEX_POINT('',#3004);
#739=VERTEX_POINT('',#3029);
#740=VERTEX_POINT('',#3039);
#741=VERTEX_POINT('',#3041);
#742=VERTEX_POINT('',#3064);
#743=VERTEX_POINT('',#3114);
#744=VERTEX_POINT('',#3145);
#745=VERTEX_POINT('',#3176);
#746=VERTEX_POINT('',#3185);
#747=VERTEX_POINT('',#3187);
#748=VERTEX_POINT('',#3189);
#749=VERTEX_POINT('',#3222);
#750=VERTEX_POINT('',#3237);
#751=VERTEX_POINT('',#3285);
#752=VERTEX_POINT('',#3297);
#753=VERTEX_POINT('',#3536);
#754=VERTEX_POINT('',#3539);
#755=VERTEX_POINT('',#3577);
#756=VERTEX_POINT('',#3587);
#757=VERTEX_POINT('',#3635);
#758=VERTEX_POINT('',#3647);
#759=EDGE_CURVE('',#610,#611,#551,.T.);
#760=EDGE_CURVE('',#611,#612,#333,.T.);
#761=EDGE_CURVE('',#612,#613,#552,.T.);
#762=EDGE_CURVE('',#613,#610,#334,.T.);
#763=EDGE_CURVE('',#614,#615,#85,.T.);
#764=EDGE_CURVE('',#615,#611,#553,.T.);
#765=EDGE_CURVE('',#610,#614,#554,.T.);
#766=EDGE_CURVE('',#614,#616,#335,.T.);
#767=EDGE_CURVE('',#617,#610,#336,.T.);
#768=EDGE_CURVE('',#618,#617,#81,.T.);
#769=EDGE_CURVE('',#619,#618,#337,.T.);
#770=EDGE_CURVE('',#619,#620,#555,.T.);
#771=EDGE_CURVE('',#620,#621,#338,.T.);
#772=EDGE_CURVE('',#616,#621,#556,.T.);
#773=EDGE_CURVE('',#622,#613,#339,.T.);
#774=EDGE_CURVE('',#622,#623,#340,.T.);
#775=EDGE_CURVE('',#624,#623,#557,.T.);
#776=EDGE_CURVE('',#617,#624,#341,.T.);
#777=EDGE_CURVE('',#625,#626,#558,.T.);
#778=EDGE_CURVE('',#626,#627,#559,.T.);
#779=EDGE_CURVE('',#627,#628,#86,.T.);
#780=EDGE_CURVE('',#628,#625,#560,.T.);
#781=EDGE_CURVE('',#629,#630,#561,.T.);
#782=EDGE_CURVE('',#630,#626,#342,.T.);
#783=EDGE_CURVE('',#625,#629,#343,.T.);
#784=EDGE_CURVE('',#625,#631,#344,.T.);
#785=EDGE_CURVE('',#632,#631,#345,.T.);
#786=EDGE_CURVE('',#633,#632,#562,.T.);
#787=EDGE_CURVE('',#634,#633,#346,.T.);
#788=EDGE_CURVE('',#634,#629,#347,.T.);
#789=EDGE_CURVE('',#628,#635,#348,.T.);
#790=EDGE_CURVE('',#636,#635,#563,.T.);
#791=EDGE_CURVE('',#637,#636,#349,.T.);
#792=EDGE_CURVE('',#637,#638,#564,.T.);
#793=EDGE_CURVE('',#638,#639,#350,.T.);
#794=EDGE_CURVE('',#631,#639,#82,.T.);
#795=EDGE_CURVE('',#640,#627,#351,.T.);
#796=EDGE_CURVE('',#640,#641,#352,.T.);
#797=EDGE_CURVE('',#635,#641,#353,.T.);
#798=EDGE_CURVE('',#640,#642,#565,.T.);
#799=EDGE_CURVE('',#642,#643,#354,.T.);
#800=EDGE_CURVE('',#641,#643,#566,.T.);
#801=EDGE_CURVE('',#643,#636,#355,.T.);
#802=EDGE_CURVE('',#642,#630,#356,.T.);
#803=EDGE_CURVE('',#644,#615,#357,.T.);
#804=EDGE_CURVE('',#645,#616,#358,.T.);
#805=EDGE_CURVE('',#644,#645,#359,.T.);
#806=EDGE_CURVE('',#646,#644,#567,.T.);
#807=EDGE_CURVE('',#647,#645,#568,.T.);
#808=EDGE_CURVE('',#646,#647,#360,.T.);
#809=EDGE_CURVE('',#621,#647,#361,.T.);
#810=EDGE_CURVE('',#646,#612,#362,.T.);
#811=EDGE_CURVE('',#648,#618,#363,.T.);
#812=EDGE_CURVE('',#649,#648,#569,.T.);
#813=EDGE_CURVE('',#619,#649,#364,.T.);
#814=EDGE_CURVE('',#650,#651,#365,.T.);
#815=EDGE_CURVE('',#652,#650,#87,.T.);
#816=EDGE_CURVE('',#652,#653,#366,.T.);
#817=EDGE_CURVE('',#654,#653,#88,.T.);
#818=EDGE_CURVE('',#655,#654,#89,.T.);
#819=EDGE_CURVE('',#656,#655,#90,.T.);
#820=EDGE_CURVE('',#657,#656,#367,.T.);
#821=EDGE_CURVE('',#651,#657,#368,.T.);
#822=EDGE_CURVE('',#658,#648,#369,.T.);
#823=EDGE_CURVE('',#659,#658,#570,.T.);
#824=EDGE_CURVE('',#649,#659,#370,.T.);
#825=EDGE_CURVE('',#660,#623,#371,.T.);
#826=EDGE_CURVE('',#661,#660,#571,.T.);
#827=EDGE_CURVE('',#624,#661,#372,.T.);
#828=EDGE_CURVE('',#639,#662,#373,.T.);
#829=EDGE_CURVE('',#638,#663,#374,.T.);
#830=EDGE_CURVE('',#662,#663,#572,.T.);
#831=EDGE_CURVE('',#664,#632,#375,.T.);
#832=EDGE_CURVE('',#665,#664,#573,.T.);
#833=EDGE_CURVE('',#633,#665,#376,.T.);
#834=EDGE_CURVE('',#666,#663,#377,.T.);
#835=EDGE_CURVE('',#666,#667,#574,.T.);
#836=EDGE_CURVE('',#662,#667,#378,.T.);
#837=EDGE_CURVE('',#668,#669,#379,.T.);
#838=EDGE_CURVE('',#669,#670,#380,.T.);
#839=EDGE_CURVE('',#671,#670,#91,.T.);
#840=EDGE_CURVE('',#672,#671,#92,.T.);
#841=EDGE_CURVE('',#673,#672,#93,.T.);
#842=EDGE_CURVE('',#674,#673,#381,.T.);
#843=EDGE_CURVE('',#675,#674,#94,.T.);
#844=EDGE_CURVE('',#675,#668,#382,.T.);
#845=EDGE_CURVE('',#676,#677,#383,.T.);
#846=EDGE_CURVE('',#678,#676,#95,.T.);
#847=EDGE_CURVE('',#679,#678,#96,.T.);
#848=EDGE_CURVE('',#680,#679,#97,.T.);
#849=EDGE_CURVE('',#681,#680,#384,.T.);
#850=EDGE_CURVE('',#682,#681,#98,.T.);
#851=EDGE_CURVE('',#683,#682,#99,.T.);
#852=EDGE_CURVE('',#684,#683,#100,.T.);
#853=EDGE_CURVE('',#685,#684,#385,.T.);
#854=EDGE_CURVE('',#677,#685,#101,.T.);
#855=EDGE_CURVE('',#622,#620,#386,.T.);
#856=EDGE_CURVE('',#659,#686,#102,.T.);
#857=EDGE_CURVE('',#687,#686,#387,.T.);
#858=EDGE_CURVE('',#687,#688,#575,.T.);
#859=EDGE_CURVE('',#688,#689,#388,.T.);
#860=EDGE_CURVE('',#689,#690,#103,.T.);
#861=EDGE_CURVE('',#690,#691,#389,.T.);
#862=EDGE_CURVE('',#692,#691,#390,.T.);
#863=EDGE_CURVE('',#692,#693,#576,.T.);
#864=EDGE_CURVE('',#693,#694,#391,.T.);
#865=EDGE_CURVE('',#694,#695,#577,.T.);
#866=EDGE_CURVE('',#695,#666,#392,.T.);
#867=EDGE_CURVE('',#634,#637,#393,.T.);
#868=EDGE_CURVE('',#665,#696,#104,.T.);
#869=EDGE_CURVE('',#696,#697,#105,.T.);
#870=EDGE_CURVE('',#697,#698,#106,.T.);
#871=EDGE_CURVE('',#698,#699,#394,.T.);
#872=EDGE_CURVE('',#699,#700,#107,.T.);
#873=EDGE_CURVE('',#700,#701,#108,.T.);
#874=EDGE_CURVE('',#701,#660,#109,.T.);
#875=EDGE_CURVE('',#702,#702,#578,.T.);
#876=EDGE_CURVE('',#703,#703,#579,.T.);
#877=EDGE_CURVE('',#704,#705,#110,.T.);
#878=EDGE_CURVE('',#706,#704,#395,.T.);
#879=EDGE_CURVE('',#707,#706,#111,.T.);
#880=EDGE_CURVE('',#707,#705,#396,.T.);
#881=EDGE_CURVE('',#708,#709,#112,.T.);
#882=EDGE_CURVE('',#708,#710,#113,.T.);
#883=EDGE_CURVE('',#710,#711,#114,.T.);
#884=EDGE_CURVE('',#711,#712,#115,.T.);
#885=EDGE_CURVE('',#712,#713,#116,.T.);
#886=EDGE_CURVE('',#713,#714,#117,.T.);
#887=EDGE_CURVE('',#714,#709,#118,.F.);
#888=EDGE_CURVE('',#715,#709,#397,.T.);
#889=EDGE_CURVE('',#715,#716,#580,.T.);
#890=EDGE_CURVE('',#716,#708,#398,.T.);
#891=EDGE_CURVE('',#717,#717,#581,.T.);
#892=EDGE_CURVE('',#716,#710,#399,.T.);
#893=EDGE_CURVE('',#715,#714,#400,.T.);
#894=EDGE_CURVE('',#718,#719,#401,.T.);
#895=EDGE_CURVE('',#720,#718,#402,.T.);
#896=EDGE_CURVE('',#720,#719,#403,.T.);
#897=EDGE_CURVE('',#695,#721,#404,.T.);
#898=EDGE_CURVE('',#667,#721,#405,.T.);
#899=EDGE_CURVE('',#721,#722,#83,.T.);
#900=EDGE_CURVE('',#694,#722,#406,.T.);
#901=EDGE_CURVE('',#722,#723,#407,.T.);
#902=EDGE_CURVE('',#693,#723,#408,.T.);
#903=EDGE_CURVE('',#724,#691,#582,.T.);
#904=EDGE_CURVE('',#725,#724,#409,.T.);
#905=EDGE_CURVE('',#692,#725,#410,.T.);
#906=EDGE_CURVE('',#723,#725,#84,.T.);
#907=EDGE_CURVE('',#724,#726,#411,.T.);
#908=EDGE_CURVE('',#727,#726,#412,.T.);
#909=EDGE_CURVE('',#727,#728,#413,.T.);
#910=EDGE_CURVE('',#728,#664,#414,.T.);
#911=EDGE_CURVE('',#729,#730,#119,.T.);
#912=EDGE_CURVE('',#689,#729,#120,.T.);
#913=EDGE_CURVE('',#688,#730,#415,.T.);
#914=EDGE_CURVE('',#731,#732,#121,.T.);
#915=EDGE_CURVE('',#687,#731,#416,.T.);
#916=EDGE_CURVE('',#732,#686,#122,.T.);
#917=EDGE_CURVE('',#730,#731,#123,.T.);
#918=EDGE_CURVE('',#732,#658,#124,.T.);
#919=EDGE_CURVE('',#733,#658,#417,.T.);
#920=EDGE_CURVE('',#733,#727,#125,.T.);
#921=EDGE_CURVE('',#726,#729,#126,.T.);
#922=EDGE_CURVE('',#717,#703,#418,.T.);
#923=EDGE_CURVE('',#734,#734,#583,.T.);
#924=EDGE_CURVE('',#734,#702,#419,.T.);
#925=EDGE_CURVE('',#735,#719,#420,.T.);
#926=EDGE_CURVE('',#720,#736,#584,.T.);
#927=EDGE_CURVE('',#736,#735,#421,.T.);
#928=EDGE_CURVE('',#735,#737,#422,.T.);
#929=EDGE_CURVE('',#736,#737,#423,.T.);
#930=EDGE_CURVE('',#718,#737,#127,.T.);
#931=EDGE_CURVE('',#670,#704,#424,.T.);
#932=EDGE_CURVE('',#685,#704,#585,.T.);
#933=EDGE_CURVE('',#684,#670,#586,.T.);
#934=EDGE_CURVE('',#690,#726,#587,.T.);
#935=EDGE_CURVE('',#701,#738,#128,.T.);
#936=EDGE_CURVE('',#661,#738,#129,.T.);
#937=EDGE_CURVE('',#739,#664,#130,.T.);
#938=EDGE_CURVE('',#739,#696,#131,.T.);
#939=EDGE_CURVE('',#740,#698,#588,.T.);
#940=EDGE_CURVE('',#741,#740,#425,.T.);
#941=EDGE_CURVE('',#699,#741,#589,.T.);
#942=EDGE_CURVE('',#742,#700,#132,.T.);
#943=EDGE_CURVE('',#738,#742,#133,.T.);
#944=EDGE_CURVE('',#742,#741,#134,.T.);
#945=EDGE_CURVE('',#743,#739,#135,.T.);
#946=EDGE_CURVE('',#697,#743,#136,.T.);
#947=EDGE_CURVE('',#740,#743,#137,.T.);
#948=EDGE_CURVE('',#744,#661,#426,.T.);
#949=EDGE_CURVE('',#744,#733,#427,.T.);
#950=EDGE_CURVE('',#728,#745,#138,.T.);
#951=EDGE_CURVE('',#745,#740,#428,.T.);
#952=EDGE_CURVE('',#746,#745,#590,.T.);
#953=EDGE_CURVE('',#747,#746,#429,.T.);
#954=EDGE_CURVE('',#748,#747,#591,.T.);
#955=EDGE_CURVE('',#745,#748,#430,.T.);
#956=EDGE_CURVE('',#744,#749,#592,.T.);
#957=EDGE_CURVE('',#748,#744,#139,.T.);
#958=EDGE_CURVE('',#749,#747,#140,.T.);
#959=EDGE_CURVE('',#733,#750,#593,.T.);
#960=EDGE_CURVE('',#750,#749,#431,.T.);
#961=EDGE_CURVE('',#727,#751,#594,.T.);
#962=EDGE_CURVE('',#751,#750,#141,.T.);
#963=EDGE_CURVE('',#728,#752,#595,.T.);
#964=EDGE_CURVE('',#752,#751,#432,.T.);
#965=EDGE_CURVE('',#746,#752,#142,.T.);
#966=EDGE_CURVE('',#748,#741,#433,.T.);
#967=EDGE_CURVE('',#656,#676,#596,.T.);
#968=EDGE_CURVE('',#678,#655,#597,.T.);
#969=EDGE_CURVE('',#677,#705,#598,.T.);
#970=EDGE_CURVE('',#705,#656,#434,.T.);
#971=EDGE_CURVE('',#671,#683,#599,.T.);
#972=EDGE_CURVE('',#680,#653,#600,.T.);
#973=EDGE_CURVE('',#653,#673,#435,.T.);
#974=EDGE_CURVE('',#673,#681,#601,.T.);
#975=EDGE_CURVE('',#654,#679,#602,.T.);
#976=EDGE_CURVE('',#682,#672,#603,.T.);
#977=EDGE_CURVE('',#650,#707,#436,.T.);
#978=EDGE_CURVE('',#706,#675,#437,.T.);
#979=EDGE_CURVE('',#753,#674,#604,.T.);
#980=EDGE_CURVE('',#674,#652,#438,.T.);
#981=EDGE_CURVE('',#652,#754,#605,.T.);
#982=EDGE_CURVE('',#754,#753,#439,.T.);
#983=EDGE_CURVE('',#650,#755,#606,.T.);
#984=EDGE_CURVE('',#755,#754,#143,.T.);
#985=EDGE_CURVE('',#707,#756,#607,.T.);
#986=EDGE_CURVE('',#756,#755,#440,.T.);
#987=EDGE_CURVE('',#706,#757,#608,.T.);
#988=EDGE_CURVE('',#757,#756,#144,.T.);
#989=EDGE_CURVE('',#675,#758,#609,.T.);
#990=EDGE_CURVE('',#758,#757,#441,.T.);
#991=EDGE_CURVE('',#753,#758,#145,.T.);
#992=ORIENTED_EDGE('',*,*,#759,.T.);
#993=ORIENTED_EDGE('',*,*,#760,.T.);
#994=ORIENTED_EDGE('',*,*,#761,.T.);
#995=ORIENTED_EDGE('',*,*,#762,.T.);
#996=ORIENTED_EDGE('',*,*,#763,.T.);
#997=ORIENTED_EDGE('',*,*,#764,.T.);
#998=ORIENTED_EDGE('',*,*,#759,.F.);
#999=ORIENTED_EDGE('',*,*,#765,.T.);
#1000=ORIENTED_EDGE('',*,*,#766,.F.);
#1001=ORIENTED_EDGE('',*,*,#765,.F.);
#1002=ORIENTED_EDGE('',*,*,#767,.F.);
#1003=ORIENTED_EDGE('',*,*,#768,.F.);
#1004=ORIENTED_EDGE('',*,*,#769,.F.);
#1005=ORIENTED_EDGE('',*,*,#770,.T.);
#1006=ORIENTED_EDGE('',*,*,#771,.T.);
#1007=ORIENTED_EDGE('',*,*,#772,.F.);
#1008=ORIENTED_EDGE('',*,*,#762,.F.);
#1009=ORIENTED_EDGE('',*,*,#773,.F.);
#1010=ORIENTED_EDGE('',*,*,#774,.T.);
#1011=ORIENTED_EDGE('',*,*,#775,.F.);
#1012=ORIENTED_EDGE('',*,*,#776,.F.);
#1013=ORIENTED_EDGE('',*,*,#767,.T.);
#1014=ORIENTED_EDGE('',*,*,#777,.T.);
#1015=ORIENTED_EDGE('',*,*,#778,.T.);
#1016=ORIENTED_EDGE('',*,*,#779,.T.);
#1017=ORIENTED_EDGE('',*,*,#780,.T.);
#1018=ORIENTED_EDGE('',*,*,#781,.T.);
#1019=ORIENTED_EDGE('',*,*,#782,.T.);
#1020=ORIENTED_EDGE('',*,*,#777,.F.);
#1021=ORIENTED_EDGE('',*,*,#783,.T.);
#1022=ORIENTED_EDGE('',*,*,#783,.F.);
#1023=ORIENTED_EDGE('',*,*,#784,.T.);
#1024=ORIENTED_EDGE('',*,*,#785,.F.);
#1025=ORIENTED_EDGE('',*,*,#786,.F.);
#1026=ORIENTED_EDGE('',*,*,#787,.F.);
#1027=ORIENTED_EDGE('',*,*,#788,.T.);
#1028=ORIENTED_EDGE('',*,*,#780,.F.);
#1029=ORIENTED_EDGE('',*,*,#789,.T.);
#1030=ORIENTED_EDGE('',*,*,#790,.F.);
#1031=ORIENTED_EDGE('',*,*,#791,.F.);
#1032=ORIENTED_EDGE('',*,*,#792,.T.);
#1033=ORIENTED_EDGE('',*,*,#793,.T.);
#1034=ORIENTED_EDGE('',*,*,#794,.F.);
#1035=ORIENTED_EDGE('',*,*,#784,.F.);
#1036=ORIENTED_EDGE('',*,*,#795,.F.);
#1037=ORIENTED_EDGE('',*,*,#796,.T.);
#1038=ORIENTED_EDGE('',*,*,#797,.F.);
#1039=ORIENTED_EDGE('',*,*,#789,.F.);
#1040=ORIENTED_EDGE('',*,*,#779,.F.);
#1041=ORIENTED_EDGE('',*,*,#798,.T.);
#1042=ORIENTED_EDGE('',*,*,#799,.T.);
#1043=ORIENTED_EDGE('',*,*,#800,.F.);
#1044=ORIENTED_EDGE('',*,*,#796,.F.);
#1045=ORIENTED_EDGE('',*,*,#800,.T.);
#1046=ORIENTED_EDGE('',*,*,#801,.T.);
#1047=ORIENTED_EDGE('',*,*,#790,.T.);
#1048=ORIENTED_EDGE('',*,*,#797,.T.);
#1049=ORIENTED_EDGE('',*,*,#782,.F.);
#1050=ORIENTED_EDGE('',*,*,#802,.F.);
#1051=ORIENTED_EDGE('',*,*,#798,.F.);
#1052=ORIENTED_EDGE('',*,*,#795,.T.);
#1053=ORIENTED_EDGE('',*,*,#778,.F.);
#1054=ORIENTED_EDGE('',*,*,#803,.T.);
#1055=ORIENTED_EDGE('',*,*,#763,.F.);
#1056=ORIENTED_EDGE('',*,*,#766,.T.);
#1057=ORIENTED_EDGE('',*,*,#804,.F.);
#1058=ORIENTED_EDGE('',*,*,#805,.F.);
#1059=ORIENTED_EDGE('',*,*,#806,.T.);
#1060=ORIENTED_EDGE('',*,*,#805,.T.);
#1061=ORIENTED_EDGE('',*,*,#807,.F.);
#1062=ORIENTED_EDGE('',*,*,#808,.F.);
#1063=ORIENTED_EDGE('',*,*,#807,.T.);
#1064=ORIENTED_EDGE('',*,*,#804,.T.);
#1065=ORIENTED_EDGE('',*,*,#772,.T.);
#1066=ORIENTED_EDGE('',*,*,#809,.T.);
#1067=ORIENTED_EDGE('',*,*,#764,.F.);
#1068=ORIENTED_EDGE('',*,*,#803,.F.);
#1069=ORIENTED_EDGE('',*,*,#806,.F.);
#1070=ORIENTED_EDGE('',*,*,#810,.T.);
#1071=ORIENTED_EDGE('',*,*,#760,.F.);
#1072=ORIENTED_EDGE('',*,*,#811,.F.);
#1073=ORIENTED_EDGE('',*,*,#812,.F.);
#1074=ORIENTED_EDGE('',*,*,#813,.F.);
#1075=ORIENTED_EDGE('',*,*,#769,.T.);
#1076=ORIENTED_EDGE('',*,*,#814,.F.);
#1077=ORIENTED_EDGE('',*,*,#815,.F.);
#1078=ORIENTED_EDGE('',*,*,#816,.T.);
#1079=ORIENTED_EDGE('',*,*,#817,.F.);
#1080=ORIENTED_EDGE('',*,*,#818,.F.);
#1081=ORIENTED_EDGE('',*,*,#819,.F.);
#1082=ORIENTED_EDGE('',*,*,#820,.F.);
#1083=ORIENTED_EDGE('',*,*,#821,.F.);
#1084=ORIENTED_EDGE('',*,*,#812,.T.);
#1085=ORIENTED_EDGE('',*,*,#822,.F.);
#1086=ORIENTED_EDGE('',*,*,#823,.F.);
#1087=ORIENTED_EDGE('',*,*,#824,.F.);
#1088=ORIENTED_EDGE('',*,*,#775,.T.);
#1089=ORIENTED_EDGE('',*,*,#825,.F.);
#1090=ORIENTED_EDGE('',*,*,#826,.F.);
#1091=ORIENTED_EDGE('',*,*,#827,.F.);
#1092=ORIENTED_EDGE('',*,*,#828,.F.);
#1093=ORIENTED_EDGE('',*,*,#793,.F.);
#1094=ORIENTED_EDGE('',*,*,#829,.T.);
#1095=ORIENTED_EDGE('',*,*,#830,.F.);
#1096=ORIENTED_EDGE('',*,*,#786,.T.);
#1097=ORIENTED_EDGE('',*,*,#831,.F.);
#1098=ORIENTED_EDGE('',*,*,#832,.F.);
#1099=ORIENTED_EDGE('',*,*,#833,.F.);
#1100=ORIENTED_EDGE('',*,*,#830,.T.);
#1101=ORIENTED_EDGE('',*,*,#834,.F.);
#1102=ORIENTED_EDGE('',*,*,#835,.T.);
#1103=ORIENTED_EDGE('',*,*,#836,.F.);
#1104=ORIENTED_EDGE('',*,*,#837,.T.);
#1105=ORIENTED_EDGE('',*,*,#838,.T.);
#1106=ORIENTED_EDGE('',*,*,#839,.F.);
#1107=ORIENTED_EDGE('',*,*,#840,.F.);
#1108=ORIENTED_EDGE('',*,*,#841,.F.);
#1109=ORIENTED_EDGE('',*,*,#842,.F.);
#1110=ORIENTED_EDGE('',*,*,#843,.F.);
#1111=ORIENTED_EDGE('',*,*,#844,.T.);
#1112=ORIENTED_EDGE('',*,*,#845,.F.);
#1113=ORIENTED_EDGE('',*,*,#846,.F.);
#1114=ORIENTED_EDGE('',*,*,#847,.F.);
#1115=ORIENTED_EDGE('',*,*,#848,.F.);
#1116=ORIENTED_EDGE('',*,*,#849,.F.);
#1117=ORIENTED_EDGE('',*,*,#850,.F.);
#1118=ORIENTED_EDGE('',*,*,#851,.F.);
#1119=ORIENTED_EDGE('',*,*,#852,.F.);
#1120=ORIENTED_EDGE('',*,*,#853,.F.);
#1121=ORIENTED_EDGE('',*,*,#854,.F.);
#1122=ORIENTED_EDGE('',*,*,#825,.T.);
#1123=ORIENTED_EDGE('',*,*,#774,.F.);
#1124=ORIENTED_EDGE('',*,*,#855,.T.);
#1125=ORIENTED_EDGE('',*,*,#770,.F.);
#1126=ORIENTED_EDGE('',*,*,#813,.T.);
#1127=ORIENTED_EDGE('',*,*,#824,.T.);
#1128=ORIENTED_EDGE('',*,*,#856,.T.);
#1129=ORIENTED_EDGE('',*,*,#857,.F.);
#1130=ORIENTED_EDGE('',*,*,#858,.T.);
#1131=ORIENTED_EDGE('',*,*,#859,.T.);
#1132=ORIENTED_EDGE('',*,*,#860,.T.);
#1133=ORIENTED_EDGE('',*,*,#861,.T.);
#1134=ORIENTED_EDGE('',*,*,#862,.F.);
#1135=ORIENTED_EDGE('',*,*,#863,.T.);
#1136=ORIENTED_EDGE('',*,*,#864,.T.);
#1137=ORIENTED_EDGE('',*,*,#865,.T.);
#1138=ORIENTED_EDGE('',*,*,#866,.T.);
#1139=ORIENTED_EDGE('',*,*,#834,.T.);
#1140=ORIENTED_EDGE('',*,*,#829,.F.);
#1141=ORIENTED_EDGE('',*,*,#792,.F.);
#1142=ORIENTED_EDGE('',*,*,#867,.F.);
#1143=ORIENTED_EDGE('',*,*,#787,.T.);
#1144=ORIENTED_EDGE('',*,*,#833,.T.);
#1145=ORIENTED_EDGE('',*,*,#868,.T.);
#1146=ORIENTED_EDGE('',*,*,#869,.T.);
#1147=ORIENTED_EDGE('',*,*,#870,.T.);
#1148=ORIENTED_EDGE('',*,*,#871,.T.);
#1149=ORIENTED_EDGE('',*,*,#872,.T.);
#1150=ORIENTED_EDGE('',*,*,#873,.T.);
#1151=ORIENTED_EDGE('',*,*,#874,.T.);
#1152=ORIENTED_EDGE('',*,*,#875,.T.);
#1153=ORIENTED_EDGE('',*,*,#876,.T.);
#1154=ORIENTED_EDGE('',*,*,#877,.F.);
#1155=ORIENTED_EDGE('',*,*,#878,.F.);
#1156=ORIENTED_EDGE('',*,*,#879,.F.);
#1157=ORIENTED_EDGE('',*,*,#880,.T.);
#1158=ORIENTED_EDGE('',*,*,#881,.F.);
#1159=ORIENTED_EDGE('',*,*,#882,.T.);
#1160=ORIENTED_EDGE('',*,*,#883,.T.);
#1161=ORIENTED_EDGE('',*,*,#884,.T.);
#1162=ORIENTED_EDGE('',*,*,#885,.T.);
#1163=ORIENTED_EDGE('',*,*,#886,.T.);
#1164=ORIENTED_EDGE('',*,*,#887,.T.);
#1165=ORIENTED_EDGE('',*,*,#881,.T.);
#1166=ORIENTED_EDGE('',*,*,#888,.F.);
#1167=ORIENTED_EDGE('',*,*,#889,.T.);
#1168=ORIENTED_EDGE('',*,*,#890,.T.);
#1169=ORIENTED_EDGE('',*,*,#891,.T.);
#1170=ORIENTED_EDGE('',*,*,#885,.F.);
#1171=ORIENTED_EDGE('',*,*,#884,.F.);
#1172=ORIENTED_EDGE('',*,*,#883,.F.);
#1173=ORIENTED_EDGE('',*,*,#892,.F.);
#1174=ORIENTED_EDGE('',*,*,#889,.F.);
#1175=ORIENTED_EDGE('',*,*,#893,.T.);
#1176=ORIENTED_EDGE('',*,*,#886,.F.);
#1177=ORIENTED_EDGE('',*,*,#887,.F.);
#1178=ORIENTED_EDGE('',*,*,#893,.F.);
#1179=ORIENTED_EDGE('',*,*,#888,.T.);
#1180=ORIENTED_EDGE('',*,*,#882,.F.);
#1181=ORIENTED_EDGE('',*,*,#890,.F.);
#1182=ORIENTED_EDGE('',*,*,#892,.T.);
#1183=ORIENTED_EDGE('',*,*,#894,.F.);
#1184=ORIENTED_EDGE('',*,*,#895,.F.);
#1185=ORIENTED_EDGE('',*,*,#896,.T.);
#1186=ORIENTED_EDGE('',*,*,#835,.F.);
#1187=ORIENTED_EDGE('',*,*,#866,.F.);
#1188=ORIENTED_EDGE('',*,*,#897,.T.);
#1189=ORIENTED_EDGE('',*,*,#898,.F.);
#1190=ORIENTED_EDGE('',*,*,#899,.F.);
#1191=ORIENTED_EDGE('',*,*,#897,.F.);
#1192=ORIENTED_EDGE('',*,*,#865,.F.);
#1193=ORIENTED_EDGE('',*,*,#900,.T.);
#1194=ORIENTED_EDGE('',*,*,#901,.F.);
#1195=ORIENTED_EDGE('',*,*,#900,.F.);
#1196=ORIENTED_EDGE('',*,*,#864,.F.);
#1197=ORIENTED_EDGE('',*,*,#902,.T.);
#1198=ORIENTED_EDGE('',*,*,#903,.F.);
#1199=ORIENTED_EDGE('',*,*,#904,.F.);
#1200=ORIENTED_EDGE('',*,*,#905,.F.);
#1201=ORIENTED_EDGE('',*,*,#862,.T.);
#1202=ORIENTED_EDGE('',*,*,#906,.F.);
#1203=ORIENTED_EDGE('',*,*,#902,.F.);
#1204=ORIENTED_EDGE('',*,*,#863,.F.);
#1205=ORIENTED_EDGE('',*,*,#905,.T.);
#1206=ORIENTED_EDGE('',*,*,#828,.T.);
#1207=ORIENTED_EDGE('',*,*,#836,.T.);
#1208=ORIENTED_EDGE('',*,*,#898,.T.);
#1209=ORIENTED_EDGE('',*,*,#899,.T.);
#1210=ORIENTED_EDGE('',*,*,#901,.T.);
#1211=ORIENTED_EDGE('',*,*,#906,.T.);
#1212=ORIENTED_EDGE('',*,*,#904,.T.);
#1213=ORIENTED_EDGE('',*,*,#907,.T.);
#1214=ORIENTED_EDGE('',*,*,#908,.F.);
#1215=ORIENTED_EDGE('',*,*,#909,.T.);
#1216=ORIENTED_EDGE('',*,*,#910,.T.);
#1217=ORIENTED_EDGE('',*,*,#831,.T.);
#1218=ORIENTED_EDGE('',*,*,#785,.T.);
#1219=ORIENTED_EDGE('',*,*,#794,.T.);
#1220=ORIENTED_EDGE('',*,*,#911,.F.);
#1221=ORIENTED_EDGE('',*,*,#912,.F.);
#1222=ORIENTED_EDGE('',*,*,#859,.F.);
#1223=ORIENTED_EDGE('',*,*,#913,.T.);
#1224=ORIENTED_EDGE('',*,*,#914,.F.);
#1225=ORIENTED_EDGE('',*,*,#915,.F.);
#1226=ORIENTED_EDGE('',*,*,#857,.T.);
#1227=ORIENTED_EDGE('',*,*,#916,.F.);
#1228=ORIENTED_EDGE('',*,*,#917,.F.);
#1229=ORIENTED_EDGE('',*,*,#913,.F.);
#1230=ORIENTED_EDGE('',*,*,#858,.F.);
#1231=ORIENTED_EDGE('',*,*,#915,.T.);
#1232=ORIENTED_EDGE('',*,*,#911,.T.);
#1233=ORIENTED_EDGE('',*,*,#917,.T.);
#1234=ORIENTED_EDGE('',*,*,#914,.T.);
#1235=ORIENTED_EDGE('',*,*,#918,.T.);
#1236=ORIENTED_EDGE('',*,*,#919,.F.);
#1237=ORIENTED_EDGE('',*,*,#920,.T.);
#1238=ORIENTED_EDGE('',*,*,#908,.T.);
#1239=ORIENTED_EDGE('',*,*,#921,.T.);
#1240=ORIENTED_EDGE('',*,*,#916,.T.);
#1241=ORIENTED_EDGE('',*,*,#856,.F.);
#1242=ORIENTED_EDGE('',*,*,#823,.T.);
#1243=ORIENTED_EDGE('',*,*,#918,.F.);
#1244=ORIENTED_EDGE('',*,*,#891,.F.);
#1245=ORIENTED_EDGE('',*,*,#922,.T.);
#1246=ORIENTED_EDGE('',*,*,#876,.F.);
#1247=ORIENTED_EDGE('',*,*,#922,.F.);
#1248=ORIENTED_EDGE('',*,*,#923,.F.);
#1249=ORIENTED_EDGE('',*,*,#924,.T.);
#1250=ORIENTED_EDGE('',*,*,#875,.F.);
#1251=ORIENTED_EDGE('',*,*,#924,.F.);
#1252=ORIENTED_EDGE('',*,*,#925,.T.);
#1253=ORIENTED_EDGE('',*,*,#896,.F.);
#1254=ORIENTED_EDGE('',*,*,#926,.T.);
#1255=ORIENTED_EDGE('',*,*,#927,.T.);
#1256=ORIENTED_EDGE('',*,*,#923,.T.);
#1257=ORIENTED_EDGE('',*,*,#928,.F.);
#1258=ORIENTED_EDGE('',*,*,#927,.F.);
#1259=ORIENTED_EDGE('',*,*,#929,.T.);
#1260=ORIENTED_EDGE('',*,*,#930,.T.);
#1261=ORIENTED_EDGE('',*,*,#929,.F.);
#1262=ORIENTED_EDGE('',*,*,#926,.F.);
#1263=ORIENTED_EDGE('',*,*,#895,.T.);
#1264=ORIENTED_EDGE('',*,*,#931,.T.);
#1265=ORIENTED_EDGE('',*,*,#932,.F.);
#1266=ORIENTED_EDGE('',*,*,#853,.T.);
#1267=ORIENTED_EDGE('',*,*,#933,.T.);
#1268=ORIENTED_EDGE('',*,*,#903,.T.);
#1269=ORIENTED_EDGE('',*,*,#861,.F.);
#1270=ORIENTED_EDGE('',*,*,#934,.T.);
#1271=ORIENTED_EDGE('',*,*,#907,.F.);
#1272=ORIENTED_EDGE('',*,*,#912,.T.);
#1273=ORIENTED_EDGE('',*,*,#921,.F.);
#1274=ORIENTED_EDGE('',*,*,#934,.F.);
#1275=ORIENTED_EDGE('',*,*,#860,.F.);
#1276=ORIENTED_EDGE('',*,*,#874,.F.);
#1277=ORIENTED_EDGE('',*,*,#935,.T.);
#1278=ORIENTED_EDGE('',*,*,#936,.F.);
#1279=ORIENTED_EDGE('',*,*,#826,.T.);
#1280=ORIENTED_EDGE('',*,*,#868,.F.);
#1281=ORIENTED_EDGE('',*,*,#832,.T.);
#1282=ORIENTED_EDGE('',*,*,#937,.F.);
#1283=ORIENTED_EDGE('',*,*,#938,.T.);
#1284=ORIENTED_EDGE('',*,*,#871,.F.);
#1285=ORIENTED_EDGE('',*,*,#939,.F.);
#1286=ORIENTED_EDGE('',*,*,#940,.F.);
#1287=ORIENTED_EDGE('',*,*,#941,.F.);
#1288=ORIENTED_EDGE('',*,*,#873,.F.);
#1289=ORIENTED_EDGE('',*,*,#942,.F.);
#1290=ORIENTED_EDGE('',*,*,#943,.F.);
#1291=ORIENTED_EDGE('',*,*,#935,.F.);
#1292=ORIENTED_EDGE('',*,*,#872,.F.);
#1293=ORIENTED_EDGE('',*,*,#941,.T.);
#1294=ORIENTED_EDGE('',*,*,#944,.F.);
#1295=ORIENTED_EDGE('',*,*,#942,.T.);
#1296=ORIENTED_EDGE('',*,*,#869,.F.);
#1297=ORIENTED_EDGE('',*,*,#938,.F.);
#1298=ORIENTED_EDGE('',*,*,#945,.F.);
#1299=ORIENTED_EDGE('',*,*,#946,.F.);
#1300=ORIENTED_EDGE('',*,*,#870,.F.);
#1301=ORIENTED_EDGE('',*,*,#946,.T.);
#1302=ORIENTED_EDGE('',*,*,#947,.F.);
#1303=ORIENTED_EDGE('',*,*,#939,.T.);
#1304=ORIENTED_EDGE('',*,*,#776,.T.);
#1305=ORIENTED_EDGE('',*,*,#827,.T.);
#1306=ORIENTED_EDGE('',*,*,#948,.F.);
#1307=ORIENTED_EDGE('',*,*,#949,.T.);
#1308=ORIENTED_EDGE('',*,*,#919,.T.);
#1309=ORIENTED_EDGE('',*,*,#822,.T.);
#1310=ORIENTED_EDGE('',*,*,#811,.T.);
#1311=ORIENTED_EDGE('',*,*,#768,.T.);
#1312=ORIENTED_EDGE('',*,*,#937,.T.);
#1313=ORIENTED_EDGE('',*,*,#910,.F.);
#1314=ORIENTED_EDGE('',*,*,#950,.T.);
#1315=ORIENTED_EDGE('',*,*,#951,.T.);
#1316=ORIENTED_EDGE('',*,*,#947,.T.);
#1317=ORIENTED_EDGE('',*,*,#945,.T.);
#1318=ORIENTED_EDGE('',*,*,#952,.F.);
#1319=ORIENTED_EDGE('',*,*,#953,.F.);
#1320=ORIENTED_EDGE('',*,*,#954,.F.);
#1321=ORIENTED_EDGE('',*,*,#955,.F.);
#1322=ORIENTED_EDGE('',*,*,#956,.F.);
#1323=ORIENTED_EDGE('',*,*,#957,.F.);
#1324=ORIENTED_EDGE('',*,*,#954,.T.);
#1325=ORIENTED_EDGE('',*,*,#958,.F.);
#1326=ORIENTED_EDGE('',*,*,#959,.F.);
#1327=ORIENTED_EDGE('',*,*,#949,.F.);
#1328=ORIENTED_EDGE('',*,*,#956,.T.);
#1329=ORIENTED_EDGE('',*,*,#960,.F.);
#1330=ORIENTED_EDGE('',*,*,#961,.F.);
#1331=ORIENTED_EDGE('',*,*,#920,.F.);
#1332=ORIENTED_EDGE('',*,*,#959,.T.);
#1333=ORIENTED_EDGE('',*,*,#962,.F.);
#1334=ORIENTED_EDGE('',*,*,#963,.F.);
#1335=ORIENTED_EDGE('',*,*,#909,.F.);
#1336=ORIENTED_EDGE('',*,*,#961,.T.);
#1337=ORIENTED_EDGE('',*,*,#964,.F.);
#1338=ORIENTED_EDGE('',*,*,#952,.T.);
#1339=ORIENTED_EDGE('',*,*,#950,.F.);
#1340=ORIENTED_EDGE('',*,*,#963,.T.);
#1341=ORIENTED_EDGE('',*,*,#965,.F.);
#1342=ORIENTED_EDGE('',*,*,#936,.T.);
#1343=ORIENTED_EDGE('',*,*,#943,.T.);
#1344=ORIENTED_EDGE('',*,*,#944,.T.);
#1345=ORIENTED_EDGE('',*,*,#966,.F.);
#1346=ORIENTED_EDGE('',*,*,#957,.T.);
#1347=ORIENTED_EDGE('',*,*,#948,.T.);
#1348=ORIENTED_EDGE('',*,*,#940,.T.);
#1349=ORIENTED_EDGE('',*,*,#951,.F.);
#1350=ORIENTED_EDGE('',*,*,#955,.T.);
#1351=ORIENTED_EDGE('',*,*,#966,.T.);
#1352=ORIENTED_EDGE('',*,*,#953,.T.);
#1353=ORIENTED_EDGE('',*,*,#965,.T.);
#1354=ORIENTED_EDGE('',*,*,#964,.T.);
#1355=ORIENTED_EDGE('',*,*,#962,.T.);
#1356=ORIENTED_EDGE('',*,*,#960,.T.);
#1357=ORIENTED_EDGE('',*,*,#958,.T.);
#1358=ORIENTED_EDGE('',*,*,#846,.T.);
#1359=ORIENTED_EDGE('',*,*,#967,.F.);
#1360=ORIENTED_EDGE('',*,*,#819,.T.);
#1361=ORIENTED_EDGE('',*,*,#968,.F.);
#1362=ORIENTED_EDGE('',*,*,#845,.T.);
#1363=ORIENTED_EDGE('',*,*,#969,.T.);
#1364=ORIENTED_EDGE('',*,*,#970,.T.);
#1365=ORIENTED_EDGE('',*,*,#967,.T.);
#1366=ORIENTED_EDGE('',*,*,#877,.T.);
#1367=ORIENTED_EDGE('',*,*,#969,.F.);
#1368=ORIENTED_EDGE('',*,*,#854,.T.);
#1369=ORIENTED_EDGE('',*,*,#932,.T.);
#1370=ORIENTED_EDGE('',*,*,#852,.T.);
#1371=ORIENTED_EDGE('',*,*,#971,.F.);
#1372=ORIENTED_EDGE('',*,*,#839,.T.);
#1373=ORIENTED_EDGE('',*,*,#933,.F.);
#1374=ORIENTED_EDGE('',*,*,#849,.T.);
#1375=ORIENTED_EDGE('',*,*,#972,.T.);
#1376=ORIENTED_EDGE('',*,*,#973,.T.);
#1377=ORIENTED_EDGE('',*,*,#974,.T.);
#1378=ORIENTED_EDGE('',*,*,#847,.T.);
#1379=ORIENTED_EDGE('',*,*,#968,.T.);
#1380=ORIENTED_EDGE('',*,*,#818,.T.);
#1381=ORIENTED_EDGE('',*,*,#975,.T.);
#1382=ORIENTED_EDGE('',*,*,#848,.T.);
#1383=ORIENTED_EDGE('',*,*,#975,.F.);
#1384=ORIENTED_EDGE('',*,*,#817,.T.);
#1385=ORIENTED_EDGE('',*,*,#972,.F.);
#1386=ORIENTED_EDGE('',*,*,#851,.T.);
#1387=ORIENTED_EDGE('',*,*,#976,.T.);
#1388=ORIENTED_EDGE('',*,*,#840,.T.);
#1389=ORIENTED_EDGE('',*,*,#971,.T.);
#1390=ORIENTED_EDGE('',*,*,#850,.T.);
#1391=ORIENTED_EDGE('',*,*,#974,.F.);
#1392=ORIENTED_EDGE('',*,*,#841,.T.);
#1393=ORIENTED_EDGE('',*,*,#976,.F.);
#1394=ORIENTED_EDGE('',*,*,#820,.T.);
#1395=ORIENTED_EDGE('',*,*,#970,.F.);
#1396=ORIENTED_EDGE('',*,*,#880,.F.);
#1397=ORIENTED_EDGE('',*,*,#977,.F.);
#1398=ORIENTED_EDGE('',*,*,#814,.T.);
#1399=ORIENTED_EDGE('',*,*,#821,.T.);
#1400=ORIENTED_EDGE('',*,*,#844,.F.);
#1401=ORIENTED_EDGE('',*,*,#978,.F.);
#1402=ORIENTED_EDGE('',*,*,#878,.T.);
#1403=ORIENTED_EDGE('',*,*,#931,.F.);
#1404=ORIENTED_EDGE('',*,*,#838,.F.);
#1405=ORIENTED_EDGE('',*,*,#837,.F.);
#1406=ORIENTED_EDGE('',*,*,#925,.F.);
#1407=ORIENTED_EDGE('',*,*,#928,.T.);
#1408=ORIENTED_EDGE('',*,*,#930,.F.);
#1409=ORIENTED_EDGE('',*,*,#894,.T.);
#1410=ORIENTED_EDGE('',*,*,#979,.T.);
#1411=ORIENTED_EDGE('',*,*,#980,.T.);
#1412=ORIENTED_EDGE('',*,*,#981,.T.);
#1413=ORIENTED_EDGE('',*,*,#982,.T.);
#1414=ORIENTED_EDGE('',*,*,#983,.T.);
#1415=ORIENTED_EDGE('',*,*,#984,.T.);
#1416=ORIENTED_EDGE('',*,*,#981,.F.);
#1417=ORIENTED_EDGE('',*,*,#815,.T.);
#1418=ORIENTED_EDGE('',*,*,#985,.T.);
#1419=ORIENTED_EDGE('',*,*,#986,.T.);
#1420=ORIENTED_EDGE('',*,*,#983,.F.);
#1421=ORIENTED_EDGE('',*,*,#977,.T.);
#1422=ORIENTED_EDGE('',*,*,#987,.T.);
#1423=ORIENTED_EDGE('',*,*,#988,.T.);
#1424=ORIENTED_EDGE('',*,*,#985,.F.);
#1425=ORIENTED_EDGE('',*,*,#879,.T.);
#1426=ORIENTED_EDGE('',*,*,#989,.T.);
#1427=ORIENTED_EDGE('',*,*,#990,.T.);
#1428=ORIENTED_EDGE('',*,*,#987,.F.);
#1429=ORIENTED_EDGE('',*,*,#978,.T.);
#1430=ORIENTED_EDGE('',*,*,#979,.F.);
#1431=ORIENTED_EDGE('',*,*,#991,.T.);
#1432=ORIENTED_EDGE('',*,*,#989,.F.);
#1433=ORIENTED_EDGE('',*,*,#843,.T.);
#1434=ORIENTED_EDGE('',*,*,#973,.F.);
#1435=ORIENTED_EDGE('',*,*,#816,.F.);
#1436=ORIENTED_EDGE('',*,*,#980,.F.);
#1437=ORIENTED_EDGE('',*,*,#842,.T.);
#1438=ORIENTED_EDGE('',*,*,#982,.F.);
#1439=ORIENTED_EDGE('',*,*,#984,.F.);
#1440=ORIENTED_EDGE('',*,*,#986,.F.);
#1441=ORIENTED_EDGE('',*,*,#988,.F.);
#1442=ORIENTED_EDGE('',*,*,#990,.F.);
#1443=ORIENTED_EDGE('',*,*,#991,.F.);
#1444=ORIENTED_EDGE('',*,*,#867,.T.);
#1445=ORIENTED_EDGE('',*,*,#791,.T.);
#1446=ORIENTED_EDGE('',*,*,#801,.F.);
#1447=ORIENTED_EDGE('',*,*,#799,.F.);
#1448=ORIENTED_EDGE('',*,*,#802,.T.);
#1449=ORIENTED_EDGE('',*,*,#781,.F.);
#1450=ORIENTED_EDGE('',*,*,#788,.F.);
#1451=ORIENTED_EDGE('',*,*,#855,.F.);
#1452=ORIENTED_EDGE('',*,*,#773,.T.);
#1453=ORIENTED_EDGE('',*,*,#761,.F.);
#1454=ORIENTED_EDGE('',*,*,#810,.F.);
#1455=ORIENTED_EDGE('',*,*,#808,.T.);
#1456=ORIENTED_EDGE('',*,*,#809,.F.);
#1457=ORIENTED_EDGE('',*,*,#771,.F.);
#1458=CYLINDRICAL_SURFACE('',#1589,0.5);
#1459=CYLINDRICAL_SURFACE('',#1595,1.5);
#1460=CYLINDRICAL_SURFACE('',#1605,0.5);
#1461=CYLINDRICAL_SURFACE('',#1609,1.5);
#1462=CYLINDRICAL_SURFACE('',#1614,1.5);
#1463=CYLINDRICAL_SURFACE('',#1620,1.5);
#1464=CYLINDRICAL_SURFACE('',#1627,2.5);
#1465=CYLINDRICAL_SURFACE('',#1629,2.5);
#1466=CYLINDRICAL_SURFACE('',#1633,2.5);
#1467=CYLINDRICAL_SURFACE('',#1635,2.5);
#1468=CYLINDRICAL_SURFACE('',#1646,2.4);
#1469=CYLINDRICAL_SURFACE('',#1651,3.90000000000001);
#1470=CYLINDRICAL_SURFACE('',#1656,3.9);
#1471=CYLINDRICAL_SURFACE('',#1661,3.9);
#1472=CYLINDRICAL_SURFACE('',#1662,1.1);
#1473=CYLINDRICAL_SURFACE('',#1663,1.1);
#1474=CYLINDRICAL_SURFACE('',#1668,2.4);
#1475=CYLINDRICAL_SURFACE('',#1669,4.);
#1476=CYLINDRICAL_SURFACE('',#1672,2.5);
#1477=CYLINDRICAL_SURFACE('',#1674,2.5);
#1478=CYLINDRICAL_SURFACE('',#1678,1.);
#1479=CYLINDRICAL_SURFACE('',#1682,1.);
#1480=CYLINDRICAL_SURFACE('',#1685,1.);
#1481=CYLINDRICAL_SURFACE('',#1691,4.);
#1482=CYLINDRICAL_SURFACE('',#1694,4.);
#1483=CYLINDRICAL_SURFACE('',#1701,2.5);
#1484=CYLINDRICAL_SURFACE('',#1705,2.5);
#1485=CYLINDRICAL_SURFACE('',#1708,2.5);
#1486=ADVANCED_FACE('',(#148),#1458,.F.);
#1487=ADVANCED_FACE('',(#149),#146,.F.);
#1488=ADVANCED_FACE('',(#150),#1459,.T.);
#1489=ADVANCED_FACE('',(#151),#49,.T.);
#1490=ADVANCED_FACE('',(#152),#147,.F.);
#1491=ADVANCED_FACE('',(#153),#1460,.F.);
#1492=ADVANCED_FACE('',(#154),#50,.T.);
#1493=ADVANCED_FACE('',(#155),#1461,.T.);
#1494=ADVANCED_FACE('',(#156),#51,.T.);
#1495=ADVANCED_FACE('',(#157),#1462,.T.);
#1496=ADVANCED_FACE('',(#158),#52,.T.);
#1497=ADVANCED_FACE('',(#159),#53,.F.);
#1498=ADVANCED_FACE('',(#160),#54,.T.);
#1499=ADVANCED_FACE('',(#161),#1463,.T.);
#1500=ADVANCED_FACE('',(#162),#55,.T.);
#1501=ADVANCED_FACE('',(#163),#56,.F.);
#1502=ADVANCED_FACE('',(#164),#57,.T.);
#1503=ADVANCED_FACE('',(#165),#22,.F.);
#1504=ADVANCED_FACE('',(#166),#1464,.F.);
#1505=ADVANCED_FACE('',(#167),#1465,.F.);
#1506=ADVANCED_FACE('',(#168),#58,.T.);
#1507=ADVANCED_FACE('',(#169),#1466,.F.);
#1508=ADVANCED_FACE('',(#170),#1467,.F.);
#1509=ADVANCED_FACE('',(#171),#23,.F.);
#1510=ADVANCED_FACE('',(#172,#15,#16,#17),#59,.F.);
#1511=ADVANCED_FACE('',(#173,#18),#24,.F.);
#1512=ADVANCED_FACE('',(#174,#19),#60,.F.);
#1513=ADVANCED_FACE('',(#175),#1468,.F.);
#1514=ADVANCED_FACE('',(#176),#61,.F.);
#1515=ADVANCED_FACE('',(#177),#62,.F.);
#1516=ADVANCED_FACE('',(#178),#63,.F.);
#1517=ADVANCED_FACE('',(#179),#64,.T.);
#1518=ADVANCED_FACE('',(#180),#1469,.T.);
#1519=ADVANCED_FACE('',(#181),#65,.T.);
#1520=ADVANCED_FACE('',(#182),#66,.T.);
#1521=ADVANCED_FACE('',(#183),#1470,.T.);
#1522=ADVANCED_FACE('',(#184),#67,.T.);
#1523=ADVANCED_FACE('',(#185),#68,.T.);
#1524=ADVANCED_FACE('',(#186),#69,.T.);
#1525=ADVANCED_FACE('',(#187),#1471,.T.);
#1526=ADVANCED_FACE('',(#188),#25,.T.);
#1527=ADVANCED_FACE('',(#189),#26,.T.);
#1528=ADVANCED_FACE('',(#190),#1472,.F.);
#1529=ADVANCED_FACE('',(#191),#1473,.F.);
#1530=ADVANCED_FACE('',(#192,#20),#70,.F.);
#1531=ADVANCED_FACE('',(#193),#71,.F.);
#1532=ADVANCED_FACE('',(#194),#1474,.F.);
#1533=ADVANCED_FACE('',(#195),#1475,.T.);
#1534=ADVANCED_FACE('',(#196),#1476,.F.);
#1535=ADVANCED_FACE('',(#197),#27,.T.);
#1536=ADVANCED_FACE('',(#198),#28,.T.);
#1537=ADVANCED_FACE('',(#199),#29,.T.);
#1538=ADVANCED_FACE('',(#200),#1477,.F.);
#1539=ADVANCED_FACE('',(#201),#30,.T.);
#1540=ADVANCED_FACE('',(#202),#31,.T.);
#1541=ADVANCED_FACE('',(#203),#32,.T.);
#1542=ADVANCED_FACE('',(#204),#33,.T.);
#1543=ADVANCED_FACE('',(#205),#72,.T.);
#1544=ADVANCED_FACE('',(#206),#34,.T.);
#1545=ADVANCED_FACE('',(#207),#1478,.F.);
#1546=ADVANCED_FACE('',(#208),#35,.T.);
#1547=ADVANCED_FACE('',(#209),#1479,.F.);
#1548=ADVANCED_FACE('',(#210),#36,.T.);
#1549=ADVANCED_FACE('',(#211),#1480,.F.);
#1550=ADVANCED_FACE('',(#212),#37,.T.);
#1551=ADVANCED_FACE('',(#213),#38,.T.);
#1552=ADVANCED_FACE('',(#214),#73,.T.);
#1553=ADVANCED_FACE('',(#215),#74,.F.);
#1554=ADVANCED_FACE('',(#216),#39,.F.);
#1555=ADVANCED_FACE('',(#217),#1481,.T.);
#1556=ADVANCED_FACE('',(#218),#40,.F.);
#1557=ADVANCED_FACE('',(#219),#41,.F.);
#1558=ADVANCED_FACE('',(#220),#1482,.T.);
#1559=ADVANCED_FACE('',(#221),#42,.F.);
#1560=ADVANCED_FACE('',(#222),#43,.F.);
#1561=ADVANCED_FACE('',(#223),#44,.F.);
#1562=ADVANCED_FACE('',(#224),#45,.F.);
#1563=ADVANCED_FACE('',(#225),#75,.F.);
#1564=ADVANCED_FACE('',(#226,#21),#76,.F.);
#1565=ADVANCED_FACE('',(#227),#1483,.T.);
#1566=ADVANCED_FACE('',(#228),#46,.F.);
#1567=ADVANCED_FACE('',(#229),#1484,.T.);
#1568=ADVANCED_FACE('',(#230),#47,.F.);
#1569=ADVANCED_FACE('',(#231),#1485,.T.);
#1570=ADVANCED_FACE('',(#232),#48,.F.);
#1571=ADVANCED_FACE('',(#233),#77,.F.);
#1572=ADVANCED_FACE('',(#234),#78,.T.);
#1573=ADVANCED_FACE('',(#235),#79,.T.);
#1574=ADVANCED_FACE('',(#236),#80,.T.);
#1575=CLOSED_SHELL('',(#1486,#1487,#1488,#1489,#1490,#1491,#1492,#1493,
#1494,#1495,#1496,#1497,#1498,#1499,#1500,#1501,#1502,#1503,#1504,#1505,
#1506,#1507,#1508,#1509,#1510,#1511,#1512,#1513,#1514,#1515,#1516,#1517,
#1518,#1519,#1520,#1521,#1522,#1523,#1524,#1525,#1526,#1527,#1528,#1529,
#1530,#1531,#1532,#1533,#1534,#1535,#1536,#1537,#1538,#1539,#1540,#1541,
#1542,#1543,#1544,#1545,#1546,#1547,#1548,#1549,#1550,#1551,#1552,#1553,
#1554,#1555,#1556,#1557,#1558,#1559,#1560,#1561,#1562,#1563,#1564,#1565,
#1566,#1567,#1568,#1569,#1570,#1571,#1572,#1573,#1574));
#1576=DERIVED_UNIT_ELEMENT(#1578,1.);
#1577=DERIVED_UNIT_ELEMENT(#3701,-3.);
#1578=(
MASS_UNIT()
NAMED_UNIT(*)
SI_UNIT(.KILO.,.GRAM.)
);
#1579=DERIVED_UNIT((#1576,#1577));
#1580=MEASURE_REPRESENTATION_ITEM('density measure',
POSITIVE_RATIO_MEASURE(7850.),#1579);
#1581=PROPERTY_DEFINITION_REPRESENTATION(#1586,#1583);
#1582=PROPERTY_DEFINITION_REPRESENTATION(#1587,#1584);
#1583=REPRESENTATION('material name',(#1585),#3698);
#1584=REPRESENTATION('density',(#1580),#3698);
#1585=DESCRIPTIVE_REPRESENTATION_ITEM('\X2\92FC\X0\','\X2\92FC\X0\');
#1586=PROPERTY_DEFINITION('material property','material name',#3708);
#1587=PROPERTY_DEFINITION('material property','density of part',#3708);
#1588=AXIS2_PLACEMENT_3D('',#2075,#1714,#1715);
#1589=AXIS2_PLACEMENT_3D('',#2076,#1716,#1717);
#1590=AXIS2_PLACEMENT_3D('',#2079,#1718,#1719);
#1591=AXIS2_PLACEMENT_3D('',#2083,#1721,#1722);
#1592=AXIS2_PLACEMENT_3D('',#2085,#1724,#1725);
#1593=AXIS2_PLACEMENT_3D('',#2092,#1726,#1727);
#1594=AXIS2_PLACEMENT_3D('',#2093,#1728,#1729);
#1595=AXIS2_PLACEMENT_3D('',#2094,#1730,#1731);
#1596=AXIS2_PLACEMENT_3D('',#2100,#1734,#1735);
#1597=AXIS2_PLACEMENT_3D('',#2104,#1737,#1738);
#1598=AXIS2_PLACEMENT_3D('',#2107,#1740,#1741);
#1599=AXIS2_PLACEMENT_3D('',#2108,#1742,#1743);
#1600=AXIS2_PLACEMENT_3D('',#2114,#1746,#1747);
#1601=AXIS2_PLACEMENT_3D('',#2116,#1749,#1750);
#1602=AXIS2_PLACEMENT_3D('',#2119,#1751,#1752);
#1603=AXIS2_PLACEMENT_3D('',#2121,#1753,#1754);
#1604=AXIS2_PLACEMENT_3D('',#2127,#1755,#1756);
#1605=AXIS2_PLACEMENT_3D('',#2128,#1757,#1758);
#1606=AXIS2_PLACEMENT_3D('',#2131,#1759,#1760);
#1607=AXIS2_PLACEMENT_3D('',#2134,#1763,#1764);
#1608=AXIS2_PLACEMENT_3D('',#2140,#1767,#1768);
#1609=AXIS2_PLACEMENT_3D('',#2144,#1771,#1772);
#1610=AXIS2_PLACEMENT_3D('',#2148,#1774,#1775);
#1611=AXIS2_PLACEMENT_3D('',#2152,#1777,#1778);
#1612=AXIS2_PLACEMENT_3D('',#2155,#1780,#1781);
#1613=AXIS2_PLACEMENT_3D('',#2156,#1782,#1783);
#1614=AXIS2_PLACEMENT_3D('',#2162,#1787,#1788);
#1615=AXIS2_PLACEMENT_3D('',#2164,#1789,#1790);
#1616=AXIS2_PLACEMENT_3D('',#2167,#1792,#1793);
#1617=AXIS2_PLACEMENT_3D('',#2168,#1794,#1795);
#1618=AXIS2_PLACEMENT_3D('',#2170,#1797,#1798);
#1619=AXIS2_PLACEMENT_3D('',#2172,#1800,#1801);
#1620=AXIS2_PLACEMENT_3D('',#2178,#1805,#1806);
#1621=AXIS2_PLACEMENT_3D('',#2180,#1807,#1808);
#1622=AXIS2_PLACEMENT_3D('',#2182,#1809,#1810);
#1623=AXIS2_PLACEMENT_3D('',#2184,#1812,#1813);
#1624=AXIS2_PLACEMENT_3D('',#2186,#1815,#1816);
#1625=AXIS2_PLACEMENT_3D('',#2188,#1818,#1819);
#1626=AXIS2_PLACEMENT_3D('',#2192,#1821,#1822);
#1627=AXIS2_PLACEMENT_3D('',#2255,#1828,#1829);
#1628=AXIS2_PLACEMENT_3D('',#2259,#1831,#1832);
#1629=AXIS2_PLACEMENT_3D('',#2261,#1834,#1835);
#1630=AXIS2_PLACEMENT_3D('',#2265,#1837,#1838);
#1631=AXIS2_PLACEMENT_3D('',#2267,#1840,#1841);
#1632=AXIS2_PLACEMENT_3D('',#2272,#1844,#1845);
#1633=AXIS2_PLACEMENT_3D('',#2273,#1846,#1847);
#1634=AXIS2_PLACEMENT_3D('',#2277,#1849,#1850);
#1635=AXIS2_PLACEMENT_3D('',#2279,#1852,#1853);
#1636=AXIS2_PLACEMENT_3D('',#2283,#1855,#1856);
#1637=AXIS2_PLACEMENT_3D('',#2346,#1862,#1863);
#1638=AXIS2_PLACEMENT_3D('',#2448,#1869,#1870);
#1639=AXIS2_PLACEMENT_3D('',#2470,#1874,#1875);
#1640=AXIS2_PLACEMENT_3D('',#2474,#1877,#1878);
#1641=AXIS2_PLACEMENT_3D('',#2568,#1882,#1883);
#1642=AXIS2_PLACEMENT_3D('',#2570,#1884,#1885);
#1643=AXIS2_PLACEMENT_3D('',#2732,#1888,#1889);
#1644=AXIS2_PLACEMENT_3D('',#2736,#1891,#1892);
#1645=AXIS2_PLACEMENT_3D('',#2739,#1894,#1895);
#1646=AXIS2_PLACEMENT_3D('',#2740,#1896,#1897);
#1647=AXIS2_PLACEMENT_3D('',#2743,#1900,#1901);
#1648=AXIS2_PLACEMENT_3D('',#2744,#1902,#1903);
#1649=AXIS2_PLACEMENT_3D('',#2745,#1904,#1905);
#1650=AXIS2_PLACEMENT_3D('',#2752,#1909,#1910);
#1651=AXIS2_PLACEMENT_3D('',#2756,#1913,#1914);
#1652=AXIS2_PLACEMENT_3D('',#2758,#1915,#1916);
#1653=AXIS2_PLACEMENT_3D('',#2760,#1918,#1919);
#1654=AXIS2_PLACEMENT_3D('',#2764,#1922,#1923);
#1655=AXIS2_PLACEMENT_3D('',#2766,#1924,#1925);
#1656=AXIS2_PLACEMENT_3D('',#2770,#1928,#1929);
#1657=AXIS2_PLACEMENT_3D('',#2771,#1930,#1931);
#1658=AXIS2_PLACEMENT_3D('',#2772,#1932,#1933);
#1659=AXIS2_PLACEMENT_3D('',#2780,#1938,#1939);
#1660=AXIS2_PLACEMENT_3D('',#2794,#1941,#1942);
#1661=AXIS2_PLACEMENT_3D('',#2808,#1944,#1945);
#1662=AXIS2_PLACEMENT_3D('',#2924,#1947,#1948);
#1663=AXIS2_PLACEMENT_3D('',#2926,#1950,#1951);
#1664=AXIS2_PLACEMENT_3D('',#2928,#1952,#1953);
#1665=AXIS2_PLACEMENT_3D('',#2930,#1955,#1956);
#1666=AXIS2_PLACEMENT_3D('',#2934,#1958,#1959);
#1667=AXIS2_PLACEMENT_3D('',#2936,#1961,#1962);
#1668=AXIS2_PLACEMENT_3D('',#2940,#1965,#1966);
#1669=AXIS2_PLACEMENT_3D('',#2954,#1967,#1968);
#1670=AXIS2_PLACEMENT_3D('',#2956,#1970,#1971);
#1671=AXIS2_PLACEMENT_3D('',#2957,#1972,#1973);
#1672=AXIS2_PLACEMENT_3D('',#2958,#1974,#1975);
#1673=AXIS2_PLACEMENT_3D('',#2959,#1976,#1977);
#1674=AXIS2_PLACEMENT_3D('',#3038,#1978,#1979);
#1675=AXIS2_PLACEMENT_3D('',#3040,#1980,#1981);
#1676=AXIS2_PLACEMENT_3D('',#3043,#1983,#1984);
#1677=AXIS2_PLACEMENT_3D('',#3144,#1985,#1986);
#1678=AXIS2_PLACEMENT_3D('',#3184,#1990,#1991);
#1679=AXIS2_PLACEMENT_3D('',#3186,#1992,#1993);
#1680=AXIS2_PLACEMENT_3D('',#3190,#1995,#1996);
#1681=AXIS2_PLACEMENT_3D('',#3223,#1998,#1999);
#1682=AXIS2_PLACEMENT_3D('',#3236,#2000,#2001);
#1683=AXIS2_PLACEMENT_3D('',#3238,#2002,#2003);
#1684=AXIS2_PLACEMENT_3D('',#3286,#2005,#2006);
#1685=AXIS2_PLACEMENT_3D('',#3296,#2007,#2008);
#1686=AXIS2_PLACEMENT_3D('',#3298,#2009,#2010);
#1687=AXIS2_PLACEMENT_3D('',#3365,#2013,#2014);
#1688=AXIS2_PLACEMENT_3D('',#3366,#2015,#2016);
#1689=AXIS2_PLACEMENT_3D('',#3383,#2017,#2018);
#1690=AXIS2_PLACEMENT_3D('',#3384,#2019,#2020);
#1691=AXIS2_PLACEMENT_3D('',#3385,#2021,#2022);
#1692=AXIS2_PLACEMENT_3D('',#3386,#2023,#2024);
#1693=AXIS2_PLACEMENT_3D('',#3444,#2026,#2027);
#1694=AXIS2_PLACEMENT_3D('',#3445,#2028,#2029);
#1695=AXIS2_PLACEMENT_3D('',#3446,#2030,#2031);
#1696=AXIS2_PLACEMENT_3D('',#3448,#2033,#2034);
#1697=AXIS2_PLACEMENT_3D('',#3473,#2035,#2036);
#1698=AXIS2_PLACEMENT_3D('',#3514,#2037,#2038);
#1699=AXIS2_PLACEMENT_3D('',#3531,#2039,#2040);
#1700=AXIS2_PLACEMENT_3D('',#3533,#2042,#2043);
#1701=AXIS2_PLACEMENT_3D('',#3535,#2045,#2046);
#1702=AXIS2_PLACEMENT_3D('',#3537,#2047,#2048);
#1703=AXIS2_PLACEMENT_3D('',#3540,#2050,#2051);
#1704=AXIS2_PLACEMENT_3D('',#3578,#2053,#2054);
#1705=AXIS2_PLACEMENT_3D('',#3586,#2055,#2056);
#1706=AXIS2_PLACEMENT_3D('',#3588,#2057,#2058);
#1707=AXIS2_PLACEMENT_3D('',#3636,#2060,#2061);
#1708=AXIS2_PLACEMENT_3D('',#3646,#2062,#2063);
#1709=AXIS2_PLACEMENT_3D('',#3648,#2064,#2065);
#1710=AXIS2_PLACEMENT_3D('',#3692,#2067,#2068);
#1711=AXIS2_PLACEMENT_3D('',#3693,#2069,#2070);
#1712=AXIS2_PLACEMENT_3D('',#3694,#2071,#2072);
#1713=AXIS2_PLACEMENT_3D('',#3695,#2073,#2074);
#1714=DIRECTION('axis',(0.,0.,1.));
#1715=DIRECTION('refdir',(1.,0.,0.));
#1716=DIRECTION('center_axis',(0.,-9.40521413923412E-47,1.));
#1717=DIRECTION('ref_axis',(-0.707106781186552,-0.707106781186543,0.));
#1718=DIRECTION('center_axis',(0.,0.,1.));
#1719=DIRECTION('ref_axis',(-1.,0.,0.));
#1720=DIRECTION('',(0.,9.40521413923412E-47,-1.));
#1721=DIRECTION('center_axis',(1.48029736616688E-15,0.,-1.));
#1722=DIRECTION('ref_axis',(-0.707106781186552,-0.707106781186543,0.));
#1723=DIRECTION('',(0.,-9.40521413923412E-47,1.));
#1724=DIRECTION('center_axis',(0.,-1.,-9.40521413923412E-47));
#1725=DIRECTION('ref_axis',(0.,0.,-1.));
#1726=DIRECTION('center_axis',(0.,1.,9.40521413923412E-47));
#1727=DIRECTION('ref_axis',(0.707106781186546,-6.65049069636406E-47,0.707106781186549));
#1728=DIRECTION('center_axis',(0.,-1.,-9.40521413923412E-47));
#1729=DIRECTION('ref_axis',(0.707106781186546,0.,0.707106781186549));
#1730=DIRECTION('center_axis',(0.,-1.,0.));
#1731=DIRECTION('ref_axis',(-0.707106781186548,0.,0.707106781186547));
#1732=DIRECTION('',(0.,-1.,0.));
#1733=DIRECTION('',(0.,-1.,0.));
#1734=DIRECTION('center_axis',(-1.13319421933281E-13,0.451492962230225,
-0.892274680273164));
#1735=DIRECTION('ref_axis',(1.33668768566456E-15,-0.892274680273164,-0.451492962230225));
#1736=DIRECTION('',(0.,1.,0.));
#1737=DIRECTION('center_axis',(-2.78450274370874E-61,-1.,9.40521413923412E-47));
#1738=DIRECTION('ref_axis',(1.,0.,2.96059473233374E-15));
#1739=DIRECTION('',(0.,-1.,0.));
#1740=DIRECTION('center_axis',(0.,-1.,-9.40521413923412E-47));
#1741=DIRECTION('ref_axis',(0.,-9.40521413923412E-47,1.));
#1742=DIRECTION('center_axis',(1.,0.,0.));
#1743=DIRECTION('ref_axis',(0.,-9.40521413923412E-47,1.));
#1744=DIRECTION('',(0.,-1.,0.));
#1745=DIRECTION('',(0.,9.40521413923412E-47,-1.));
#1746=DIRECTION('center_axis',(-1.,0.,0.));
#1747=DIRECTION('ref_axis',(-1.2326985751206E-13,0.232083303715322,-0.972695913498449));
#1748=DIRECTION('',(0.,-0.892274680273164,-0.451492962230225));
#1749=DIRECTION('center_axis',(-9.40521413923414E-47,-1.,1.58006247289443E-62));
#1750=DIRECTION('ref_axis',(0.,0.,-1.));
#1751=DIRECTION('center_axis',(0.,0.,1.));
#1752=DIRECTION('ref_axis',(-1.,0.,0.));
#1753=DIRECTION('center_axis',(9.40521413923414E-47,1.,-1.58006247289443E-62));
#1754=DIRECTION('ref_axis',(0.707106781186547,-6.65049069636406E-47,-0.707106781186547));
#1755=DIRECTION('center_axis',(-9.40521413923414E-47,-1.,1.58006247289443E-62));
#1756=DIRECTION('ref_axis',(0.707106781186547,0.,-0.707106781186547));
#1757=DIRECTION('center_axis',(0.,1.58006247289443E-62,1.));
#1758=DIRECTION('ref_axis',(-0.70710678118654,-0.707106781186555,0.));
#1759=DIRECTION('center_axis',(0.,0.,1.));
#1760=DIRECTION('ref_axis',(-0.70710678118654,-0.707106781186555,0.));
#1761=DIRECTION('',(0.,-1.58006247289443E-62,-1.));
#1762=DIRECTION('',(0.,1.58006247289443E-62,1.));
#1763=DIRECTION('center_axis',(1.,0.,0.));
#1764=DIRECTION('ref_axis',(0.,9.40521413923412E-47,1.));
#1765=DIRECTION('',(0.,1.,0.));
#1766=DIRECTION('',(0.,0.89227466513818,-0.451492992141129));
#1767=DIRECTION('center_axis',(-1.,0.,0.));
#1768=DIRECTION('ref_axis',(1.14138757412069E-14,0.232083320018717,0.972695909608491));
#1769=DIRECTION('',(0.,9.40521413923412E-47,1.));
#1770=DIRECTION('',(0.,-1.,0.));
#1771=DIRECTION('center_axis',(0.,-1.,0.));
#1772=DIRECTION('ref_axis',(-0.707106781186547,0.,-0.707106781186548));
#1773=DIRECTION('',(0.,-1.,0.));
#1774=DIRECTION('center_axis',(0.,-1.,9.40521413923413E-47));
#1775=DIRECTION('ref_axis',(0.,9.40521413923413E-47,1.));
#1776=DIRECTION('',(0.,-1.,0.));
#1777=DIRECTION('center_axis',(0.,-1.,9.40521413923413E-47));
#1778=DIRECTION('ref_axis',(0.,9.40521413923413E-47,1.));
#1779=DIRECTION('',(0.,1.,0.));
#1780=DIRECTION('center_axis',(1.00968114817782E-14,0.451492992141129,0.89227466513818));
#1781=DIRECTION('ref_axis',(0.,-0.89227466513818,0.451492992141129));
#1782=DIRECTION('center_axis',(0.,0.,-1.));
#1783=DIRECTION('ref_axis',(1.,0.,0.));
#1784=DIRECTION('',(-1.,0.,0.));
#1785=DIRECTION('',(0.,-1.,0.));
#1786=DIRECTION('',(1.,0.,0.));
#1787=DIRECTION('center_axis',(0.,-1.,0.));
#1788=DIRECTION('ref_axis',(0.,0.,-1.));
#1789=DIRECTION('center_axis',(-9.40521413923414E-47,-1.,1.62057689527634E-62));
#1790=DIRECTION('ref_axis',(0.,-1.62057689527634E-62,-1.));
#1791=DIRECTION('',(0.,-1.,0.));
#1792=DIRECTION('center_axis',(-9.40521413923414E-47,-1.,1.62057689527634E-62));
#1793=DIRECTION('ref_axis',(0.,-1.62057689527634E-62,-1.));
#1794=DIRECTION('center_axis',(-9.40521413923414E-47,-1.,1.58006247289443E-62));
#1795=DIRECTION('ref_axis',(1.,-9.40521413923414E-47,0.));
#1796=DIRECTION('',(-1.,9.40521413923414E-47,0.));
#1797=DIRECTION('center_axis',(-9.40521413923414E-47,-1.,1.58006247289443E-62));
#1798=DIRECTION('ref_axis',(1.,-9.40521413923414E-47,0.));
#1799=DIRECTION('',(-1.,9.40521413923414E-47,0.));
#1800=DIRECTION('center_axis',(-1.48029736616688E-15,0.,1.));
#1801=DIRECTION('ref_axis',(-1.,0.,-1.48029736616688E-15));
#1802=DIRECTION('',(-1.,0.,-1.48029736616688E-15));
#1803=DIRECTION('',(-1.,0.,-1.48029736616688E-15));
#1804=DIRECTION('',(0.,-1.,0.));
#1805=DIRECTION('center_axis',(0.,-1.,0.));
#1806=DIRECTION('ref_axis',(0.,0.,-1.));
#1807=DIRECTION('center_axis',(-9.40521413923414E-47,-1.,0.));
#1808=DIRECTION('ref_axis',(0.,0.,-1.));
#1809=DIRECTION('center_axis',(-9.40521413923414E-47,-1.,0.));
#1810=DIRECTION('ref_axis',(0.,0.,-1.));
#1811=DIRECTION('',(0.,-1.,0.));
#1812=DIRECTION('center_axis',(0.,-1.,-9.40521413923412E-47));
#1813=DIRECTION('ref_axis',(1.,0.,0.));
#1814=DIRECTION('',(1.,-9.40521413923414E-47,1.48029736616688E-15));
#1815=DIRECTION('center_axis',(0.,-1.,-9.40521413923412E-47));
#1816=DIRECTION('ref_axis',(1.,0.,0.));
#1817=DIRECTION('',(-1.,9.40521413923414E-47,-1.48029736616688E-15));
#1818=DIRECTION('center_axis',(-1.,0.,0.));
#1819=DIRECTION('ref_axis',(0.,-9.40521413923413E-47,1.));
#1820=DIRECTION('',(0.,0.892274680273164,0.451492962230225));
#1821=DIRECTION('center_axis',(1.,0.,0.));
#1822=DIRECTION('ref_axis',(-1.2326985751206E-13,0.232083303715322,-0.972695913498449));
#1823=DIRECTION('',(0.,9.40521413923413E-47,-1.));
#1824=DIRECTION('',(0.355625735019548,-0.833945299986167,-0.42197816676078));
#1825=DIRECTION('',(0.42536665835144,-0.833741960649891,-0.352047651624897));
#1826=DIRECTION('',(0.355625735019548,-0.833945299986167,-0.42197816676078));
#1827=DIRECTION('',(0.355625735019548,-0.833945299986167,-0.42197816676078));
#1828=DIRECTION('center_axis',(-1.,1.10870816837731E-17,1.27006212524084E-13));
#1829=DIRECTION('ref_axis',(-1.2326985751206E-13,0.232083303715322,-0.972695913498449));
#1830=DIRECTION('',(1.,-1.10870816837731E-17,-1.27006212524084E-13));
#1831=DIRECTION('center_axis',(1.,-3.11931194893892E-8,-1.27675623748605E-13));
#1832=DIRECTION('ref_axis',(-1.27675623761592E-13,-4.16333555744322E-16,
-1.));
#1833=DIRECTION('',(-1.,1.10870816837731E-17,1.27006212524084E-13));
#1834=DIRECTION('center_axis',(-1.,1.10870816837731E-17,1.27006212524084E-13));
#1835=DIRECTION('ref_axis',(-1.2326985751206E-13,0.232083303715322,-0.972695913498449));
#1836=DIRECTION('',(-1.,1.10870816837731E-17,1.27006212524084E-13));
#1837=DIRECTION('center_axis',(-1.,-6.90209115789315E-16,1.26565424807268E-13));
#1838=DIRECTION('ref_axis',(-1.13242748511788E-13,0.451492962230225,-0.892274680273164));
#1839=DIRECTION('',(1.,-1.10870816837731E-17,-1.27006212524084E-13));
#1840=DIRECTION('center_axis',(-1.,0.,0.));
#1841=DIRECTION('ref_axis',(0.,9.40521413923413E-47,1.));
#1842=DIRECTION('',(0.,-0.89227466513818,0.451492992141129));
#1843=DIRECTION('',(0.,9.40521413923413E-47,1.));
#1844=DIRECTION('center_axis',(1.,0.,0.));
#1845=DIRECTION('ref_axis',(1.14138757412069E-14,0.232083320018717,0.972695909608491));
#1846=DIRECTION('center_axis',(1.,-1.72453738820157E-16,-1.12285490316827E-14));
#1847=DIRECTION('ref_axis',(1.14138757412069E-14,0.232083320018717,0.972695909608491));
#1848=DIRECTION('',(-1.,1.72453738820158E-16,1.12285490316827E-14));
#1849=DIRECTION('center_axis',(-1.,2.64897017630025E-15,1.11022302462516E-14));
#1850=DIRECTION('ref_axis',(1.11022302462516E-14,4.16333634234434E-16,1.));
#1851=DIRECTION('',(1.,-1.72453738820157E-16,-1.12285490316827E-14));
#1852=DIRECTION('center_axis',(1.,-1.72453738820157E-16,-1.12285490316827E-14));
#1853=DIRECTION('ref_axis',(1.14138757412069E-14,0.232083320018717,0.972695909608491));
#1854=DIRECTION('',(1.,-1.72453738820157E-16,-1.12285490316827E-14));
#1855=DIRECTION('center_axis',(-1.,0.,5.10802736467612E-16));
#1856=DIRECTION('ref_axis',(1.14138757412069E-14,0.232083320018717,0.972695909608491));
#1857=DIRECTION('',(-1.,1.72453738820158E-16,1.12285490316827E-14));
#1858=DIRECTION('',(0.355625738412198,-0.833945284688757,0.421978194133496));
#1859=DIRECTION('',(0.355625738412198,-0.833945284688757,0.421978194133496));
#1860=DIRECTION('',(0.425366654579068,-0.833741953255833,0.352047673694005));
#1861=DIRECTION('',(0.355625738412198,-0.833945284688757,0.421978194133496));
#1862=DIRECTION('center_axis',(2.19674523558433E-17,1.,-3.25723716780891E-16));
#1863=DIRECTION('ref_axis',(0.,3.25723716780891E-16,1.));
#1864=DIRECTION('',(-1.,1.10870816837731E-17,1.27006212524084E-13));
#1865=DIRECTION('',(-4.41330887106467E-16,-1.36911285162795E-16,-1.));
#1866=DIRECTION('',(1.,-1.72453738820157E-16,-1.12285490316827E-14));
#1867=DIRECTION('',(-1.,9.40521413923414E-47,-1.48029736616688E-15));
#1868=DIRECTION('',(-0.576521078624143,-2.03592994681342E-16,-0.817082276091004));
#1869=DIRECTION('center_axis',(0.,-1.,0.));
#1870=DIRECTION('ref_axis',(0.817082276091005,0.,-0.576521078624141));
#1871=DIRECTION('',(-0.576521078624142,0.,-0.817082276091004));
#1872=DIRECTION('',(1.,-1.72453738820157E-16,-1.12285490316827E-14));
#1873=DIRECTION('',(2.55401368233806E-16,0.,1.));
#1874=DIRECTION('center_axis',(0.,-1.,0.));
#1875=DIRECTION('ref_axis',(-1.,0.,0.));
#1876=DIRECTION('',(1.,0.,0.));
#1877=DIRECTION('center_axis',(0.,-1.,0.));
#1878=DIRECTION('ref_axis',(0.745355992499933,0.,-0.666666666666663));
#1879=DIRECTION('',(5.10802736467612E-16,0.,1.));
#1880=DIRECTION('',(-1.,9.40521413923414E-47,0.));
#1881=DIRECTION('',(-4.41330887106467E-16,-1.36911285162795E-16,-1.));
#1882=DIRECTION('center_axis',(-1.3011987543865E-33,1.,-1.68101331401689E-47));
#1883=DIRECTION('ref_axis',(1.,1.3011987543865E-33,0.));
#1884=DIRECTION('center_axis',(-1.3011987543865E-33,1.,-1.68101331401689E-47));
#1885=DIRECTION('ref_axis',(1.,1.3011987543865E-33,0.));
#1886=DIRECTION('',(-1.87847177226124E-8,-0.892274665138179,0.451492992141129));
#1887=DIRECTION('',(-5.90259941981696E-8,-0.892274665138194,-0.451492992141096));
#1888=DIRECTION('center_axis',(0.,-1.,0.));
#1889=DIRECTION('ref_axis',(1.,0.,0.));
#1890=DIRECTION('',(-0.576521078624139,0.,-0.817082276091006));
#1891=DIRECTION('center_axis',(0.,1.,0.));
#1892=DIRECTION('ref_axis',(0.817082276091002,0.,-0.576521078624144));
#1893=DIRECTION('',(-0.576521078624139,-1.89133979757683E-16,-0.817082276091006));
#1894=DIRECTION('center_axis',(1.3011987543865E-33,-1.,1.68101331401689E-47));
#1895=DIRECTION('ref_axis',(1.,1.3011987543865E-33,0.));
#1896=DIRECTION('center_axis',(0.,1.,0.));
#1897=DIRECTION('ref_axis',(0.576391197499691,0.,0.817173902816819));
#1898=DIRECTION('',(0.,1.,0.));
#1899=DIRECTION('',(0.,1.,0.));
#1900=DIRECTION('center_axis',(-0.817082276091006,0.,0.576521078624139));
#1901=DIRECTION('ref_axis',(0.576521078624139,0.,0.817082276091006));
#1902=DIRECTION('center_axis',(0.817082276091006,0.,-0.576521078624139));
#1903=DIRECTION('ref_axis',(-0.576521078624139,-1.89133979757683E-16,-0.817082276091006));
#1904=DIRECTION('center_axis',(1.,0.,2.55401368233806E-16));
#1905=DIRECTION('ref_axis',(2.55401368233806E-16,0.,-1.));
#1906=DIRECTION('',(-1.15311927940819E-16,-0.89227466513818,0.451492992141129));
#1907=DIRECTION('',(0.,1.,0.));
#1908=DIRECTION('',(-2.55401368233806E-16,0.,1.));
#1909=DIRECTION('center_axis',(1.,0.,-5.10802736467612E-16));
#1910=DIRECTION('ref_axis',(-5.10802736467612E-16,0.,-1.));
#1911=DIRECTION('',(0.,1.,0.));
#1912=DIRECTION('',(-2.30623855881639E-16,0.89227466513818,-0.451492992141129));
#1913=DIRECTION('center_axis',(0.,1.,0.));
#1914=DIRECTION('ref_axis',(0.745355992499933,0.,-0.666666666666663));
#1915=DIRECTION('center_axis',(1.00968114817782E-14,0.451492992141129,0.89227466513818));
#1916=DIRECTION('ref_axis',(-5.1089749062683E-15,0.89227466513818,-0.451492992141129));
#1917=DIRECTION('',(0.,1.,0.));
#1918=DIRECTION('center_axis',(0.,0.,-1.));
#1919=DIRECTION('ref_axis',(-1.,0.,0.));
#1920=DIRECTION('',(-1.,2.23631632329347E-14,0.));
#1921=DIRECTION('',(0.,1.,0.));
#1922=DIRECTION('center_axis',(-1.,0.,2.55401368233806E-16));
#1923=DIRECTION('ref_axis',(2.55401368233806E-16,0.,1.));
#1924=DIRECTION('center_axis',(1.,0.,-2.55401368233806E-16));
#1925=DIRECTION('ref_axis',(1.14138757412069E-14,0.232083320018717,0.972695909608491));
#1926=DIRECTION('',(1.15311927940819E-16,-0.89227466513818,0.451492992141129));
#1927=DIRECTION('',(0.,1.,0.));
#1928=DIRECTION('center_axis',(0.,1.,0.));
#1929=DIRECTION('ref_axis',(-1.,0.,0.));
#1930=DIRECTION('center_axis',(1.00968114817782E-14,0.451492992141129,0.89227466513818));
#1931=DIRECTION('ref_axis',(0.,-0.89227466513818,0.451492992141129));
#1932=DIRECTION('center_axis',(-1.00968114817782E-14,-0.451492992141129,
-0.89227466513818));
#1933=DIRECTION('ref_axis',(-1.,0.,1.13158110123126E-14));
#1934=DIRECTION('',(-1.,1.72453738820158E-16,1.12285490316827E-14));
#1935=DIRECTION('',(-1.87847177226124E-8,-0.892274665138179,0.451492992141129));
#1936=DIRECTION('',(1.,1.05782846654036E-31,-1.13158110123126E-14));
#1937=DIRECTION('',(0.355625738412198,-0.833945284688757,0.421978194133496));
#1938=DIRECTION('center_axis',(-0.817082276091004,0.,0.576521078624142));
#1939=DIRECTION('ref_axis',(0.576521078624142,0.,0.817082276091004));
#1940=DIRECTION('',(0.,1.,0.));
#1941=DIRECTION('center_axis',(0.817082276091004,0.,-0.576521078624143));
#1942=DIRECTION('ref_axis',(-0.576521078624143,-2.03592994681342E-16,-0.817082276091004));
#1943=DIRECTION('',(0.,1.,0.));
#1944=DIRECTION('center_axis',(0.,1.,0.));
#1945=DIRECTION('ref_axis',(0.817082276091005,0.,-0.576521078624141));
#1946=DIRECTION('',(-5.90259941981696E-8,-0.892274665138194,-0.451492992141096));
#1947=DIRECTION('center_axis',(0.,1.,0.));
#1948=DIRECTION('ref_axis',(1.,0.,0.));
#1949=DIRECTION('',(0.,-1.,0.));
#1950=DIRECTION('center_axis',(0.,1.,0.));
#1951=DIRECTION('ref_axis',(1.,0.,0.));
#1952=DIRECTION('center_axis',(1.3011987543865E-33,-1.,1.68101331401689E-47));
#1953=DIRECTION('ref_axis',(1.,1.3011987543865E-33,0.));
#1954=DIRECTION('',(0.,-1.,0.));
#1955=DIRECTION('center_axis',(0.,-1.,0.));
#1956=DIRECTION('ref_axis',(1.,0.,0.));
#1957=DIRECTION('',(1.,0.,-1.15648231731787E-14));
#1958=DIRECTION('center_axis',(0.,1.,0.));
#1959=DIRECTION('ref_axis',(-1.,0.,0.));
#1960=DIRECTION('',(3.83102052350709E-16,0.,1.));
#1961=DIRECTION('center_axis',(-1.,0.,3.83102052350709E-16));
#1962=DIRECTION('ref_axis',(3.83102052350709E-16,0.,1.));
#1963=DIRECTION('',(-1.72967891911229E-16,0.89227466513818,-0.451492992141129));
#1964=DIRECTION('',(0.,1.,0.));
#1965=DIRECTION('center_axis',(0.,1.,0.));
#1966=DIRECTION('ref_axis',(-1.,0.,0.));
#1967=DIRECTION('center_axis',(1.,-1.72453738820157E-16,-1.12285490316827E-14));
#1968=DIRECTION('ref_axis',(1.14138757412069E-14,0.232083320018717,0.972695909608491));
#1969=DIRECTION('',(-1.,1.72453738820158E-16,1.12285490316827E-14));
#1970=DIRECTION('center_axis',(-1.,2.15826894764657E-9,-2.34875929816525E-8));
#1971=DIRECTION('ref_axis',(-2.34875929816525E-8,5.55111512312578E-16,1.));
#1972=DIRECTION('center_axis',(-1.,2.64897017630025E-15,1.11022302462516E-14));
#1973=DIRECTION('ref_axis',(1.11022302462516E-14,4.16333634234434E-16,1.));
#1974=DIRECTION('center_axis',(1.,-1.72453738820157E-16,-1.12285490316827E-14));
#1975=DIRECTION('ref_axis',(1.14138757412069E-14,0.232083320018717,0.972695909608491));
#1976=DIRECTION('center_axis',(-1.,2.15826894764657E-9,-2.34875929816525E-8));
#1977=DIRECTION('ref_axis',(-2.34875929816525E-8,5.55111512312578E-16,1.));
#1978=DIRECTION('center_axis',(-4.41330887106467E-16,-1.36911285162795E-16,
-1.));
#1979=DIRECTION('ref_axis',(0.972308339348697,0.233701718506686,-4.28190952793139E-16));
#1980=DIRECTION('center_axis',(-2.77555756156289E-16,-6.67126410111833E-17,
-1.));
#1981=DIRECTION('ref_axis',(0.890767013534044,0.454460259648345,-2.7755575615629E-16));
#1982=DIRECTION('',(4.41330887106467E-16,1.36911285162795E-16,1.));
#1983=DIRECTION('center_axis',(2.77555756156289E-16,6.67126410111848E-17,
1.));
#1984=DIRECTION('ref_axis',(1.,2.63677968348474E-15,-2.77555756156289E-16));
#1985=DIRECTION('center_axis',(1.13319421933281E-13,-0.451492962230225,
0.892274680273164));
#1986=DIRECTION('ref_axis',(1.,0.,-1.27000602436224E-13));
#1987=DIRECTION('',(0.355625735019548,-0.833945299986167,-0.42197816676078));
#1988=DIRECTION('',(-1.,-1.05782846654002E-31,1.27000602436224E-13));
#1989=DIRECTION('',(0.425366654579068,-0.833741953255833,0.352047673694005));
#1990=DIRECTION('center_axis',(-5.11181630632562E-16,-2.96940671571852E-31,
-1.));
#1991=DIRECTION('ref_axis',(0.522273750226669,0.852777890088721,-2.60378004056754E-16));
#1992=DIRECTION('center_axis',(-4.98546986027441E-16,0.,-1.));
#1993=DIRECTION('ref_axis',(0.,1.,0.));
#1994=DIRECTION('',(5.11181630632562E-16,2.96940671571852E-31,1.));
#1995=DIRECTION('center_axis',(4.98546986027441E-16,0.,1.));
#1996=DIRECTION('ref_axis',(0.890767013534044,0.454460259648344,-4.44089209850062E-16));
#1997=DIRECTION('',(-5.11181630632562E-16,-2.96940671571852E-31,-1.));
#1998=DIRECTION('center_axis',(1.,0.,7.0662267165819E-9));
#1999=DIRECTION('ref_axis',(6.30501517662197E-9,0.451492964370843,-0.892274679190006));
#2000=DIRECTION('center_axis',(-1.,-1.05782846654002E-31,1.27000602436224E-13));
#2001=DIRECTION('ref_axis',(-6.67248677068982E-14,0.851907554324478,-0.523692198609915));
#2002=DIRECTION('center_axis',(1.,0.,-1.25421555771931E-13));
#2003=DIRECTION('ref_axis',(-1.11910478575763E-13,0.451492962230226,-0.892274680273163));
#2004=DIRECTION('',(1.,1.05782846654002E-31,-1.27000602436224E-13));
#2005=DIRECTION('center_axis',(-1.,0.,-3.75218108209226E-9));
#2006=DIRECTION('ref_axis',(-3.34797611856175E-9,0.451492992141098,0.892274665138195));
#2007=DIRECTION('center_axis',(1.,1.05782846654036E-31,-1.13158110123126E-14));
#2008=DIRECTION('ref_axis',(6.25545628306865E-15,0.851907563102103,0.523692184331059));
#2009=DIRECTION('center_axis',(-1.,0.,9.95409210192437E-15));
#2010=DIRECTION('ref_axis',(8.88178419699916E-15,0.451492992141129,0.89227466513818));
#2011=DIRECTION('',(-1.,-1.05782846654036E-31,1.13158110123126E-14));
#2012=DIRECTION('',(0.42536665835144,-0.833741960649891,-0.352047651624897));
#2013=DIRECTION('center_axis',(-0.890767013534044,-0.454460259648344,4.5534373449203E-16));
#2014=DIRECTION('ref_axis',(5.11181630632562E-16,0.,1.));
#2015=DIRECTION('center_axis',(-1.05782846654039E-31,1.,-2.96940671571851E-31));
#2016=DIRECTION('ref_axis',(0.,2.96940671571851E-31,1.));
#2017=DIRECTION('center_axis',(-1.,-6.90209115789315E-16,1.26565424807268E-13));
#2018=DIRECTION('ref_axis',(-1.13242748511788E-13,0.451492962230225,-0.892274680273164));
#2019=DIRECTION('center_axis',(0.958707695193897,-0.284393310708956,6.80532380528852E-8));
#2020=DIRECTION('ref_axis',(7.0984345068581E-8,-6.93889390390723E-16,-0.999999999999998));
#2021=DIRECTION('center_axis',(-1.,1.10870816837731E-17,1.27006212524084E-13));
#2022=DIRECTION('ref_axis',(-1.2326985751206E-13,0.232083303715322,-0.972695913498449));
#2023=DIRECTION('center_axis',(1.,-3.11931194893892E-8,-1.27675623748605E-13));
#2024=DIRECTION('ref_axis',(-1.27675623761592E-13,-4.16333555744322E-16,
-1.));
#2025=DIRECTION('',(1.,-1.10870816837731E-17,-1.27006212524084E-13));
#2026=DIRECTION('center_axis',(0.958707703839752,-0.284393281563226,-1.02080840047123E-7));
#2027=DIRECTION('ref_axis',(0.147338762087206,0.49668796041102,0.855331724636326));
#2028=DIRECTION('center_axis',(-4.41330887106467E-16,-1.36911285162795E-16,
-1.));
#2029=DIRECTION('ref_axis',(0.972308339348697,0.233701718506686,-4.28190952793139E-16));
#2030=DIRECTION('center_axis',(2.77555756156289E-16,6.67126410111848E-17,
1.));
#2031=DIRECTION('ref_axis',(1.,2.63677968348474E-15,-2.77555756156289E-16));
#2032=DIRECTION('',(4.41330887106467E-16,1.36911285162795E-16,1.));
#2033=DIRECTION('center_axis',(-2.77555756156289E-16,-6.67126410111833E-17,
-1.));
#2034=DIRECTION('ref_axis',(0.890767013534044,0.454460259648345,-2.7755575615629E-16));
#2035=DIRECTION('center_axis',(-1.02171866585773E-7,-0.281494376945261,
-0.95956287743336));
#2036=DIRECTION('ref_axis',(0.854259204230026,0.498826143372343,-0.14633417467071));
#2037=DIRECTION('center_axis',(-6.81145861609568E-8,-0.281494413907407,
0.959562866590262));
#2038=DIRECTION('ref_axis',(0.999999999999998,0.,7.09850167535108E-8));
#2039=DIRECTION('center_axis',(1.13319421933281E-13,-0.451492962230225,
0.892274680273164));
#2040=DIRECTION('ref_axis',(1.,0.,-1.27000602436224E-13));
#2041=DIRECTION('',(-1.,-1.05782846654002E-31,1.27000602436224E-13));
#2042=DIRECTION('center_axis',(-1.00968114817782E-14,-0.451492992141129,
-0.89227466513818));
#2043=DIRECTION('ref_axis',(-1.,0.,1.13158110123126E-14));
#2044=DIRECTION('',(1.,1.05782846654036E-31,-1.13158110123126E-14));
#2045=DIRECTION('center_axis',(-5.11181630632562E-16,-2.96940671571852E-31,
-1.));
#2046=DIRECTION('ref_axis',(0.522273750226669,0.852777890088721,-2.60378004056754E-16));
#2047=DIRECTION('center_axis',(-4.98546986027441E-16,0.,-1.));
#2048=DIRECTION('ref_axis',(0.,1.,0.));
#2049=DIRECTION('',(-5.11181630632562E-16,-2.96940671571852E-31,-1.));
#2050=DIRECTION('center_axis',(4.98546986027441E-16,0.,1.));
#2051=DIRECTION('ref_axis',(0.890767013534044,0.454460259648344,-4.44089209850062E-16));
#2052=DIRECTION('',(5.11181630632562E-16,2.96940671571852E-31,1.));
#2053=DIRECTION('center_axis',(1.,0.,7.0662267165819E-9));
#2054=DIRECTION('ref_axis',(6.30501517662197E-9,0.451492964370843,-0.892274679190006));
#2055=DIRECTION('center_axis',(-1.,-1.05782846654002E-31,1.27000602436224E-13));
#2056=DIRECTION('ref_axis',(-6.67248677068982E-14,0.851907554324478,-0.523692198609915));
#2057=DIRECTION('center_axis',(1.,0.,-1.25421555771931E-13));
#2058=DIRECTION('ref_axis',(-1.11910478575763E-13,0.451492962230226,-0.892274680273164));
#2059=DIRECTION('',(1.,1.05782846654002E-31,-1.27000602436224E-13));
#2060=DIRECTION('center_axis',(-1.,0.,-3.75218108209226E-9));
#2061=DIRECTION('ref_axis',(-3.34797611856175E-9,0.451492992141098,0.892274665138195));
#2062=DIRECTION('center_axis',(1.,1.05782846654036E-31,-1.13158110123126E-14));
#2063=DIRECTION('ref_axis',(6.25545628306865E-15,0.851907563102103,0.523692184331059));
#2064=DIRECTION('center_axis',(-1.,0.,9.95409210192437E-15));
#2065=DIRECTION('ref_axis',(8.88178419699916E-15,0.451492992141129,0.89227466513818));
#2066=DIRECTION('',(-1.,-1.05782846654036E-31,1.13158110123126E-14));
#2067=DIRECTION('center_axis',(-0.890767013534044,-0.454460259648344,4.5534373449203E-16));
#2068=DIRECTION('ref_axis',(5.11181630632562E-16,0.,1.));
#2069=DIRECTION('center_axis',(-1.05782846654039E-31,1.,-2.96940671571851E-31));
#2070=DIRECTION('ref_axis',(0.,2.96940671571851E-31,1.));
#2071=DIRECTION('center_axis',(0.,0.,1.));
#2072=DIRECTION('ref_axis',(-1.,9.40521413923414E-47,0.));
#2073=DIRECTION('center_axis',(1.48029736616688E-15,0.,-1.));
#2074=DIRECTION('ref_axis',(1.,-9.40521413923414E-47,1.48029736616688E-15));
#2075=CARTESIAN_POINT('',(0.,0.,0.));
#2076=CARTESIAN_POINT('Origin',(40.71870125742,3.48999999999999,-13.1312989849969));
#2077=CARTESIAN_POINT('',(40.21870125742,3.48999999999999,-12.3812989849969));
#2078=CARTESIAN_POINT('',(40.71870125742,2.98999999999999,-12.3812989849969));
#2079=CARTESIAN_POINT('Origin',(40.71870125742,3.48999999999999,-12.3812989849969));
#2080=CARTESIAN_POINT('',(40.71870125742,2.98999999999999,-13.8812989849969));
#2081=CARTESIAN_POINT('',(40.71870125742,2.98999999999999,-13.1312989849969));
#2082=CARTESIAN_POINT('',(40.21870125742,3.48999999999999,-13.8812989849969));
#2083=CARTESIAN_POINT('Origin',(40.71870125742,3.48999999999999,-13.8812989849969));
#2084=CARTESIAN_POINT('',(40.21870125742,3.48999999999999,-13.1312989849969));
#2085=CARTESIAN_POINT('Origin',(38.71870125742,3.48999999999999,-12.3812989849969));
#2086=CARTESIAN_POINT('',(38.71870125742,3.48999999999999,-10.8812989849969));
#2087=CARTESIAN_POINT('',(40.0415769129523,2.98999999999999,-10.8812989849969));
#2088=CARTESIAN_POINT('Ctrl Pts',(38.71870125742,3.48999999999999,-10.8812989849969));
#2089=CARTESIAN_POINT('Ctrl Pts',(39.1129131360938,3.26240166572996,-10.8812989849969));
#2090=CARTESIAN_POINT('Ctrl Pts',(39.5863802444123,2.98999999999999,-10.8812989849969));
#2091=CARTESIAN_POINT('Ctrl Pts',(40.0415769129523,2.98999999999999,-10.8812989849969));
#2092=CARTESIAN_POINT('Origin',(38.71870125742,2.98999999999999,-12.3812989849969));
#2093=CARTESIAN_POINT('Origin',(38.71870125742,3.48999999999999,-12.3812989849969));
#2094=CARTESIAN_POINT('Origin',(38.71870125742,5.18999999999999,-12.3812989849969));
#2095=CARTESIAN_POINT('',(38.71870125742,0.989999999999989,-10.8812989849969));
#2096=CARTESIAN_POINT('',(38.71870125742,2.98999999999999,-10.8812989849969));
#2097=CARTESIAN_POINT('',(40.21870125742,9.14275808922493,-12.3812989849969));
#2098=CARTESIAN_POINT('',(40.21870125742,5.18999999999999,-12.3812989849969));
#2099=CARTESIAN_POINT('',(37.21870125742,9.14275808922417,-12.3812989849969));
#2100=CARTESIAN_POINT('Origin',(38.71870125742,9.14275808922455,-12.3812989849969));
#2101=CARTESIAN_POINT('',(37.21870125742,5.18999999999999,-12.3812989849969));
#2102=CARTESIAN_POINT('',(37.21870125742,5.18999999999999,-12.3812989849969));
#2103=CARTESIAN_POINT('',(38.71870125742,5.18999999999999,-13.8812989849969));
#2104=CARTESIAN_POINT('Origin',(38.71870125742,5.18999999999999,-12.3812989849969));
#2105=CARTESIAN_POINT('',(38.71870125742,0.989999999999989,-13.8812989849969));
#2106=CARTESIAN_POINT('',(38.71870125742,5.18999999999999,-13.8812989849969));
#2107=CARTESIAN_POINT('Origin',(38.71870125742,0.989999999999989,-12.3812989849969));
#2108=CARTESIAN_POINT('Origin',(40.21870125742,5.18999999999999,-13.8812989849969));
#2109=CARTESIAN_POINT('',(40.21870125742,5.18999999999999,-13.8812989849969));
#2110=CARTESIAN_POINT('',(40.21870125742,5.18999999999999,-13.8812989849969));
#2111=CARTESIAN_POINT('',(40.21870125742,5.18999999999999,-14.3731569937031));
#2112=CARTESIAN_POINT('',(40.21870125742,5.18999999999999,-12.3812989849969));
#2113=CARTESIAN_POINT('',(40.21870125742,5.36434038852431,-14.2931867006835));
#2114=CARTESIAN_POINT('Origin',(40.2187012574201,4.23560798294875,-12.0625000000006));
#2115=CARTESIAN_POINT('',(40.21870125742,14.2092570334239,-9.81763931043078));
#2116=CARTESIAN_POINT('Origin',(38.71870125742,3.48999999999999,12.3812989849969));
#2117=CARTESIAN_POINT('',(40.21870125742,3.48999999999999,12.3812989849969));
#2118=CARTESIAN_POINT('',(40.71870125742,2.98999999999999,12.3812989849969));
#2119=CARTESIAN_POINT('Origin',(40.71870125742,3.48999999999999,12.3812989849969));
#2120=CARTESIAN_POINT('',(40.0415769129523,2.98999999999999,10.8812989849969));
#2121=CARTESIAN_POINT('Origin',(38.71870125742,2.98999999999999,12.3812989849969));
#2122=CARTESIAN_POINT('',(38.71870125742,3.48999999999999,10.8812989849969));
#2123=CARTESIAN_POINT('Ctrl Pts',(40.0415769129523,2.98999999999999,10.8812989849969));
#2124=CARTESIAN_POINT('Ctrl Pts',(39.5863802444123,2.98999999999999,10.8812989849969));
#2125=CARTESIAN_POINT('Ctrl Pts',(39.1129131360937,3.26240166572996,10.8812989849969));
#2126=CARTESIAN_POINT('Ctrl Pts',(38.71870125742,3.48999999999999,10.8812989849969));
#2127=CARTESIAN_POINT('Origin',(38.71870125742,3.48999999999999,12.3812989849969));
#2128=CARTESIAN_POINT('Origin',(40.71870125742,3.48999999999999,12.3812989849969));
#2129=CARTESIAN_POINT('',(40.21870125742,3.48999999999999,13.881298984997));
#2130=CARTESIAN_POINT('',(40.71870125742,2.98999999999999,13.881298984997));
#2131=CARTESIAN_POINT('Origin',(40.71870125742,3.48999999999999,13.881298984997));
#2132=CARTESIAN_POINT('',(40.71870125742,2.98999999999999,12.3812989849969));
#2133=CARTESIAN_POINT('',(40.21870125742,3.48999999999999,12.3812989849969));
#2134=CARTESIAN_POINT('Origin',(40.21870125742,5.18999999999999,12.3812989849969));
#2135=CARTESIAN_POINT('',(40.21870125742,9.14275770395638,12.3812989849969));
#2136=CARTESIAN_POINT('',(40.21870125742,5.18999999999999,12.3812989849969));
#2137=CARTESIAN_POINT('',(40.21870125742,5.36434039244066,14.2931866628454));
#2138=CARTESIAN_POINT('',(40.21870125742,13.8080412907667,10.0206549724611));
#2139=CARTESIAN_POINT('',(40.21870125742,5.18999999999999,14.3731569937031));
#2140=CARTESIAN_POINT('Origin',(40.21870125742,4.23560791208783,12.0625));
#2141=CARTESIAN_POINT('',(40.21870125742,5.18999999999999,13.881298984997));
#2142=CARTESIAN_POINT('',(40.21870125742,5.18999999999999,12.3812989849969));
#2143=CARTESIAN_POINT('',(40.21870125742,5.18999999999999,13.881298984997));
#2144=CARTESIAN_POINT('Origin',(38.71870125742,5.18999999999999,12.3812989849969));
#2145=CARTESIAN_POINT('',(38.71870125742,0.989999999999989,10.8812989849969));
#2146=CARTESIAN_POINT('',(38.71870125742,2.98999999999999,10.8812989849969));
#2147=CARTESIAN_POINT('',(38.71870125742,0.989999999999989,13.881298984997));
#2148=CARTESIAN_POINT('Origin',(38.71870125742,0.989999999999989,12.3812989849969));
#2149=CARTESIAN_POINT('',(38.71870125742,5.18999999999999,13.881298984997));
#2150=CARTESIAN_POINT('',(38.71870125742,5.18999999999999,13.881298984997));
#2151=CARTESIAN_POINT('',(37.21870125742,5.18999999999999,12.3812989849969));
#2152=CARTESIAN_POINT('Origin',(38.71870125742,5.18999999999999,12.3812989849969));
#2153=CARTESIAN_POINT('',(37.21870125742,9.14275770395645,12.3812989849969));
#2154=CARTESIAN_POINT('',(37.21870125742,5.18999999999999,12.3812989849969));
#2155=CARTESIAN_POINT('Origin',(38.71870125742,9.14275770395642,12.3812989849969));
#2156=CARTESIAN_POINT('Origin',(38.71870125742,2.98999999999999,10.8812989849969));
#2157=CARTESIAN_POINT('',(41.71870125742,2.98999999999999,10.8812989849969));
#2158=CARTESIAN_POINT('',(41.71870125742,2.98999999999999,10.8812989849969));
#2159=CARTESIAN_POINT('',(41.71870125742,0.989999999999989,10.8812989849969));
#2160=CARTESIAN_POINT('',(41.71870125742,2.98999999999999,10.8812989849969));
#2161=CARTESIAN_POINT('',(41.71870125742,0.989999999999989,10.8812989849969));
#2162=CARTESIAN_POINT('Origin',(41.71870125742,2.98999999999999,12.3812989849969));
#2163=CARTESIAN_POINT('',(41.71870125742,2.98999999999999,13.881298984997));
#2164=CARTESIAN_POINT('Origin',(41.71870125742,2.98999999999999,12.3812989849969));
#2165=CARTESIAN_POINT('',(41.71870125742,0.989999999999989,13.881298984997));
#2166=CARTESIAN_POINT('',(41.71870125742,2.98999999999999,13.881298984997));
#2167=CARTESIAN_POINT('Origin',(41.71870125742,0.989999999999989,12.3812989849969));
#2168=CARTESIAN_POINT('Origin',(40.21870125742,0.989999999999989,12.3812989849969));
#2169=CARTESIAN_POINT('',(41.71870125742,0.989999999999989,13.881298984997));
#2170=CARTESIAN_POINT('Origin',(40.21870125742,2.98999999999999,12.3812989849969));
#2171=CARTESIAN_POINT('',(41.71870125742,2.98999999999999,13.881298984997));
#2172=CARTESIAN_POINT('Origin',(41.71870125742,2.98999999999999,-10.8812989849969));
#2173=CARTESIAN_POINT('',(41.71870125742,2.98999999999999,-10.8812989849969));
#2174=CARTESIAN_POINT('',(41.71870125742,2.98999999999999,-10.8812989849969));
#2175=CARTESIAN_POINT('',(41.71870125742,0.989999999999989,-10.8812989849969));
#2176=CARTESIAN_POINT('',(41.71870125742,0.989999999999989,-10.8812989849969));
#2177=CARTESIAN_POINT('',(41.71870125742,2.98999999999999,-10.8812989849969));
#2178=CARTESIAN_POINT('Origin',(41.71870125742,2.98999999999999,-12.3812989849969));
#2179=CARTESIAN_POINT('',(41.71870125742,2.98999999999999,-13.8812989849969));
#2180=CARTESIAN_POINT('Origin',(41.71870125742,2.98999999999999,-12.3812989849969));
#2181=CARTESIAN_POINT('',(41.71870125742,0.989999999999989,-13.8812989849969));
#2182=CARTESIAN_POINT('Origin',(41.71870125742,0.989999999999989,-12.3812989849969));
#2183=CARTESIAN_POINT('',(41.71870125742,2.98999999999999,-13.8812989849969));
#2184=CARTESIAN_POINT('Origin',(40.21870125742,0.989999999999989,-12.3812989849969));
#2185=CARTESIAN_POINT('',(41.71870125742,0.989999999999989,-13.8812989849969));
#2186=CARTESIAN_POINT('Origin',(40.21870125742,2.98999999999999,-12.3812989849969));
#2187=CARTESIAN_POINT('',(41.71870125742,2.98999999999999,-13.8812989849969));
#2188=CARTESIAN_POINT('Origin',(37.21870125742,5.18999999999999,-14.3731569937029));
#2189=CARTESIAN_POINT('',(37.21870125742,5.36434038852431,-14.2931867006831));
#2190=CARTESIAN_POINT('',(37.21870125742,13.8080413188621,-10.0206553496229));
#2191=CARTESIAN_POINT('',(37.21870125742,5.18999999999999,-14.3731569937029));
#2192=CARTESIAN_POINT('Origin',(37.2187012574203,4.23560798294875,-12.0625000000002));
#2193=CARTESIAN_POINT('',(37.21870125742,5.18999999999999,-12.3812989849969));
#2194=CARTESIAN_POINT('Ctrl Pts',(40.3881968885745,22.0108043850012,-2.95991336754121));
#2195=CARTESIAN_POINT('Ctrl Pts',(43.103975472848,16.6877295339572,-5.20758241765455));
#2196=CARTESIAN_POINT('Ctrl Pts',(45.8197540571215,11.3646546829133,-7.45525146776788));
#2197=CARTESIAN_POINT('Ctrl Pts',(48.535532641395,6.0415798318693,-9.70292051788122));
#2198=CARTESIAN_POINT('Ctrl Pts',(40.3881968827622,22.0108043850012,-3.46173170962816));
#2199=CARTESIAN_POINT('Ctrl Pts',(43.104640093052,16.6877295339572,-5.83542412398032));
#2200=CARTESIAN_POINT('Ctrl Pts',(45.8190893400755,11.3646546829133,-8.2067890024925));
#2201=CARTESIAN_POINT('Ctrl Pts',(48.5355325503653,6.0415798318693,-10.5804814168447));
#2202=CARTESIAN_POINT('Ctrl Pts',(40.2153995286632,22.0108043850012,-4.69010083752013));
#2203=CARTESIAN_POINT('Ctrl Pts',(42.8558660289078,16.6877295339572,-7.24217733300201));
#2204=CARTESIAN_POINT('Ctrl Pts',(45.497166375621,11.3646546829133,-9.79425343630396));
#2205=CARTESIAN_POINT('Ctrl Pts',(48.1376328758656,6.0415798318693,-12.3463299317858));
#2206=CARTESIAN_POINT('Ctrl Pts',(38.9557086644294,22.0108043850012,-6.55344034129964));
#2207=CARTESIAN_POINT('Ctrl Pts',(41.4504949240224,16.6877295339572,-9.19982066729368));
#2208=CARTESIAN_POINT('Ctrl Pts',(43.9448538712401,11.3646546829133,-11.8445439944203));
#2209=CARTESIAN_POINT('Ctrl Pts',(46.4396401308332,6.0415798318693,-14.4909243204143));
#2210=CARTESIAN_POINT('Ctrl Pts',(37.2113877925233,22.0108043850012,-7.43948240664966));
#2211=CARTESIAN_POINT('Ctrl Pts',(39.6020176670432,16.6877295339572,-10.1203347406251));
#2212=CARTESIAN_POINT('Ctrl Pts',(41.992393418836,11.3646546829133,-12.8023524979775));
#2213=CARTESIAN_POINT('Ctrl Pts',(44.3830232933559,6.0415798318693,-15.4832048319529));
#2214=CARTESIAN_POINT('Ctrl Pts',(36.1403971075563,22.0108043850012,-7.55113576596943));
#2215=CARTESIAN_POINT('Ctrl Pts',(38.4436201757347,16.6877295339572,-10.2452920548478));
#2216=CARTESIAN_POINT('Ctrl Pts',(40.7470952569821,11.3646546829133,-12.9374424018715));
#2217=CARTESIAN_POINT('Ctrl Pts',(43.0503183251604,6.0415798318693,-15.6315986907499));
#2218=CARTESIAN_POINT('Ctrl Pts',(35.7969744752578,22.0108043850012,-7.55113576790685));
#2219=CARTESIAN_POINT('Ctrl Pts',(38.0669343952885,16.6877295339572,-10.2446234189689));
#2220=CARTESIAN_POINT('Ctrl Pts',(40.3368943153192,11.3646546829133,-12.9381110700309));
#2221=CARTESIAN_POINT('Ctrl Pts',(42.6068542353499,6.0415798318693,-15.6315987210929));
#2222=CARTESIAN_POINT('',(35.9172606056691,21.7287324109271,-7.6938648108265));
#2223=CARTESIAN_POINT('',(38.6070076833429,15.4212531913599,-10.8854632501952));
#2224=CARTESIAN_POINT('',(35.332500377052,23.1,-7.00000037705003));
#2225=CARTESIAN_POINT('',(40.528322427829,21.7361506491209,-3.07588594333828));
#2226=CARTESIAN_POINT('Ctrl Pts',(40.5283224221934,21.7361506601669,-3.07588594088572));
#2227=CARTESIAN_POINT('Ctrl Pts',(40.4610631187931,21.8679825574376,-3.82418992097519));
#2228=CARTESIAN_POINT('Ctrl Pts',(40.0196090205767,21.996150655128,-5.11556043076749));
#2229=CARTESIAN_POINT('Ctrl Pts',(38.9796530375381,22.0273696034814,-6.37019226051282));
#2230=CARTESIAN_POINT('Ctrl Pts',(37.6363908376876,21.9623169844262,-7.29280816276938));
#2231=CARTESIAN_POINT('Ctrl Pts',(36.6560847979722,21.8591043235925,-7.62789632897711));
#2232=CARTESIAN_POINT('Ctrl Pts',(35.9172606056707,21.7287324109276,-7.69386481082622));
#2233=CARTESIAN_POINT('',(48.5330680541361,6.04641055795706,-9.70088074316062));
#2234=CARTESIAN_POINT('',(39.832500377052,23.1,-2.50000037705003));
#2235=CARTESIAN_POINT('',(48.3870368169201,6.16629046883183,-10.6478364857281));
#2236=CARTESIAN_POINT('Ctrl Pts',(48.3870368169601,6.16629046882489,-10.647836485518));
#2237=CARTESIAN_POINT('Ctrl Pts',(48.4403074913408,6.15700423085691,-10.3685118114674));
#2238=CARTESIAN_POINT('Ctrl Pts',(48.4925937466743,6.12574233659206,-10.0601415902717));
#2239=CARTESIAN_POINT('Ctrl Pts',(48.5330679890771,6.04641068547638,-9.70088070767242));
#2240=CARTESIAN_POINT('',(43.5593546678381,6.16386539543819,-15.4838269951473));
#2241=CARTESIAN_POINT('Ctrl Pts',(43.5593546678381,6.16386539543819,-15.4838269951473));
#2242=CARTESIAN_POINT('Ctrl Pts',(44.2515644153693,6.18749476791287,-15.3508660302791));
#2243=CARTESIAN_POINT('Ctrl Pts',(45.5650408495373,6.21008025034667,-14.8530754821029));
#2244=CARTESIAN_POINT('Ctrl Pts',(47.424760812152,6.21448723853521,-13.2795569169227));
#2245=CARTESIAN_POINT('Ctrl Pts',(48.189239913844,6.20077085719875,-11.6849838657671));
#2246=CARTESIAN_POINT('Ctrl Pts',(48.3870368169201,6.16629046883183,-10.6478364857281));
#2247=CARTESIAN_POINT('',(42.6068542353499,6.04157983186929,-15.6315987210929));
#2248=CARTESIAN_POINT('Ctrl Pts',(42.6068542113202,6.04157991731446,-15.6315986778574));
#2249=CARTESIAN_POINT('Ctrl Pts',(42.9681903440512,6.12248376178376,-15.5906611257383));
#2250=CARTESIAN_POINT('Ctrl Pts',(43.2784339670988,6.15427586239828,-15.5377867678598));
#2251=CARTESIAN_POINT('Ctrl Pts',(43.5593546672008,6.1638653954146,-15.4838269952707));
#2252=CARTESIAN_POINT('',(40.21870125742,11.6418183845801,-12.797865623808));
#2253=CARTESIAN_POINT('',(35.332500377052,23.1,-7.00000037705003));
#2254=CARTESIAN_POINT('',(35.332500377052,23.1,-7.00000037705003));
#2255=CARTESIAN_POINT('Origin',(39.1512501885238,4.23560798294875,-12.0625000000005));
#2256=CARTESIAN_POINT('',(-27.1675006547805,5.36434063301002,-14.2931872952168));
#2257=CARTESIAN_POINT('',(39.1512501885236,5.36434038852431,-14.2931867006834));
#2258=CARTESIAN_POINT('',(-27.1675007779645,5.18999999999872,-14.3731578388657));
#2259=CARTESIAN_POINT('Origin',(-27.1675008077346,4.23560798294875,-12.062499999992));
#2260=CARTESIAN_POINT('',(39.1512501885235,5.18999999999999,-14.3731570229679));
#2261=CARTESIAN_POINT('Origin',(39.1512501885238,4.23560798294875,-12.0625000000005));
#2262=CARTESIAN_POINT('',(42.60685423535,5.18999999999871,-14.3731570229717));
#2263=CARTESIAN_POINT('',(39.1512501885235,5.18999999999999,-14.3731570229679));
#2264=CARTESIAN_POINT('',(42.6068542353501,5.36434038852396,-14.2931867006831));
#2265=CARTESIAN_POINT('Origin',(42.6068542353503,4.23560798294875,-12.0625000000009));
#2266=CARTESIAN_POINT('',(39.1512501885236,5.36434038852431,-14.2931867006834));
#2267=CARTESIAN_POINT('Origin',(37.21870125742,5.18999999999999,12.3812989849969));
#2268=CARTESIAN_POINT('',(37.21870125742,5.36434039244066,14.2931866628455));
#2269=CARTESIAN_POINT('',(37.21870125742,14.209257025103,9.81763890636946));
#2270=CARTESIAN_POINT('',(37.21870125742,5.18999999999999,14.3731569937029));
#2271=CARTESIAN_POINT('',(37.21870125742,5.18999999999999,12.3812989849969));
#2272=CARTESIAN_POINT('Origin',(37.21870125742,4.23560791208783,12.0625));
#2273=CARTESIAN_POINT('Origin',(-27.1674998114742,4.23560791208785,12.0625000000007));
#2274=CARTESIAN_POINT('',(42.6068542800128,5.36434034580304,14.2931866864442));
#2275=CARTESIAN_POINT('',(-27.1674998114742,5.36434039244067,14.2931866628462));
#2276=CARTESIAN_POINT('',(42.6068544173804,5.18999999999872,14.3731569937032));
#2277=CARTESIAN_POINT('Origin',(42.6068544173804,4.23560791208783,12.0625));
#2278=CARTESIAN_POINT('',(-27.1674998114742,5.19,14.3731569936999));
#2279=CARTESIAN_POINT('Origin',(-27.1674998114742,4.23560791208785,12.0625000000007));
#2280=CARTESIAN_POINT('',(5.10000000000002,5.18999999999999,14.373156993701));
#2281=CARTESIAN_POINT('',(-27.1674998114742,5.19,14.3731569936999));
#2282=CARTESIAN_POINT('',(5.10000000000002,5.36434039244066,14.2931866628458));
#2283=CARTESIAN_POINT('Origin',(5.1,4.23560791208784,12.0625000000004));
#2284=CARTESIAN_POINT('',(-27.1674998114742,5.36434039244067,14.2931866628462));
#2285=CARTESIAN_POINT('Ctrl Pts',(35.7969454064604,22.0108725819408,7.55110055186212));
#2286=CARTESIAN_POINT('Ctrl Pts',(38.0669150767671,16.6877750148447,10.2445999214256));
#2287=CARTESIAN_POINT('Ctrl Pts',(40.3368847470737,11.3646774477485,12.9380992909892));
#2288=CARTESIAN_POINT('Ctrl Pts',(42.6068544173804,6.04157988065237,15.6315986605527));
#2289=CARTESIAN_POINT('Ctrl Pts',(36.4837898165987,22.0108725819408,7.55110054605016));
#2290=CARTESIAN_POINT('Ctrl Pts',(38.8213255878543,16.6877750148447,10.2438547651115));
#2291=CARTESIAN_POINT('Ctrl Pts',(41.1562468251343,11.3646774477485,12.9388443504617));
#2292=CARTESIAN_POINT('Ctrl Pts',(43.4937825963899,6.04157988065237,15.6315985695231));
#2293=CARTESIAN_POINT('Ctrl Pts',(37.97262891018,22.0108725819408,7.22093655864932));
#2294=CARTESIAN_POINT('Ctrl Pts',(40.4059013451812,16.6877750148447,9.88931747526559));
#2295=CARTESIAN_POINT('Ctrl Pts',(42.839889684023,11.3646774477485,12.5576030266244));
#2296=CARTESIAN_POINT('Ctrl Pts',(45.2731621190242,6.04157988065237,15.2259839432406));
#2297=CARTESIAN_POINT('Ctrl Pts',(39.4255912441081,22.0108725819409,5.93248022820049));
#2298=CARTESIAN_POINT('Ctrl Pts',(41.9678982339536,16.6877750148447,8.55433374280041));
#2299=CARTESIAN_POINT('Ctrl Pts',(44.5111851844442,11.3646774477485,11.1763550863736));
#2300=CARTESIAN_POINT('Ctrl Pts',(47.0534921742897,6.04157988065237,13.7982086009735));
#2301=CARTESIAN_POINT('Ctrl Pts',(40.2522875406916,22.0108725819408,4.381404318568));
#2302=CARTESIAN_POINT('Ctrl Pts',(42.913728905272,16.6877750148447,6.88896209564229));
#2303=CARTESIAN_POINT('Ctrl Pts',(45.5742022529899,11.3646774477485,9.39618235885971));
#2304=CARTESIAN_POINT('Ctrl Pts',(48.2356436175703,6.04157988065237,11.903740135934));
#2305=CARTESIAN_POINT('Ctrl Pts',(40.3881620913157,22.0108725819408,3.46170058765185));
#2306=CARTESIAN_POINT('Ctrl Pts',(43.1029383794808,16.6877750148447,5.83543346478936));
#2307=CARTESIAN_POINT('Ctrl Pts',(45.8207562676548,11.3646774477485,8.20674827927501));
#2308=CARTESIAN_POINT('Ctrl Pts',(48.5355325558199,6.04157988065236,10.5804811564125));
#2309=CARTESIAN_POINT('Ctrl Pts',(40.3881620951903,22.0108725819408,2.95988385018213));
#2310=CARTESIAN_POINT('Ctrl Pts',(43.1039522689623,16.6877750148447,5.20756265298719));
#2311=CARTESIAN_POINT('Ctrl Pts',(45.8197424427344,11.3646774477485,7.45524145579224));
#2312=CARTESIAN_POINT('Ctrl Pts',(48.5355326165064,6.04157988065236,9.7029202585973));
#2313=CARTESIAN_POINT('',(38.6070081107973,15.421252403085,10.8854632182774));
#2314=CARTESIAN_POINT('',(40.21870125742,11.6418187040727,12.7978651904903));
#2315=CARTESIAN_POINT('',(35.332500377052,23.1,6.99999962294998));
#2316=CARTESIAN_POINT('',(42.6068544173804,6.04157988065236,15.6315986605527));
#2317=CARTESIAN_POINT('',(35.332500377052,23.1,6.99999962294998));
#2318=CARTESIAN_POINT('',(43.5593548353942,6.16386544155022,15.4838268985453));
#2319=CARTESIAN_POINT('Ctrl Pts',(43.5593548353085,6.16386544154732,15.4838268985617));
#2320=CARTESIAN_POINT('Ctrl Pts',(43.278434132465,6.15427592056326,15.5377866745029));
#2321=CARTESIAN_POINT('Ctrl Pts',(42.9681905102448,6.12248383402775,15.5906610360045));
#2322=CARTESIAN_POINT('Ctrl Pts',(42.606854381335,6.04158000882343,15.6315985956979));
#2323=CARTESIAN_POINT('',(48.3870368178571,6.16629048680967,10.6478363794992));
#2324=CARTESIAN_POINT('Ctrl Pts',(48.3870368178571,6.16629048680967,10.6478363794992));
#2325=CARTESIAN_POINT('Ctrl Pts',(48.2551722234916,6.18927741371033,11.3392679583186));
#2326=CARTESIAN_POINT('Ctrl Pts',(47.7618083357988,6.21027181139184,12.6486775750621));
#2327=CARTESIAN_POINT('Ctrl Pts',(46.1967640923661,6.2145021725225,14.5123253852055));
#2328=CARTESIAN_POINT('Ctrl Pts',(44.5976694195974,6.19930948541024,15.2843854298921));
#2329=CARTESIAN_POINT('Ctrl Pts',(43.5593548353942,6.16386544155022,15.4838268985453));
#2330=CARTESIAN_POINT('',(48.5330680541362,6.04641055795707,9.7008805043294));
#2331=CARTESIAN_POINT('Ctrl Pts',(48.5330680107634,6.04641064296996,9.70088048067056));
#2332=CARTESIAN_POINT('Ctrl Pts',(48.4925937643187,6.12574232934158,10.0601414199889));
#2333=CARTESIAN_POINT('Ctrl Pts',(48.4403075000568,6.15700423884813,10.3685116766662));
#2334=CARTESIAN_POINT('Ctrl Pts',(48.3870368181793,6.16629048675355,10.6478363778099));
#2335=CARTESIAN_POINT('',(40.528322427829,21.7361506491209,3.07588523044651));
#2336=CARTESIAN_POINT('',(39.832500377052,23.1,2.49999962294998));
#2337=CARTESIAN_POINT('',(35.9172605923665,21.7287324803531,7.69386407933392));
#2338=CARTESIAN_POINT('Ctrl Pts',(35.9172605887437,21.7287324883448,7.69386407529011));
#2339=CARTESIAN_POINT('Ctrl Pts',(36.6560827536949,21.8591040354346,7.6278957701643));
#2340=CARTESIAN_POINT('Ctrl Pts',(37.6363707555833,21.9623230439629,7.29286284626634));
#2341=CARTESIAN_POINT('Ctrl Pts',(38.9796396413481,22.027373167651,6.3702257196896));
#2342=CARTESIAN_POINT('Ctrl Pts',(40.0195606578823,21.9961731505658,5.11574113364546));
#2343=CARTESIAN_POINT('Ctrl Pts',(40.4610632967332,21.867982216892,3.82418719311501));
#2344=CARTESIAN_POINT('Ctrl Pts',(40.5283224242039,21.7361506562262,3.07588522734284));
#2345=CARTESIAN_POINT('',(35.332500377052,23.1,6.99999962294998));
#2346=CARTESIAN_POINT('Origin',(2.78925512571663,5.19,-0.000303586447947923));
#2347=CARTESIAN_POINT('',(42.6068542353499,5.18999999999999,-15.9469736937955));
#2348=CARTESIAN_POINT('',(-27.1675007779647,5.18999999999999,-15.946974470323));
#2349=CARTESIAN_POINT('',(39.1512501885233,5.18999999999999,-15.9469736937959));
#2350=CARTESIAN_POINT('',(43.2704649721901,5.18999999999999,-15.9204504864523));
#2351=CARTESIAN_POINT('Ctrl Pts',(43.2704648197888,5.18999999359936,-15.9204504813485));
#2352=CARTESIAN_POINT('Ctrl Pts',(43.2235624147191,5.18999998335645,-15.9241033162166));
#2353=CARTESIAN_POINT('Ctrl Pts',(43.1765471403264,5.19006984107387,-15.9274117362394));
#2354=CARTESIAN_POINT('Ctrl Pts',(43.1295000749267,5.19012917034186,-15.9303502907186));
#2355=CARTESIAN_POINT('Ctrl Pts',(43.085593369955,5.19018453942053,-15.9330926986342));
#2356=CARTESIAN_POINT('Ctrl Pts',(43.0416586762822,5.19023046347743,-15.9355132496106));
#2357=CARTESIAN_POINT('Ctrl Pts',(42.9977660205358,5.19024745129418,-15.9375948504834));
#2358=CARTESIAN_POINT('Ctrl Pts',(42.9829310400655,5.19025319289093,-15.9382983966181));
#2359=CARTESIAN_POINT('Ctrl Pts',(42.9681009185545,5.19025605271752,-15.9389632377331));
#2360=CARTESIAN_POINT('Ctrl Pts',(42.9532785803719,5.19025664319973,-15.93958873405));
#2361=CARTESIAN_POINT('Ctrl Pts',(42.9122253332226,5.19025827865102,-15.9413211634798));
#2362=CARTESIAN_POINT('Ctrl Pts',(42.8710845917243,5.19025541557202,-15.9427541942702));
#2363=CARTESIAN_POINT('Ctrl Pts',(42.82990028638,5.19022624039258,-15.9438833754968));
#2364=CARTESIAN_POINT('Ctrl Pts',(42.7908560560862,5.19019858125362,-15.9449538806682));
#2365=CARTESIAN_POINT('Ctrl Pts',(42.751772331934,5.19014727396216,-15.9457513134359));
#2366=CARTESIAN_POINT('Ctrl Pts',(42.7127058118682,5.19009491721715,-15.946268053369));
#2367=CARTESIAN_POINT('Ctrl Pts',(42.6773877591712,5.19004758414842,-15.9467352116456));
#2368=CARTESIAN_POINT('Ctrl Pts',(42.6420836776886,5.18999975240641,-15.9469729273761));
#2369=CARTESIAN_POINT('Ctrl Pts',(42.6068542353499,5.18999959932593,-15.9469725129143));
#2370=CARTESIAN_POINT('',(48.8264553662776,5.18999999999999,-10.3614350014603));
#2371=CARTESIAN_POINT('Ctrl Pts',(48.8264553662776,5.18999999999999,-10.3614350014604));
#2372=CARTESIAN_POINT('Ctrl Pts',(48.776995776504,5.18999999999999,-10.9994953275737));
#2373=CARTESIAN_POINT('Ctrl Pts',(48.6259375411311,5.19000000000058,-11.6258685919368));
#2374=CARTESIAN_POINT('Ctrl Pts',(48.1321470516486,5.19000000000058,-12.8102112237628));
#2375=CARTESIAN_POINT('Ctrl Pts',(47.7915453758471,5.18999999999471,-13.360616572565));
#2376=CARTESIAN_POINT('Ctrl Pts',(46.8548129234801,5.18999999999471,-14.4436445392488));
#2377=CARTESIAN_POINT('Ctrl Pts',(46.2270734753729,5.18999999999999,-14.9338061316696));
#2378=CARTESIAN_POINT('Ctrl Pts',(44.8205256468055,5.18999999999999,-15.6446961396712));
#2379=CARTESIAN_POINT('Ctrl Pts',(44.055091963474,5.18999999999999,-15.8593420946438));
#2380=CARTESIAN_POINT('Ctrl Pts',(43.2704649721904,5.18999999999999,-15.9204504864522));
#2381=CARTESIAN_POINT('',(48.8527376206619,5.18999999999999,-9.70088074316062));
#2382=CARTESIAN_POINT('Ctrl Pts',(48.8527376206619,5.18999999999999,-9.70088074316062));
#2383=CARTESIAN_POINT('Ctrl Pts',(48.8527376114689,5.18999999999999,-9.81606284249625));
#2384=CARTESIAN_POINT('Ctrl Pts',(48.8501450929039,5.18999999990125,-9.93190237128763));
#2385=CARTESIAN_POINT('Ctrl Pts',(48.8408868725742,5.18999999990125,-10.1517110571634));
#2386=CARTESIAN_POINT('Ctrl Pts',(48.8345618790949,5.18999999999999,-10.2568557247238));
#2387=CARTESIAN_POINT('Ctrl Pts',(48.8264553837159,5.18999999999999,-10.3614347764953));
#2388=CARTESIAN_POINT('',(48.8527376206619,5.19,9.7008805043294));
#2389=CARTESIAN_POINT('',(48.8527376206619,5.18999999999999,-3.78125029500252));
#2390=CARTESIAN_POINT('',(48.8264553762357,5.19,10.3614348335185));
#2391=CARTESIAN_POINT('Ctrl Pts',(48.8264553879488,5.19,10.361434682412));
#2392=CARTESIAN_POINT('Ctrl Pts',(48.8345920891364,5.19,10.2564659480971));
#2393=CARTESIAN_POINT('Ctrl Pts',(48.8409341288175,5.19,10.1509255483691));
#2394=CARTESIAN_POINT('Ctrl Pts',(48.8501626433853,5.19,9.93111487844596));
#2395=CARTESIAN_POINT('Ctrl Pts',(48.852737614554,5.19,9.81567234000637));
#2396=CARTESIAN_POINT('Ctrl Pts',(48.8527376206619,5.19,9.7008805043294));
#2397=CARTESIAN_POINT('',(43.2704651737765,5.19,15.9204504522325));
#2398=CARTESIAN_POINT('Ctrl Pts',(43.2704651737768,5.19,15.9204504522325));
#2399=CARTESIAN_POINT('Ctrl Pts',(43.9084147786306,5.19,15.8707655801454));
#2400=CARTESIAN_POINT('Ctrl Pts',(44.5345910197557,5.19000000000021,15.719497045724));
#2401=CARTESIAN_POINT('Ctrl Pts',(45.718430083567,5.19000000000021,15.2252617572599));
#2402=CARTESIAN_POINT('Ctrl Pts',(46.2684766579301,5.18999999999065,14.8844808570917));
#2403=CARTESIAN_POINT('Ctrl Pts',(47.3514876317411,5.18999999999065,13.946801062535));
#2404=CARTESIAN_POINT('Ctrl Pts',(47.8417062833548,5.18999999996768,13.3180432965254));
#2405=CARTESIAN_POINT('Ctrl Pts',(48.5515835991229,5.18999999996768,11.9106614767832));
#2406=CARTESIAN_POINT('Ctrl Pts',(48.7656738830265,5.19,11.1455552080505));
#2407=CARTESIAN_POINT('Ctrl Pts',(48.8264553762357,5.19,10.3614348335187));
#2408=CARTESIAN_POINT('',(42.6068544173804,5.19,15.9469736763853));
#2409=CARTESIAN_POINT('Ctrl Pts',(42.6068544173804,5.19,15.9469736763853));
#2410=CARTESIAN_POINT('Ctrl Pts',(42.7225669464855,5.19,15.9469736672171));
#2411=CARTESIAN_POINT('Ctrl Pts',(42.8389570353036,5.18999999989392,15.9443571535984));
#2412=CARTESIAN_POINT('Ctrl Pts',(43.0597775711765,5.18999999989392,15.9350150214749));
#2413=CARTESIAN_POINT('Ctrl Pts',(43.1654063655227,5.19,15.9286326495032));
#2414=CARTESIAN_POINT('Ctrl Pts',(43.2704649486537,5.19,15.9204504697656));
#2415=CARTESIAN_POINT('',(-27.1674999951194,5.19,15.9469736763853));
#2416=CARTESIAN_POINT('',(-27.1674998114742,5.19,15.9469736763861));
#2417=CARTESIAN_POINT('Ctrl Pts',(-27.1675007741706,5.18999999999999,-15.9469744304854));
#2418=CARTESIAN_POINT('Ctrl Pts',(-29.5530624883292,5.18999999999999,-15.9469742582687));
#2419=CARTESIAN_POINT('Ctrl Pts',(-31.938674357747,5.18999999999999,-15.4033944944597));
#2420=CARTESIAN_POINT('Ctrl Pts',(-34.0875045244094,5.18999999999999,-14.3686228977447));
#2421=CARTESIAN_POINT('Ctrl Pts',(-36.2363346912539,5.18999999999999,-13.333851300942));
#2422=CARTESIAN_POINT('Ctrl Pts',(-38.1483831553028,5.18999999999999,-11.80788787115));
#2423=CARTESIAN_POINT('Ctrl Pts',(-39.6357055167841,5.19,-9.9429262290284));
#2424=CARTESIAN_POINT('Ctrl Pts',(-41.1230278782654,5.19,-8.07796458690681));
#2425=CARTESIAN_POINT('Ctrl Pts',(-42.185624137179,5.19,-5.87400473245564));
#2426=CARTESIAN_POINT('Ctrl Pts',(-42.7163206058348,5.19,-3.54871890334496));
#2427=CARTESIAN_POINT('Ctrl Pts',(-43.2470170744906,5.19,-1.22343307423428));
#2428=CARTESIAN_POINT('Ctrl Pts',(-43.2458137528885,5.19,1.22317872953591));
#2429=CARTESIAN_POINT('Ctrl Pts',(-42.7150048256262,5.19,3.54881912274037));
#2430=CARTESIAN_POINT('Ctrl Pts',(-42.1841958983639,5.19,5.87445951594483));
#2431=CARTESIAN_POINT('Ctrl Pts',(-41.1237813654413,5.19,8.07912849858356));
#2432=CARTESIAN_POINT('Ctrl Pts',(-39.6366609678713,5.19,9.94392555704198));
#2433=CARTESIAN_POINT('Ctrl Pts',(-38.1495405703013,5.19,11.8087226155004));
#2434=CARTESIAN_POINT('Ctrl Pts',(-36.2357143080839,5.19,13.3336477497785));
#2435=CARTESIAN_POINT('Ctrl Pts',(-34.0865945933674,5.19,14.368210501008));
#2436=CARTESIAN_POINT('Ctrl Pts',(-31.937474878651,5.19,15.4027732522375));
#2437=CARTESIAN_POINT('Ctrl Pts',(-29.5530617114355,5.19,15.9469736204185));
#2438=CARTESIAN_POINT('Ctrl Pts',(-27.1674999970747,5.19,15.9469736763853));
#2439=CARTESIAN_POINT('',(41.71870125742,5.18999999999999,-13.8812989849969));
#2440=CARTESIAN_POINT('',(-31.9564322613781,5.18999999999999,-13.5518923847698));
#2441=CARTESIAN_POINT('Ctrl Pts',(-27.1675007779645,5.18999999999999,-14.3731577477991));
#2442=CARTESIAN_POINT('Ctrl Pts',(-28.794839990401,5.18999999999999,-14.3731576168986));
#2443=CARTESIAN_POINT('Ctrl Pts',(-30.4220497246994,5.18999999999999,-14.0941085273979));
#2444=CARTESIAN_POINT('Ctrl Pts',(-31.9564322613781,5.18999999999999,-13.5518923847698));
#2445=CARTESIAN_POINT('',(-30.6133791232451,5.18999999999999,-11.6484322066342));
#2446=CARTESIAN_POINT('',(-30.6133791232451,5.18999999999999,-11.6484322066342));
#2447=CARTESIAN_POINT('',(-36.9866208767549,5.18999999999999,-7.15156779336588));
#2448=CARTESIAN_POINT('Origin',(-33.8,5.18999999999999,-9.40000000000004));
#2449=CARTESIAN_POINT('',(-38.3296738255186,5.18999999999999,-9.05502770311531));
#2450=CARTESIAN_POINT('',(-36.9866208767549,5.18999999999999,-7.15156779336588));
#2451=CARTESIAN_POINT('',(-27.1674999581543,5.18999999999872,14.3731569937033));
#2452=CARTESIAN_POINT('Ctrl Pts',(-38.3296738255186,5.18999999999999,-9.05502770311531));
#2453=CARTESIAN_POINT('Ctrl Pts',(-39.300883334832,5.19,-7.85781323431478));
#2454=CARTESIAN_POINT('Ctrl Pts',(-40.0822780328277,5.18999999999999,-6.50443660583206));
#2455=CARTESIAN_POINT('Ctrl Pts',(-40.624050237216,5.18999999999999,-5.0616257864814));
#2456=CARTESIAN_POINT('Ctrl Pts',(-41.7075946459926,5.18999999999999,-2.17600414778009));
#2457=CARTESIAN_POINT('Ctrl Pts',(-41.8326490803396,5.18999999999999,1.06735425439296));
#2458=CARTESIAN_POINT('Ctrl Pts',(-40.9701221767297,5.18999999999999,4.02428238595514));
#2459=CARTESIAN_POINT('Ctrl Pts',(-40.1075952731199,5.18999999999999,6.98121051751733));
#2460=CARTESIAN_POINT('Ctrl Pts',(-38.2574870315531,5.19,9.65170837846865));
#2461=CARTESIAN_POINT('Ctrl Pts',(-35.7932244792088,5.19,11.4996949795597));
#2462=CARTESIAN_POINT('Ctrl Pts',(-33.3289619269689,5.19,13.3476815805724));
#2463=CARTESIAN_POINT('Ctrl Pts',(-30.2505450640035,5.19,14.3731569217945));
#2464=CARTESIAN_POINT('Ctrl Pts',(-27.1674999581543,5.19,14.3731569936991));
#2465=CARTESIAN_POINT('',(-2.69999999999999,5.18999999999999,14.3731569937006));
#2466=CARTESIAN_POINT('',(-27.1674998114742,5.19,14.3731569936999));
#2467=CARTESIAN_POINT('',(-2.69999999999999,5.18999999999999,11.6));
#2468=CARTESIAN_POINT('',(-2.69999999999999,5.18999999999999,11.6));
#2469=CARTESIAN_POINT('',(-1.70688837074972,5.18999999999999,8.99999999999998));
#2470=CARTESIAN_POINT('Origin',(1.20000000000001,5.18999999999999,11.6));
#2471=CARTESIAN_POINT('',(4.10688837074976,5.18999999999999,8.99999999999998));
#2472=CARTESIAN_POINT('',(-1.70688837074973,5.18999999999999,8.99999999999998));
#2473=CARTESIAN_POINT('',(5.10000000000002,5.18999999999999,11.6));
#2474=CARTESIAN_POINT('Origin',(1.20000000000001,5.18999999999999,11.6));
#2475=CARTESIAN_POINT('',(5.10000000000002,5.18999999999999,11.6));
#2476=CARTESIAN_POINT('',(41.71870125742,5.18999999999999,13.881298984997));
#2477=CARTESIAN_POINT('',(43.2704649486496,5.1899999999864,14.3282850355588));
#2478=CARTESIAN_POINT('Ctrl Pts',(42.6068544173803,5.18999991261978,14.3731567953047));
#2479=CARTESIAN_POINT('Ctrl Pts',(42.6452669922172,5.19000301490189,14.3731555664897));
#2480=CARTESIAN_POINT('Ctrl Pts',(42.6837682893375,5.1900603310457,14.3726797431823));
#2481=CARTESIAN_POINT('Ctrl Pts',(42.722270936487,5.19011247043444,14.3717470368225));
#2482=CARTESIAN_POINT('Ctrl Pts',(42.7629840866643,5.19016760323494,14.3707607821904));
#2483=CARTESIAN_POINT('Ctrl Pts',(42.8036992090175,5.19021684082615,14.3692636859484));
#2484=CARTESIAN_POINT('Ctrl Pts',(42.8443446311012,5.19024082623365,14.3672683969868));
#2485=CARTESIAN_POINT('Ctrl Pts',(42.8789113833386,5.19026122453672,14.3655715107044));
#2486=CARTESIAN_POINT('Ctrl Pts',(42.9134284678698,5.19026439992126,14.3635141194987));
#2487=CARTESIAN_POINT('Ctrl Pts',(42.9478644240776,5.19026477008558,14.3610998761781));
#2488=CARTESIAN_POINT('Ctrl Pts',(42.9914490847938,5.19026523859257,14.3580442335416));
#2489=CARTESIAN_POINT('Ctrl Pts',(43.0350847050398,5.19024158584326,14.3544114666762));
#2490=CARTESIAN_POINT('Ctrl Pts',(43.0786848478358,5.19019469377627,14.3502267504615));
#2491=CARTESIAN_POINT('Ctrl Pts',(43.1253045779621,5.19014455413526,14.3457522160203));
#2492=CARTESIAN_POINT('Ctrl Pts',(43.1718841950967,5.19006809735028,14.3406461403019));
#2493=CARTESIAN_POINT('Ctrl Pts',(43.2183255960568,5.19002609181597,14.334943649908));
#2494=CARTESIAN_POINT('Ctrl Pts',(43.2357264439541,5.19001035301614,14.3328070182404));
#2495=CARTESIAN_POINT('Ctrl Pts',(43.2531079255932,5.18999999641273,14.3305867386292));
#2496=CARTESIAN_POINT('Ctrl Pts',(43.2704649474102,5.18999999580829,14.3282850270864));
#2497=CARTESIAN_POINT('',(47.2332384180135,5.18999999998213,10.3614347204188));
#2498=CARTESIAN_POINT('Ctrl Pts',(43.2704650042467,5.19,14.328285028143));
#2499=CARTESIAN_POINT('Ctrl Pts',(43.8530397394982,5.19,14.2510299301575));
#2500=CARTESIAN_POINT('Ctrl Pts',(44.4155770954949,5.19,14.0604595850593));
#2501=CARTESIAN_POINT('Ctrl Pts',(45.450768372359,5.19,13.472561134621));
#2502=CARTESIAN_POINT('Ctrl Pts',(45.9122803586617,5.18999999999976,13.0751810399101));
#2503=CARTESIAN_POINT('Ctrl Pts',(46.5386720748277,5.18999999999976,12.279116867582));
#2504=CARTESIAN_POINT('Ctrl Pts',(46.7488967636427,5.19000000000018,11.924160047977));
#2505=CARTESIAN_POINT('Ctrl Pts',(47.0699744822878,5.19000000000018,11.1677672359942));
#2506=CARTESIAN_POINT('Ctrl Pts',(47.1793948987459,5.19,10.7690842745282));
#2507=CARTESIAN_POINT('Ctrl Pts',(47.2332384179563,5.19,10.361434720424));
#2508=CARTESIAN_POINT('',(47.2777372967747,5.18999999999856,9.7008805043294));
#2509=CARTESIAN_POINT('Ctrl Pts',(47.2332384148246,5.18999999591938,10.3614346812149));
#2510=CARTESIAN_POINT('Ctrl Pts',(47.2393961365289,5.1899999975303,10.3148145616349));
#2511=CARTESIAN_POINT('Ctrl Pts',(47.2449664109189,5.19006871208067,10.268019432626));
#2512=CARTESIAN_POINT('Ctrl Pts',(47.249908895028,5.19012679150522,10.2211476694031));
#2513=CARTESIAN_POINT('Ctrl Pts',(47.2545159108646,5.19018092882215,10.1774573002104));
#2514=CARTESIAN_POINT('Ctrl Pts',(47.2585779122818,5.19022553035994,10.1336999955299));
#2515=CARTESIAN_POINT('Ctrl Pts',(47.2620678810172,5.19024159240876,10.089960744476));
#2516=CARTESIAN_POINT('Ctrl Pts',(47.2632966525135,5.19024724764216,10.0745607369006));
#2517=CARTESIAN_POINT('Ctrl Pts',(47.2644545358901,5.19024981508407,10.0591630428366));
#2518=CARTESIAN_POINT('Ctrl Pts',(47.2655403859235,5.19025001503321,10.0437716825664));
#2519=CARTESIAN_POINT('Ctrl Pts',(47.268442331599,5.19025054939941,10.002638109788));
#2520=CARTESIAN_POINT('Ctrl Pts',(47.2708344372384,5.1902475814635,9.96139022879258));
#2521=CARTESIAN_POINT('Ctrl Pts',(47.2727102803842,5.19021917911037,9.92008050760526));
#2522=CARTESIAN_POINT('Ctrl Pts',(47.2744796763059,5.19019238848669,9.88111496170672));
#2523=CARTESIAN_POINT('Ctrl Pts',(47.2757897621502,5.19014297618946,9.8420940258046));
#2524=CARTESIAN_POINT('Ctrl Pts',(47.2766288454134,5.19009237952039,9.80308205441055));
#2525=CARTESIAN_POINT('Ctrl Pts',(47.2773621571083,5.19004816087038,9.76898778019871));
#2526=CARTESIAN_POINT('Ctrl Pts',(47.277735652449,5.19000351012634,9.73490037117011));
#2527=CARTESIAN_POINT('Ctrl Pts',(47.2777371032697,5.18999991401759,9.70088050432939));
#2528=CARTESIAN_POINT('',(47.2777372967747,5.18999999999855,-9.70088074316062));
#2529=CARTESIAN_POINT('',(47.27773729677,5.18999999999999,-3.78125029500252));
#2530=CARTESIAN_POINT('',(47.2332384085143,5.18999999998212,-10.3614348318133));
#2531=CARTESIAN_POINT('Ctrl Pts',(47.27773729677,5.18999999999999,-9.70088074316061));
#2532=CARTESIAN_POINT('Ctrl Pts',(47.2777372815829,5.18999999999999,-9.81397819199487));
#2533=CARTESIAN_POINT('Ctrl Pts',(47.2735322802714,5.18999999999999,-9.92772378726774));
#2534=CARTESIAN_POINT('Ctrl Pts',(47.2581763064665,5.18999999999999,-10.1475719585197));
#2535=CARTESIAN_POINT('Ctrl Pts',(47.2473012579866,5.18999999999999,-10.2549649222922));
#2536=CARTESIAN_POINT('Ctrl Pts',(47.2332384157643,5.18999999999999,-10.3614347764953));
#2537=CARTESIAN_POINT('',(43.2704648216836,5.1899999999864,-14.3282850839295));
#2538=CARTESIAN_POINT('Ctrl Pts',(47.2332384084571,5.18999999999999,-10.3614348318185));
#2539=CARTESIAN_POINT('Ctrl Pts',(47.156345838374,5.18999999999999,-10.9435887845911));
#2540=CARTESIAN_POINT('Ctrl Pts',(46.9663581756736,5.18999999999997,-11.5060103229299));
#2541=CARTESIAN_POINT('Ctrl Pts',(46.37932237678,5.18999999999997,-12.5430308717222));
#2542=CARTESIAN_POINT('Ctrl Pts',(45.9813998483264,5.18999999999705,-13.0063231318049));
#2543=CARTESIAN_POINT('Ctrl Pts',(45.1848960330735,5.18999999999705,-13.6337649727589));
#2544=CARTESIAN_POINT('Ctrl Pts',(44.8306483468383,5.19000000000003,-13.8438642132502));
#2545=CARTESIAN_POINT('Ctrl Pts',(44.0755337512635,5.19000000000003,-14.1648797952629));
#2546=CARTESIAN_POINT('Ctrl Pts',(43.6775214208901,5.18999999999999,-14.2743054189684));
#2547=CARTESIAN_POINT('Ctrl Pts',(43.2704648591714,5.18999999999999,-14.3282850789149));
#2548=CARTESIAN_POINT('Ctrl Pts',(43.2704648204492,5.18999999582503,-14.3282850754907));
#2549=CARTESIAN_POINT('Ctrl Pts',(43.2237471608987,5.18999999744859,-14.3344802946358));
#2550=CARTESIAN_POINT('Ctrl Pts',(43.1768533071512,5.1900713112095,-14.3400847038889));
#2551=CARTESIAN_POINT('Ctrl Pts',(43.1298828417319,5.19013239615047,-14.3450587041414));
#2552=CARTESIAN_POINT('Ctrl Pts',(43.0861082903808,5.19018932481535,-14.3496942687995));
#2553=CARTESIAN_POINT('Ctrl Pts',(43.0422668413818,5.19023706055146,-14.3537827560293));
#2554=CARTESIAN_POINT('Ctrl Pts',(42.9984429924753,5.19025493760341,-14.357297923537));
#2555=CARTESIAN_POINT('Ctrl Pts',(42.9827414006652,5.19026134274991,-14.3585573684905));
#2556=CARTESIAN_POINT('Ctrl Pts',(42.9670421321447,5.1902643800805,-14.3597432411574));
#2557=CARTESIAN_POINT('Ctrl Pts',(42.9513493567104,5.19026474789203,-14.3608543699064));
#2558=CARTESIAN_POINT('Ctrl Pts',(42.9103379854376,5.1902657091277,-14.3637581847129));
#2559=CARTESIAN_POINT('Ctrl Pts',(42.8692099518959,5.19026187627549,-14.3661563400823));
#2560=CARTESIAN_POINT('Ctrl Pts',(42.8280198793247,5.19023175922843,-14.3680420936487));
#2561=CARTESIAN_POINT('Ctrl Pts',(42.7892069297041,5.19020338026822,-14.3698190183686));
#2562=CARTESIAN_POINT('Ctrl Pts',(42.7503385197509,5.19015166901542,-14.3711410052215));
#2563=CARTESIAN_POINT('Ctrl Pts',(42.7114799280858,5.19009866856105,-14.3719961473699));
#2564=CARTESIAN_POINT('Ctrl Pts',(42.6765747391303,5.19005106027688,-14.3727642889055));
#2565=CARTESIAN_POINT('Ctrl Pts',(42.6416773805637,5.19000277513339,-14.3731556914575));
#2566=CARTESIAN_POINT('Ctrl Pts',(42.60685423535,5.18999991266389,-14.3731568246744));
#2567=CARTESIAN_POINT('',(0.10000000000001,5.18999999999999,11.6));
#2568=CARTESIAN_POINT('Origin',(1.20000000000001,5.18999999999999,11.6));
#2569=CARTESIAN_POINT('',(-34.9,5.18999999999999,-9.40000000000004));
#2570=CARTESIAN_POINT('Origin',(-33.8,5.18999999999999,-9.40000000000004));
#2571=CARTESIAN_POINT('Ctrl Pts',(-27.1674997136605,21.7287324803528,-7.69386483343414));
#2572=CARTESIAN_POINT('Ctrl Pts',(-27.167500059574,16.4996816137859,-10.339776360507));
#2573=CARTESIAN_POINT('Ctrl Pts',(-27.1675004054876,11.2706307472191,-12.9856878875799));
#2574=CARTESIAN_POINT('Ctrl Pts',(-27.1675007514012,6.04157988065229,-15.6315994146528));
#2575=CARTESIAN_POINT('Ctrl Pts',(-28.3184991391038,21.7287324803528,-7.69386481986359));
#2576=CARTESIAN_POINT('Ctrl Pts',(-28.7142622664777,16.4996816137859,-10.340202242027));
#2577=CARTESIAN_POINT('Ctrl Pts',(-29.1102193008281,11.2706307472191,-12.9852618236731));
#2578=CARTESIAN_POINT('Ctrl Pts',(-29.505982428202,6.04157988065229,-15.6315992458366));
#2579=CARTESIAN_POINT('Ctrl Pts',(-30.6194124610414,21.7287324803528,-7.16849937469265));
#2580=CARTESIAN_POINT('Ctrl Pts',(-31.8067125438493,16.4996816137859,-9.63372762496916));
#2581=CARTESIAN_POINT('Ctrl Pts',(-32.9934401692118,11.2706307472191,-12.0989875261837));
#2582=CARTESIAN_POINT('Ctrl Pts',(-34.1807402520197,6.04157988065229,-14.5642157764602));
#2583=CARTESIAN_POINT('Ctrl Pts',(-33.3894545383281,21.7287324803528,-4.96162541354877));
#2584=CARTESIAN_POINT('Ctrl Pts',(-35.5288409197559,16.499681613786,-6.66784466256733));
#2585=CARTESIAN_POINT('Ctrl Pts',(-37.6692388775661,11.2706307472191,-8.37429785535531));
#2586=CARTESIAN_POINT('Ctrl Pts',(-39.8086252589938,6.04157988065229,-10.0805171043739));
#2587=CARTESIAN_POINT('Ctrl Pts',(-34.9240553843517,21.7287324803528,-1.77044176990447));
#2588=CARTESIAN_POINT('Ctrl Pts',(-37.5918488437571,16.4996816137859,-2.3792830063172));
#2589=CARTESIAN_POINT('Ctrl Pts',(-40.2586749865561,11.2706307472191,-2.9881586584471));
#2590=CARTESIAN_POINT('Ctrl Pts',(-42.9264684459614,6.04157988065229,-3.59699989485983));
#2591=CARTESIAN_POINT('Ctrl Pts',(-34.9259810122095,21.7287324803528,1.77067213048253));
#2592=CARTESIAN_POINT('Ctrl Pts',(-37.593757324081,16.499681613786,2.37951277487599));
#2593=CARTESIAN_POINT('Ctrl Pts',(-40.262604277344,11.2706307472191,2.98862870024204));
#2594=CARTESIAN_POINT('Ctrl Pts',(-42.9303805892155,6.04157988065229,3.5974693446355));
#2595=CARTESIAN_POINT('Ctrl Pts',(-33.387785950756,21.7287324803528,4.96047559607767));
#2596=CARTESIAN_POINT('Ctrl Pts',(-35.5272064628616,16.4996816137859,6.66666651103921));
#2597=CARTESIAN_POINT('Ctrl Pts',(-37.6658142682721,11.2706307472191,8.37199140780788));
#2598=CARTESIAN_POINT('Ctrl Pts',(-39.8052347803777,6.04157988065229,10.0781823227694));
#2599=CARTESIAN_POINT('Ctrl Pts',(-30.6204322239867,21.7287324803528,7.16927295901846));
#2600=CARTESIAN_POINT('Ctrl Pts',(-31.807656983976,16.4996816137859,9.63451867153858));
#2601=CARTESIAN_POINT('Ctrl Pts',(-32.9955867411074,11.2706307472191,12.1005428193092));
#2602=CARTESIAN_POINT('Ctrl Pts',(-34.1828115010967,6.0415798806523,14.5657885318293));
#2603=CARTESIAN_POINT('Ctrl Pts',(-28.3184990772601,21.7287324803528,7.69386407501532));
#2604=CARTESIAN_POINT('Ctrl Pts',(-28.7143052944383,16.4996816137859,10.3401862204063));
#2605=CARTESIAN_POINT('Ctrl Pts',(-29.110175441695,11.2706307472191,12.9852764614369));
#2606=CARTESIAN_POINT('Ctrl Pts',(-29.5059816588732,6.0415798806523,15.6315986068279));
#2607=CARTESIAN_POINT('Ctrl Pts',(-27.1674996518168,21.7287324803528,7.69386407933408));
#2608=CARTESIAN_POINT('Ctrl Pts',(-27.167499761902,16.4996816137859,10.339775606407));
#2609=CARTESIAN_POINT('Ctrl Pts',(-27.1674998719872,11.2706307472191,12.9856871334799));
#2610=CARTESIAN_POINT('Ctrl Pts',(-27.1674999820724,6.0415798806523,15.6315986605528));
#2611=CARTESIAN_POINT('',(-27.1674999858741,6.0415798806523,15.6315986605528));
#2612=CARTESIAN_POINT('',(-27.1675007514012,6.04158012122167,-15.6315992929241));
#2613=CARTESIAN_POINT('Ctrl Pts',(-27.1674999858741,6.0415798806523,15.6315986605528));
#2614=CARTESIAN_POINT('Ctrl Pts',(-29.5059816614076,6.0415798806523,15.6315986062503));
#2615=CARTESIAN_POINT('Ctrl Pts',(-31.8443965811263,6.0415798806523,15.0986935687789));
#2616=CARTESIAN_POINT('Ctrl Pts',(-33.9506745870876,6.0415798806523,14.0843066824023));
#2617=CARTESIAN_POINT('Ctrl Pts',(-36.0569525941903,6.0415798806523,13.069919795476));
#2618=CARTESIAN_POINT('Ctrl Pts',(-37.931093687284,6.0415798806523,11.5740510591227));
#2619=CARTESIAN_POINT('Ctrl Pts',(-39.3890218686372,6.0415798806523,9.74599786125708));
#2620=CARTESIAN_POINT('Ctrl Pts',(-40.8469500499903,6.0415798806523,7.91794466339145));
#2621=CARTESIAN_POINT('Ctrl Pts',(-41.8886653196029,6.0415798806523,5.75770700401347));
#2622=CARTESIAN_POINT('Ctrl Pts',(-42.4088709305335,6.0415798806523,3.47850996774193));
#2623=CARTESIAN_POINT('Ctrl Pts',(-42.9290765414641,6.0415798806523,1.19931293147039));
#2624=CARTESIAN_POINT('Ctrl Pts',(-42.9277724937128,6.0415798806523,-1.19884348169472));
#2625=CARTESIAN_POINT('Ctrl Pts',(-42.4074799386758,6.0415798806523,-3.47850788986295));
#2626=CARTESIAN_POINT('Ctrl Pts',(-41.8871873836389,6.0415798806523,-5.75817229803117));
#2627=CARTESIAN_POINT('Ctrl Pts',(-40.8479063213163,6.0415798806523,-7.91934470120252));
#2628=CARTESIAN_POINT('Ctrl Pts',(-39.3902849556594,6.0415798806523,-9.74721401480258));
#2629=CARTESIAN_POINT('Ctrl Pts',(-37.9326635900024,6.0415798806523,-11.5750833284026));
#2630=CARTESIAN_POINT('Ctrl Pts',(-36.056701921011,6.0415798806523,-13.0696495524314));
#2631=CARTESIAN_POINT('Ctrl Pts',(-33.9500316305609,6.0415798806523,-14.0837785317899));
#2632=CARTESIAN_POINT('Ctrl Pts',(-31.8433613401108,6.0415798806523,-15.0979075111484));
#2633=CARTESIAN_POINT('Ctrl Pts',(-29.505982428202,6.0415798806523,-15.6315992458366));
#2634=CARTESIAN_POINT('Ctrl Pts',(-27.1675007514012,6.0415798806523,-15.6315994146528));
#2635=CARTESIAN_POINT('',(-27.1674996518168,21.7287324803527,7.69386407933409));
#2636=CARTESIAN_POINT('',(-27.167499622948,23.1,6.99999962294997));
#2637=CARTESIAN_POINT('',(-27.1674997136605,21.7287324288385,-7.69386485950047));
#2638=CARTESIAN_POINT('Ctrl Pts',(-27.1674997136605,21.7287324803527,-7.69386483343416));
#2639=CARTESIAN_POINT('Ctrl Pts',(-28.3184509153705,21.7287324803527,-7.69386481986417));
#2640=CARTESIAN_POINT('Ctrl Pts',(-31.7969672169599,21.7287324803528,-6.92752562486994));
#2641=CARTESIAN_POINT('Ctrl Pts',(-34.9431905355673,21.7287324803527,-2.96440996750525));
#2642=CARTESIAN_POINT('Ctrl Pts',(-34.919588094031,21.7287324803528,1.77416922808583));
#2643=CARTESIAN_POINT('Ctrl Pts',(-33.3922503344195,21.7287324803528,4.95940873827692));
#2644=CARTESIAN_POINT('Ctrl Pts',(-30.6183198158629,21.7287324803527,7.16931662457637));
#2645=CARTESIAN_POINT('Ctrl Pts',(-28.3184508535268,21.7287324803527,7.69386407501551));
#2646=CARTESIAN_POINT('Ctrl Pts',(-27.1674996518168,21.7287324803527,7.69386407933409));
#2647=CARTESIAN_POINT('',(-27.167499622948,23.1,-7.00000037705003));
#2648=CARTESIAN_POINT('',(-33.920119024557,6.68999999999999,-13.7331410049199));
#2649=CARTESIAN_POINT('',(-37.8421138431296,6.68999999999999,-10.9658396763527));
#2650=CARTESIAN_POINT('Ctrl Pts',(-33.9203294804374,6.69000000000048,-13.7333421665438));
#2651=CARTESIAN_POINT('Ctrl Pts',(-35.3618731380799,6.69000000000048,-13.0245918238094));
#2652=CARTESIAN_POINT('Ctrl Pts',(-36.690538985479,6.69000000000048,-12.0854901827787));
#2653=CARTESIAN_POINT('Ctrl Pts',(-37.8428276662137,6.69000000000048,-10.965823711337));
#2654=CARTESIAN_POINT('',(-31.8391786773845,13.7086914702423,-10.7835820054001));
#2655=CARTESIAN_POINT('Ctrl Pts',(-33.9201190170222,6.68999999329943,-13.7331409942411));
#2656=CARTESIAN_POINT('Ctrl Pts',(-33.2435058901477,8.98068387755091,-12.774201912501));
#2657=CARTESIAN_POINT('Ctrl Pts',(-32.522391332478,11.4154508291611,-11.7521925776311));
#2658=CARTESIAN_POINT('Ctrl Pts',(-31.8390025373816,13.7086914702423,-10.783650588698));
#2659=CARTESIAN_POINT('',(-31.4957174812144,17.6785627005867,-8.72921187555114));
#2660=CARTESIAN_POINT('Ctrl Pts',(-31.8391786773845,13.7086914702423,-10.7835820054001));
#2661=CARTESIAN_POINT('Ctrl Pts',(-31.7851187988066,13.8900924234285,-10.7069582920481));
#2662=CARTESIAN_POINT('Ctrl Pts',(-31.7359060207828,14.0723804209113,-10.6277019000492));
#2663=CARTESIAN_POINT('Ctrl Pts',(-31.6916538182475,14.2546263483501,-10.5463378579048));
#2664=CARTESIAN_POINT('Ctrl Pts',(-31.6466207784698,14.4400880345367,-10.4635381341298));
#2665=CARTESIAN_POINT('Ctrl Pts',(-31.6067242487887,14.6255061529154,-10.3785563169971));
#2666=CARTESIAN_POINT('Ctrl Pts',(-31.5720376721059,14.8099015330806,-10.2919152127363));
#2667=CARTESIAN_POINT('Ctrl Pts',(-31.5369905914591,14.9962133683088,-10.2043736315612));
#2668=CARTESIAN_POINT('Ctrl Pts',(-31.5072614635071,15.1814810958367,-10.1151386797011));
#2669=CARTESIAN_POINT('Ctrl Pts',(-31.4828910776239,15.364694696761,-10.0247098511022));
#2670=CARTESIAN_POINT('Ctrl Pts',(-31.4619262284009,15.5223058867275,-9.94691761727867));
#2671=CARTESIAN_POINT('Ctrl Pts',(-31.4449261686715,15.6783969286598,-9.86824141470592));
#2672=CARTESIAN_POINT('Ctrl Pts',(-31.4319041640979,15.8323248128729,-9.78897108354757));
#2673=CARTESIAN_POINT('Ctrl Pts',(-31.4246141391137,15.9184972692974,-9.74459368440108));
#2674=CARTESIAN_POINT('Ctrl Pts',(-31.4185850567946,16.00386752452,-9.7000918872532));
#2675=CARTESIAN_POINT('Ctrl Pts',(-31.4138119857961,16.0883142888491,-9.65552023947522));
#2676=CARTESIAN_POINT('Ctrl Pts',(-31.4051900855233,16.2408558246099,-9.57500765077564));
#2677=CARTESIAN_POINT('Ctrl Pts',(-31.4007543122642,16.3897450673448,-9.4945828114011));
#2678=CARTESIAN_POINT('Ctrl Pts',(-31.4003104776282,16.534323788089,-9.41458910069653));
#2679=CARTESIAN_POINT('Ctrl Pts',(-31.3998734827211,16.6766744734782,-9.33582813582551));
#2680=CARTESIAN_POINT('Ctrl Pts',(-31.4033060178563,16.8148464680893,-9.25748499786345));
#2681=CARTESIAN_POINT('Ctrl Pts',(-31.4104583735894,16.948211507389,-9.17985209868142));
#2682=CARTESIAN_POINT('Ctrl Pts',(-31.4174619093351,17.0788016031313,-9.10383451723608));
#2683=CARTESIAN_POINT('Ctrl Pts',(-31.4280318926648,17.2047827003324,-9.02849784856379));
#2684=CARTESIAN_POINT('Ctrl Pts',(-31.442065837594,17.3255649412657,-8.95408393726295));
#2685=CARTESIAN_POINT('Ctrl Pts',(-31.4455392788306,17.355458889006,-8.93566628282642));
#2686=CARTESIAN_POINT('Ctrl Pts',(-31.4492251071581,17.3850343669966,-8.91730499732248));
#2687=CARTESIAN_POINT('Ctrl Pts',(-31.4531221573881,17.4142824321426,-8.89900343514041));
#2688=CARTESIAN_POINT('Ctrl Pts',(-31.4652977925412,17.5056627708937,-8.8418234834574));
#2689=CARTESIAN_POINT('Ctrl Pts',(-31.4795340411704,17.5938471082693,-8.7852273838666));
#2690=CARTESIAN_POINT('Ctrl Pts',(-31.4958061412535,17.6785627005848,-8.72931054185889));
#2691=CARTESIAN_POINT('',(-33.2837937680336,18.4794287373039,-7.05617169441128));
#2692=CARTESIAN_POINT('Ctrl Pts',(-31.4956641571918,17.6785627005879,-8.72915253332124));
#2693=CARTESIAN_POINT('Ctrl Pts',(-31.5742888519619,18.0877231577533,-8.45907966089025));
#2694=CARTESIAN_POINT('Ctrl Pts',(-31.7007102576493,18.4216959474767,-8.20156891207643));
#2695=CARTESIAN_POINT('Ctrl Pts',(-31.8726486649283,18.6432874154113,-7.96985426225254));
#2696=CARTESIAN_POINT('Ctrl Pts',(-31.9474473760576,18.7396867973822,-7.86905097210408));
#2697=CARTESIAN_POINT('Ctrl Pts',(-32.037478833758,18.8232986816967,-7.76427213273329));
#2698=CARTESIAN_POINT('Ctrl Pts',(-32.1451137043683,18.8772401543971,-7.66179651693762));
#2699=CARTESIAN_POINT('Ctrl Pts',(-32.2084418307681,18.908977196324,-7.60150389324409));
#2700=CARTESIAN_POINT('Ctrl Pts',(-32.2769104688433,18.9299580515609,-7.54291143309519));
#2701=CARTESIAN_POINT('Ctrl Pts',(-32.3507423336483,18.937788861085,-7.4869782498569));
#2702=CARTESIAN_POINT('Ctrl Pts',(-32.4161050787711,18.9447214126111,-7.43746106090909));
#2703=CARTESIAN_POINT('Ctrl Pts',(-32.4835610323585,18.9411231460179,-7.39162651710231));
#2704=CARTESIAN_POINT('Ctrl Pts',(-32.5528427765724,18.9273692512681,-7.34948814681498));
#2705=CARTESIAN_POINT('Ctrl Pts',(-32.6415178945135,18.909765360764,-7.29555438695557));
#2706=CARTESIAN_POINT('Ctrl Pts',(-32.7299366158127,18.8761748164487,-7.24965041746233));
#2707=CARTESIAN_POINT('Ctrl Pts',(-32.8166636047906,18.8310724497926,-7.21069656423408));
#2708=CARTESIAN_POINT('Ctrl Pts',(-32.9822634816122,18.7449522414166,-7.13631656589281));
#2709=CARTESIAN_POINT('Ctrl Pts',(-33.1409838444034,18.617317585822,-7.08762424253413));
#2710=CARTESIAN_POINT('Ctrl Pts',(-33.2837937679756,18.47942873736,-7.05617169442406));
#2711=CARTESIAN_POINT('',(-35.7543445522907,13.7317594438715,-8.00672628594385));
#2712=CARTESIAN_POINT('Ctrl Pts',(-33.2837937680336,18.4794287373039,-7.05617169441128));
#2713=CARTESIAN_POINT('Ctrl Pts',(-33.3108377520069,18.4533166596919,-7.05021551023563));
#2714=CARTESIAN_POINT('Ctrl Pts',(-33.3373648534137,18.426782766902,-7.04486405650619));
#2715=CARTESIAN_POINT('Ctrl Pts',(-33.6989033308429,18.0539887180195,-6.97796501729243));
#2716=CARTESIAN_POINT('Ctrl Pts',(-34.0075622077828,17.6001608916064,-6.99565258790308));
#2717=CARTESIAN_POINT('Ctrl Pts',(-34.2558775784919,17.1851371301468,-7.04369449488651));
#2718=CARTESIAN_POINT('Ctrl Pts',(-34.4817123522948,16.8076864833167,-7.08738705071049));
#2719=CARTESIAN_POINT('Ctrl Pts',(-34.7018634554992,16.3881036272277,-7.16373061945678));
#2720=CARTESIAN_POINT('Ctrl Pts',(-35.2456055793097,15.2217627625805,-7.44687204224008));
#2721=CARTESIAN_POINT('Ctrl Pts',(-35.5346965900234,14.4635980990557,-7.69892792763125));
#2722=CARTESIAN_POINT('Ctrl Pts',(-35.7541022701857,13.7317594438715,-8.00662843517783));
#2723=CARTESIAN_POINT('',(-35.7616412032152,13.7086913987753,-8.01660855481727));
#2724=CARTESIAN_POINT('Ctrl Pts',(-35.7549956359526,13.7317594438715,-8.00698923988772));
#2725=CARTESIAN_POINT('Ctrl Pts',(-35.7573024138639,13.7240649041585,-8.01022402873133));
#2726=CARTESIAN_POINT('Ctrl Pts',(-35.7596007217303,13.71637553145,-8.01346393663724));
#2727=CARTESIAN_POINT('Ctrl Pts',(-35.7618905502628,13.7086913710932,-8.01670893169382));
#2728=CARTESIAN_POINT('Ctrl Pts',(-37.8421139200817,6.69000006838112,-10.9658397854141));
#2729=CARTESIAN_POINT('Ctrl Pts',(-37.1655007996272,8.98068393075378,-10.0069007127728));
#2730=CARTESIAN_POINT('Ctrl Pts',(-36.4443862502484,11.4154508542163,-8.98489138965323));
#2731=CARTESIAN_POINT('Ctrl Pts',(-35.7609974626184,13.7086914702423,-8.01634941130212));
#2732=CARTESIAN_POINT('Origin',(-34.8087782370623,6.68999999999999,-10.632619520122));
#2733=CARTESIAN_POINT('',(-35.7609974626184,6.68999999999999,-8.01634941130209));
#2734=CARTESIAN_POINT('',(-37.4472423976944,6.68999999999999,-10.4062027933968));
#2735=CARTESIAN_POINT('',(-31.8390025373816,6.68999999999999,-10.783650588698));
#2736=CARTESIAN_POINT('Origin',(-33.8,6.68999999999999,-9.40000000000004));
#2737=CARTESIAN_POINT('',(-31.8390025373816,6.68999999999999,-10.783650588698));
#2738=CARTESIAN_POINT('',(-34.9,6.68999999999999,-9.40000000000004));
#2739=CARTESIAN_POINT('Origin',(-33.8,6.68999999999999,-9.40000000000004));
#2740=CARTESIAN_POINT('Origin',(-33.8,5.18999999999999,-9.40000000000004));
#2741=CARTESIAN_POINT('',(-31.8390025373816,5.18999999999999,-10.783650588698));
#2742=CARTESIAN_POINT('',(-35.7609974626184,5.18999999999999,-8.01634941130209));
#2743=CARTESIAN_POINT('Origin',(-38.2175489930159,5.18999999999999,-11.4979302072414));
#2744=CARTESIAN_POINT('Origin',(-31.8390025373816,5.18999999999999,-10.783650588698));
#2745=CARTESIAN_POINT('Origin',(3.60000000000001,5.18999999999999,15.9469736763853));
#2746=CARTESIAN_POINT('',(3.60000000000001,14.0091306675583,11.6));
#2747=CARTESIAN_POINT('',(3.60000000000001,6.68999999999999,15.3034966183379));
#2748=CARTESIAN_POINT('',(3.60000000000001,14.168270222356,11.5194750265015));
#2749=CARTESIAN_POINT('',(3.60000000000001,6.68999999999999,11.6));
#2750=CARTESIAN_POINT('',(3.60000000000001,5.18999999999999,11.6));
#2751=CARTESIAN_POINT('',(3.60000000000001,6.68999999999999,14.260230257289));
#2752=CARTESIAN_POINT('Origin',(5.10000000000002,5.18999999999999,14.373156993701));
#2753=CARTESIAN_POINT('',(5.10000000000002,10.686819964824,11.6));
#2754=CARTESIAN_POINT('',(5.10000000000002,5.18999999999999,11.6));
#2755=CARTESIAN_POINT('',(5.10000000000002,13.8080412907673,10.0206549724612));
#2756=CARTESIAN_POINT('Origin',(1.20000000000001,5.18999999999999,11.6));
#2757=CARTESIAN_POINT('',(4.10688837074976,15.8251369924206,8.99999999999998));
#2758=CARTESIAN_POINT('Origin',(1.20000000000001,10.6868199648241,11.6));
#2759=CARTESIAN_POINT('',(4.10688837074976,5.18999999999999,8.99999999999998));
#2760=CARTESIAN_POINT('Origin',(4.10688837074976,5.18999999999999,8.99999999999998));
#2761=CARTESIAN_POINT('',(-1.70688837074972,15.8251369924207,8.99999999999998));
#2762=CARTESIAN_POINT('',(-11.5303056260991,15.8251369924209,8.99999999999998));
#2763=CARTESIAN_POINT('',(-1.70688837074972,5.18999999999999,8.99999999999998));
#2764=CARTESIAN_POINT('Origin',(-2.69999999999999,5.18999999999999,11.6));
#2765=CARTESIAN_POINT('',(-2.69999999999999,5.36434039244066,14.2931866628459));
#2766=CARTESIAN_POINT('Origin',(-2.69999999999999,4.23560791208784,12.0625000000005));
#2767=CARTESIAN_POINT('',(-2.69999999999999,10.6868199648242,11.6));
#2768=CARTESIAN_POINT('',(-2.69999999999999,14.3666324226625,9.73800660041117));
#2769=CARTESIAN_POINT('',(-2.69999999999999,5.18999999999999,11.6));
#2770=CARTESIAN_POINT('Origin',(1.20000000000001,5.18999999999999,11.6));
#2771=CARTESIAN_POINT('Origin',(1.20000000000001,10.6868199648241,11.6));
#2772=CARTESIAN_POINT('Origin',(-27.167499622948,22.4227605117883,5.6615876252427));
#2773=CARTESIAN_POINT('',(-27.1674999858741,5.36434039244061,14.2931866628455));
#2774=CARTESIAN_POINT('',(-27.1674998114742,5.36434039244067,14.2931866628462));
#2775=CARTESIAN_POINT('',(-27.1674996518168,21.051492992141,6.35545208162682));
#2776=CARTESIAN_POINT('',(-27.167499622948,22.4227605117883,5.6615876252427));
#2777=CARTESIAN_POINT('',(35.9172605781802,21.0514929873251,6.35545208406373));
#2778=CARTESIAN_POINT('',(-11.889850836765,21.0514929921411,6.35545208162667));
#2779=CARTESIAN_POINT('',(35.332500377052,22.4227605117883,5.66158762524271));
#2780=CARTESIAN_POINT('Origin',(-38.3296738255186,5.18999999999999,-9.05502770311531));
#2781=CARTESIAN_POINT('',(-38.2817615001191,5.36434039244065,-8.98712331407964));
#2782=CARTESIAN_POINT('',(-36.9866208767549,9.6049478074704,-7.15156779336588));
#2783=CARTESIAN_POINT('Ctrl Pts',(-38.2817615002563,5.36434039244064,-8.98712331378834));
#2784=CARTESIAN_POINT('Ctrl Pts',(-37.8592484839603,6.75772860437245,-8.38831104163848));
#2785=CARTESIAN_POINT('Ctrl Pts',(-37.4205892696446,8.1960869296206,-7.76661535252903));
#2786=CARTESIAN_POINT('Ctrl Pts',(-36.9866208767549,9.6049478074704,-7.15156779336588));
#2787=CARTESIAN_POINT('Ctrl Pts',(-38.3296738255186,5.18999999999999,-9.05502770311531));
#2788=CARTESIAN_POINT('Ctrl Pts',(-38.3223575744823,5.21957164508304,-9.04465864763606));
#2789=CARTESIAN_POINT('Ctrl Pts',(-38.3147053724349,5.24888929700195,-9.0338134610543));
#2790=CARTESIAN_POINT('Ctrl Pts',(-38.2987299943944,5.30702006996549,-9.01117214101468));
#2791=CARTESIAN_POINT('Ctrl Pts',(-38.2904078135447,5.33582607324098,-8.99937741793716));
#2792=CARTESIAN_POINT('Ctrl Pts',(-38.2817615002563,5.36434039244065,-8.98712331378834));
#2793=CARTESIAN_POINT('',(-36.9866208767549,5.18999999999999,-7.15156779336588));
#2794=CARTESIAN_POINT('Origin',(-30.6133791232451,5.18999999999999,-11.6484322066342));
#2795=CARTESIAN_POINT('',(-30.6133791232451,9.60494854674059,-11.6484322066342));
#2796=CARTESIAN_POINT('',(-31.9085199372603,5.36434039244065,-13.4839879970649));
#2797=CARTESIAN_POINT('Ctrl Pts',(-30.6133791232451,9.60494854674059,-11.6484322066342));
#2798=CARTESIAN_POINT('Ctrl Pts',(-31.0473475783363,8.19608742357097,-12.2634798539533));
#2799=CARTESIAN_POINT('Ctrl Pts',(-31.4860068595172,6.75772884050167,-12.8851756378283));
#2800=CARTESIAN_POINT('Ctrl Pts',(-31.9085199372603,5.36434039244064,-13.4839879970649));
#2801=CARTESIAN_POINT('',(-30.6133791232451,5.18999999999999,-11.6484322066342));
#2802=CARTESIAN_POINT('Ctrl Pts',(-31.9085199372603,5.36434039244065,-13.4839879970649));
#2803=CARTESIAN_POINT('Ctrl Pts',(-31.9171663486207,5.33582574912796,-13.4962422402077));
#2804=CARTESIAN_POINT('Ctrl Pts',(-31.925488620168,5.3070194151557,-13.5080370918275));
#2805=CARTESIAN_POINT('Ctrl Pts',(-31.9414639828043,5.24888862977313,-13.5306783900354));
#2806=CARTESIAN_POINT('Ctrl Pts',(-31.9491160937753,5.21957130855397,-13.541523447538));
#2807=CARTESIAN_POINT('Ctrl Pts',(-31.9564322613781,5.18999999999999,-13.5518923847698));
#2808=CARTESIAN_POINT('Origin',(-33.8,5.18999999999999,-9.40000000000004));
#2809=CARTESIAN_POINT('Ctrl Pts',(-36.9866208767549,9.6049478074704,-7.15156779336588));
#2810=CARTESIAN_POINT('Ctrl Pts',(-36.8582272267811,10.02177261171,-6.96960016087867));
#2811=CARTESIAN_POINT('Ctrl Pts',(-36.7168682217906,10.4410303446048,-6.8023364967786));
#2812=CARTESIAN_POINT('Ctrl Pts',(-35.9477992096528,12.5647491668707,-6.02880071268194));
#2813=CARTESIAN_POINT('Ctrl Pts',(-35.1790301504038,14.2244922704092,-5.67277894373282));
#2814=CARTESIAN_POINT('Ctrl Pts',(-33.899703527185,16.4820468695891,-5.46515442600274));
#2815=CARTESIAN_POINT('Ctrl Pts',(-33.3589355565655,17.2855518766694,-5.48825463452808));
#2816=CARTESIAN_POINT('Ctrl Pts',(-32.6291129980496,18.0524933085975,-5.67353916068422));
#2817=CARTESIAN_POINT('Ctrl Pts',(-32.3900438210262,18.2647719526328,-5.75326826086599));
#2818=CARTESIAN_POINT('Ctrl Pts',(-32.0163328011252,18.4768793267549,-5.92910959166825));
#2819=CARTESIAN_POINT('Ctrl Pts',(-31.8896029898757,18.5302501313748,-5.99662063522417));
#2820=CARTESIAN_POINT('Ctrl Pts',(-31.6629872235648,18.5813429722619,-6.13556924879638));
#2821=CARTESIAN_POINT('Ctrl Pts',(-31.5666129780069,18.5884473834431,-6.20066731478115));
#2822=CARTESIAN_POINT('Ctrl Pts',(-31.3682955445099,18.5699609964134,-6.34816625509605));
#2823=CARTESIAN_POINT('Ctrl Pts',(-31.2709973919679,18.5411422074717,-6.42861145215999));
#2824=CARTESIAN_POINT('Ctrl Pts',(-31.0307249639842,18.423730920611,-6.64648224759656));
#2825=CARTESIAN_POINT('Ctrl Pts',(-30.9027039551541,18.3103048532859,-6.78375180985323));
#2826=CARTESIAN_POINT('Ctrl Pts',(-30.4774274124468,17.8002299806607,-7.29821959947546));
#2827=CARTESIAN_POINT('Ctrl Pts',(-30.2858917294842,17.2289424170699,-7.6833232756073));
#2828=CARTESIAN_POINT('Ctrl Pts',(-29.8871260639165,15.6590975779886,-8.68347915656514));
#2829=CARTESIAN_POINT('Ctrl Pts',(-29.8037944050783,14.0463484587747,-9.5426124569107));
#2830=CARTESIAN_POINT('Ctrl Pts',(-30.1445315812844,11.410966494915,-10.8319270368059));
#2831=CARTESIAN_POINT('Ctrl Pts',(-30.3379272231573,10.499192054037,-11.2580442853211));
#2832=CARTESIAN_POINT('Ctrl Pts',(-30.6133791232451,9.60494854674059,-11.6484322066342));
#2833=CARTESIAN_POINT('Ctrl Pts',(-27.1674996978803,21.0514929921411,-6.35545283572685));
#2834=CARTESIAN_POINT('Ctrl Pts',(-27.1674999890461,15.8224421255743,-9.00136436279973));
#2835=CARTESIAN_POINT('Ctrl Pts',(-27.1675003221302,10.5933912590075,-11.6472758898726));
#2836=CARTESIAN_POINT('Ctrl Pts',(-27.1675006547806,5.36434039244064,-14.2931874169455));
#2837=CARTESIAN_POINT('Ctrl Pts',(-28.1182731576726,21.0514929921411,-6.35545282451701));
#2838=CARTESIAN_POINT('Ctrl Pts',(-28.5140362337242,15.8224421255743,-9.0017902548849));
#2839=CARTESIAN_POINT('Ctrl Pts',(-28.9099932560644,10.5933912590075,-11.6468498384326));
#2840=CARTESIAN_POINT('Ctrl Pts',(-29.305756371005,5.36434039244064,-14.2931872625837));
#2841=CARTESIAN_POINT('Ctrl Pts',(-30.018923810498,21.0514929921411,-5.92147652631577));
#2842=CARTESIAN_POINT('Ctrl Pts',(-31.2062238525982,15.8224421255743,-8.38670479796786));
#2843=CARTESIAN_POINT('Ctrl Pts',(-32.3929519996702,10.5933912590075,-10.8519615053572));
#2844=CARTESIAN_POINT('Ctrl Pts',(-33.5802520726162,5.36434039244064,-13.3171897608122));
#2845=CARTESIAN_POINT('Ctrl Pts',(-32.3070953927707,21.0514929921411,-4.09851123322746));
#2846=CARTESIAN_POINT('Ctrl Pts',(-34.446481753442,15.8224421255743,-5.80473051084219));
#2847=CARTESIAN_POINT('Ctrl Pts',(-36.5868820681626,10.5933912590075,-7.51118613935442));
#2848=CARTESIAN_POINT('Ctrl Pts',(-38.7262684445618,5.36434039244064,-9.2174053953007));
#2849=CARTESIAN_POINT('Ctrl Pts',(-33.5747358438028,21.0514929921411,-1.46245993859994));
#2850=CARTESIAN_POINT('Ctrl Pts',(-36.242529299288,15.8224421255743,-2.07130119938069));
#2851=CARTESIAN_POINT('Ctrl Pts',(-38.9093531098326,10.5933912590075,-2.68017840527694));
#2852=CARTESIAN_POINT('Ctrl Pts',(-41.5771465682882,5.36434039244064,-3.28901964759308));
#2853=CARTESIAN_POINT('Ctrl Pts',(-33.5763300174115,21.0514929921411,1.46264577102955));
#2854=CARTESIAN_POINT('Ctrl Pts',(-36.2441063339514,15.8224421255743,2.07148640215794));
#2855=CARTESIAN_POINT('Ctrl Pts',(-38.9129553593609,10.5933912590075,2.68059847218031));
#2856=CARTESIAN_POINT('Ctrl Pts',(-41.5807316723633,5.36434039244064,3.28943911336017));
#2857=CARTESIAN_POINT('Ctrl Pts',(-32.3057134974213,21.0514929921411,4.0975533521028));
#2858=CARTESIAN_POINT('Ctrl Pts',(-34.4451340128401,15.8224421255743,5.8037442654798));
#2859=CARTESIAN_POINT('Ctrl Pts',(-36.5837397188157,10.5933912590075,7.50906165808094));
#2860=CARTESIAN_POINT('Ctrl Pts',(-38.723160231724,5.36434039244064,9.21525257265861));
#2861=CARTESIAN_POINT('Ctrl Pts',(-30.0197671560204,21.0514929921411,5.92211435453263));
#2862=CARTESIAN_POINT('Ctrl Pts',(-31.2069919100751,15.8224421255743,8.38736007168082));
#2863=CARTESIAN_POINT('Ctrl Pts',(-32.3949234196488,10.5933912590075,10.8533797059694));
#2864=CARTESIAN_POINT('Ctrl Pts',(-33.5821481782004,5.36434039244065,13.3186254196107));
#2865=CARTESIAN_POINT('Ctrl Pts',(-28.1182731065872,21.0514929921411,6.35545207805931));
#2866=CARTESIAN_POINT('Ctrl Pts',(-28.5140793097752,15.8224421255743,9.00177422607101));
#2867=CARTESIAN_POINT('Ctrl Pts',(-28.9099494537589,10.5933912590075,11.6468644676948));
#2868=CARTESIAN_POINT('Ctrl Pts',(-29.3057556675478,5.36434039244065,14.2931866137206));
#2869=CARTESIAN_POINT('Ctrl Pts',(-27.1674996467948,21.0514929921411,6.35545208162679));
#2870=CARTESIAN_POINT('Ctrl Pts',(-27.1674997394568,15.8224421255743,9.00136360869968));
#2871=CARTESIAN_POINT('Ctrl Pts',(-27.1674998454591,10.5933912590075,11.6472751357726));
#2872=CARTESIAN_POINT('Ctrl Pts',(-27.1674999513234,5.36434039244065,14.2931866628455));
#2873=CARTESIAN_POINT('Ctrl Pts',(-31.9085869340773,5.36434039248256,-13.483138224028));
#2874=CARTESIAN_POINT('Ctrl Pts',(-30.3886391506202,5.36434039246859,-14.016230199668));
#2875=CARTESIAN_POINT('Ctrl Pts',(-28.7783559028759,5.36434039245462,-14.29318730065));
#2876=CARTESIAN_POINT('Ctrl Pts',(-27.1675006547806,5.36434039244065,-14.2931874169455));
#2877=CARTESIAN_POINT('',(-27.1674996978803,21.0514929406269,-6.35545286179317));
#2878=CARTESIAN_POINT('',(-27.1674996229478,22.4227605566547,-5.66158835664029));
#2879=CARTESIAN_POINT('Ctrl Pts',(-27.1674996978803,21.0514929921411,-6.35545283572685));
#2880=CARTESIAN_POINT('Ctrl Pts',(-28.1182731576726,21.0514929921411,-6.35545282451701));
#2881=CARTESIAN_POINT('Ctrl Pts',(-30.018923810498,21.0514929921411,-5.92147652631577));
#2882=CARTESIAN_POINT('Ctrl Pts',(-32.3070953927707,21.0514929921411,-4.09851123322746));
#2883=CARTESIAN_POINT('Ctrl Pts',(-33.5747358438028,21.0514929921411,-1.46245993859994));
#2884=CARTESIAN_POINT('Ctrl Pts',(-33.5763300174115,21.0514929921411,1.46264577102955));
#2885=CARTESIAN_POINT('Ctrl Pts',(-32.3057134974213,21.0514929921411,4.0975533521028));
#2886=CARTESIAN_POINT('Ctrl Pts',(-30.0197671560204,21.0514929921411,5.92211435453263));
#2887=CARTESIAN_POINT('Ctrl Pts',(-28.1182731065872,21.0514929921411,6.35545207805931));
#2888=CARTESIAN_POINT('Ctrl Pts',(-27.1674996467948,21.0514929921411,6.35545208162679));
#2889=CARTESIAN_POINT('Ctrl Pts',(-27.1674999858741,5.36434039244065,14.2931866628455));
#2890=CARTESIAN_POINT('Ctrl Pts',(-29.305755690581,5.36434039244117,14.2931866084713));
#2891=CARTESIAN_POINT('Ctrl Pts',(-31.4439519332473,5.36434039244168,13.8059060116693));
#2892=CARTESIAN_POINT('Ctrl Pts',(-33.3698853927908,5.36434039244219,12.8783702436455));
#2893=CARTESIAN_POINT('Ctrl Pts',(-35.2958188627077,5.3643403924427,11.9508344706258));
#2894=CARTESIAN_POINT('Ctrl Pts',(-37.0094895472152,5.36434039244322,10.5830435216416));
#2895=CARTESIAN_POINT('Ctrl Pts',(-38.3425867962421,5.36434039244372,8.91151247059991));
#2896=CARTESIAN_POINT('Ctrl Pts',(-39.6756840452689,5.36434039244424,7.23998141955818));
#2897=CARTESIAN_POINT('Ctrl Pts',(-40.6282078588149,5.36434039244475,5.26471026645885));
#2898=CARTESIAN_POINT('Ctrl Pts',(-41.103872248242,5.36434039244526,3.18066489641718));
#2899=CARTESIAN_POINT('Ctrl Pts',(-41.579536637669,5.36434039244577,1.09661952637552));
#2900=CARTESIAN_POINT('Ctrl Pts',(-41.578341602977,5.36434039244628,-1.09620006060848));
#2901=CARTESIAN_POINT('Ctrl Pts',(-41.1025977316766,5.36434039244679,-3.18067414538478));
#2902=CARTESIAN_POINT('Ctrl Pts',(-40.6268538603762,5.36434039244731,-5.26514823016108));
#2903=CARTESIAN_POINT('Ctrl Pts',(-39.6765611524674,5.36434039244782,-7.24127681272968));
#2904=CARTESIAN_POINT('Ctrl Pts',(-38.3437454031889,5.36434039244833,-8.91263849826558));
#2905=CARTESIAN_POINT('Ctrl Pts',(-38.3236354450171,5.36434039244834,-8.93785654780046));
#2906=CARTESIAN_POINT('Ctrl Pts',(-38.3034384025778,5.36434039244835,-8.96300521484306));
#2907=CARTESIAN_POINT('Ctrl Pts',(-38.2831548652041,5.36434039244836,-8.98808403728281));
#2908=CARTESIAN_POINT('Ctrl Pts',(-27.1675006605537,5.18999996786664,-14.3731577610715));
#2909=CARTESIAN_POINT('Ctrl Pts',(-28.7948399136361,5.18999996786664,-14.373157643593));
#2910=CARTESIAN_POINT('Ctrl Pts',(-30.4220496908034,5.18999996786664,-14.0941085534526));
#2911=CARTESIAN_POINT('Ctrl Pts',(-31.9564322658002,5.18999996786664,-13.5518923972838));
#2912=CARTESIAN_POINT('Ctrl Pts',(-27.1675006587912,5.24910776069321,-14.3487439221771));
#2913=CARTESIAN_POINT('Ctrl Pts',(-28.7920757860774,5.24910776069321,-14.3487438048982));
#2914=CARTESIAN_POINT('Ctrl Pts',(-30.4165215789023,5.24910776069321,-14.0701687085398));
#2915=CARTESIAN_POINT('Ctrl Pts',(-31.9482979201659,5.24910776069321,-13.5288735365244));
#2916=CARTESIAN_POINT('Ctrl Pts',(-27.167500656865,5.30727828208388,-14.3220609734292));
#2917=CARTESIAN_POINT('Ctrl Pts',(-28.7890547212873,5.30727828208388,-14.3220608563684));
#2918=CARTESIAN_POINT('Ctrl Pts',(-30.4104796920478,5.30727828208388,-14.0440037987167));
#2919=CARTESIAN_POINT('Ctrl Pts',(-31.939407539239,5.30727828208388,-13.5037152201885));
#2920=CARTESIAN_POINT('Ctrl Pts',(-27.1675006547806,5.36434039244065,-14.2931874169455));
#2921=CARTESIAN_POINT('Ctrl Pts',(-28.7857856077811,5.36434039244065,-14.2931873001207));
#2922=CARTESIAN_POINT('Ctrl Pts',(-30.4039418052534,5.36434039244065,-14.015690802161));
#2923=CARTESIAN_POINT('Ctrl Pts',(-31.9297872788142,5.36434039244065,-13.4764914648748));
#2924=CARTESIAN_POINT('Origin',(-33.8,5.18999999999999,-9.40000000000004));
#2925=CARTESIAN_POINT('',(-34.9,5.18999999999999,-9.40000000000004));
#2926=CARTESIAN_POINT('Origin',(1.20000000000001,5.18999999999999,11.6));
#2927=CARTESIAN_POINT('',(0.10000000000001,6.68999999999999,11.6));
#2928=CARTESIAN_POINT('Origin',(1.20000000000001,6.68999999999999,11.6));
#2929=CARTESIAN_POINT('',(0.10000000000001,5.18999999999999,11.6));
#2930=CARTESIAN_POINT('Origin',(1.20000000000001,6.68999999999999,12.5734868381927));
#2931=CARTESIAN_POINT('',(-1.19999999999999,6.68999999999999,15.3034966183379));
#2932=CARTESIAN_POINT('',(-1.19999999999999,6.68999999999999,15.3034966183379));
#2933=CARTESIAN_POINT('',(-1.19999999999999,6.68999999999999,11.6));
#2934=CARTESIAN_POINT('Origin',(1.20000000000001,6.68999999999999,11.6));
#2935=CARTESIAN_POINT('',(-1.19999999999999,6.68999999999999,11.6));
#2936=CARTESIAN_POINT('Origin',(-1.19999999999999,5.18999999999999,11.6));
#2937=CARTESIAN_POINT('',(-1.19999999999999,14.0091306675583,11.6));
#2938=CARTESIAN_POINT('',(-1.19999999999999,15.0438719108742,11.0764185981184));
#2939=CARTESIAN_POINT('',(-1.19999999999999,5.18999999999999,11.6));
#2940=CARTESIAN_POINT('Origin',(1.20000000000001,5.18999999999999,11.6));
#2941=CARTESIAN_POINT('Ctrl Pts',(3.60000000000001,14.0091306675583,11.6));
#2942=CARTESIAN_POINT('Ctrl Pts',(3.60000000000001,15.5895933497822,10.8002823197337));
#2943=CARTESIAN_POINT('Ctrl Pts',(3.17526919770943,17.1373136155509,10.0171323760097));
#2944=CARTESIAN_POINT('Ctrl Pts',(2.49878107919441,17.9976683017849,9.58179096515581));
#2945=CARTESIAN_POINT('Ctrl Pts',(1.90228685294342,18.7562870991011,9.19792814345195));
#2946=CARTESIAN_POINT('Ctrl Pts',(1.1335931740841,18.9491120565126,9.10035828028911));
#2947=CARTESIAN_POINT('Ctrl Pts',(0.465410592165963,18.5245547021512,9.31518525873581));
#2948=CARTESIAN_POINT('Ctrl Pts',(-0.234825949334512,18.0796305428993,9.54031788637283));
#2949=CARTESIAN_POINT('Ctrl Pts',(-0.823400958783832,16.9458054800804,10.1140359243017));
#2950=CARTESIAN_POINT('Ctrl Pts',(-1.06600609078429,15.5717843068226,10.8092937356208));
#2951=CARTESIAN_POINT('Ctrl Pts',(-1.15445761683312,15.0708292421216,11.0627781277335));
#2952=CARTESIAN_POINT('Ctrl Pts',(-1.19999999999999,14.541588578008,11.3305750969172));
#2953=CARTESIAN_POINT('Ctrl Pts',(-1.19999999999999,14.0091306675585,11.6));
#2954=CARTESIAN_POINT('Origin',(-27.1674998114742,4.23560791208785,12.0625000000007));
#2955=CARTESIAN_POINT('',(-27.1674998114742,6.04157988065236,15.6315986605535));
#2956=CARTESIAN_POINT('Origin',(-27.1674999059423,4.23560791208791,12.0625));
#2957=CARTESIAN_POINT('Origin',(42.6068544173804,4.23560791208783,12.0625));
#2958=CARTESIAN_POINT('Origin',(-27.1674998114742,4.23560791208785,12.0625000000007));
#2959=CARTESIAN_POINT('Origin',(-27.1674999059423,4.23560791208791,12.0625));
#2960=CARTESIAN_POINT('Ctrl Pts',(-38.3296738358259,5.18999996786665,-9.05502771147683));
#2961=CARTESIAN_POINT('Ctrl Pts',(-39.3008833460361,5.18999996786665,-7.85781324157079));
#2962=CARTESIAN_POINT('Ctrl Pts',(-41.6450674421878,5.18999996786664,-3.79768335237343));
#2963=CARTESIAN_POINT('Ctrl Pts',(-41.957703528344,5.18999996786664,4.31071266054656));
#2964=CARTESIAN_POINT('Ctrl Pts',(-36.4073787985185,5.18999996786665,12.3222062507984));
#2965=CARTESIAN_POINT('Ctrl Pts',(-30.2505450665897,5.18999996786665,14.3731569351537));
#2966=CARTESIAN_POINT('Ctrl Pts',(-27.1674999577626,5.18999996786665,14.3731570069715));
#2967=CARTESIAN_POINT('Ctrl Pts',(-38.3107140821919,5.24910776069321,-9.03964709797486));
#2968=CARTESIAN_POINT('Ctrl Pts',(-39.2802739392916,5.24910776069321,-7.84446616311299));
#2969=CARTESIAN_POINT('Ctrl Pts',(-41.6204762718825,5.24910776069321,-3.79123272370075));
#2970=CARTESIAN_POINT('Ctrl Pts',(-41.9325813533928,5.24910776069321,4.30339061541189));
#2971=CARTESIAN_POINT('Ctrl Pts',(-36.3916841924888,5.24910776069321,12.3012761307562));
#2972=CARTESIAN_POINT('Ctrl Pts',(-30.245308343254,5.24910776069321,14.3487430963813));
#2973=CARTESIAN_POINT('Ctrl Pts',(-27.1674999571939,5.24910776069321,14.3487431680771));
#2974=CARTESIAN_POINT('Ctrl Pts',(-38.2899921409732,5.30727828208388,-9.02283695502435));
#2975=CARTESIAN_POINT('Ctrl Pts',(-39.2577490027979,5.30727828208388,-7.82987858080446));
#2976=CARTESIAN_POINT('Ctrl Pts',(-41.593599491008,5.30727828208388,-3.78418254132647));
#2977=CARTESIAN_POINT('Ctrl Pts',(-41.9051241812484,5.30727828208388,4.29538802191154));
#2978=CARTESIAN_POINT('Ctrl Pts',(-36.3745308826612,5.30727828208389,12.2784006551968));
#2979=CARTESIAN_POINT('Ctrl Pts',(-30.2395848445554,5.30727828208388,14.3220601477667));
#2980=CARTESIAN_POINT('Ctrl Pts',(-27.1674999565723,5.30727828208388,14.3220602193292));
#2981=CARTESIAN_POINT('Ctrl Pts',(-38.2675689768065,5.36434039244065,-9.00464673862187));
#2982=CARTESIAN_POINT('Ctrl Pts',(-39.2333748059274,5.36434039244065,-7.81409341146916));
#2983=CARTESIAN_POINT('Ctrl Pts',(-41.5645161722282,5.36434039244064,-3.77655354725798));
#2984=CARTESIAN_POINT('Ctrl Pts',(-41.8754127926061,5.36434039244065,4.28672842410953));
#2985=CARTESIAN_POINT('Ctrl Pts',(-36.3559693345009,5.36434039244065,12.253647125055));
#2986=CARTESIAN_POINT('Ctrl Pts',(-30.2333914100551,5.36434039244065,14.2931865914273));
#2987=CARTESIAN_POINT('Ctrl Pts',(-27.1674999558997,5.36434039244065,14.2931866628455));
#2988=CARTESIAN_POINT('Ctrl Pts',(43.2686704495507,5.183951061424,-14.3312164440465));
#2989=CARTESIAN_POINT('Ctrl Pts',(43.0675917006353,5.19454848881807,-14.3529848989307));
#2990=CARTESIAN_POINT('Ctrl Pts',(42.8500729825575,5.18841664648205,-14.3742505620951));
#2991=CARTESIAN_POINT('Ctrl Pts',(42.6068541773657,5.14640498938234,-14.3906857342301));
#2992=CARTESIAN_POINT('Ctrl Pts',(43.2925583782033,5.26447873466763,-14.2923341517536));
#2993=CARTESIAN_POINT('Ctrl Pts',(43.084988361454,5.27365334588905,-14.3177024985206));
#2994=CARTESIAN_POINT('Ctrl Pts',(42.8598560241429,5.2656234422979,-14.3425043976637));
#2995=CARTESIAN_POINT('Ctrl Pts',(42.60685419135,5.22054733955541,-14.3616809045918));
#2996=CARTESIAN_POINT('Ctrl Pts',(43.3158315124934,5.34293389839173,-14.2487824121627));
#2997=CARTESIAN_POINT('Ctrl Pts',(43.1020002446904,5.35093441209991,-14.2781529728452));
#2998=CARTESIAN_POINT('Ctrl Pts',(42.8694560645279,5.34124523691637,-14.3068955676147));
#2999=CARTESIAN_POINT('Ctrl Pts',(42.6068542050728,5.29330302193135,-14.3291317682287));
#3000=CARTESIAN_POINT('Ctrl Pts',(43.3383465604224,5.41883350647679,-14.2008293720446));
#3001=CARTESIAN_POINT('Ctrl Pts',(43.1185362922039,5.42596198541035,-14.2345542257162));
#3002=CARTESIAN_POINT('Ctrl Pts',(42.878829349244,5.4149053404327,-14.2676006951355));
#3003=CARTESIAN_POINT('Ctrl Pts',(42.6068542184716,5.36434046080284,-14.2931866641098));
#3004=CARTESIAN_POINT('',(43.3383465609209,5.4188335064624,-14.2008293719671));
#3005=CARTESIAN_POINT('Ctrl Pts',(43.2704648204411,5.18999999579784,-14.328285075504));
#3006=CARTESIAN_POINT('Ctrl Pts',(43.2937241156951,5.26840850728206,-14.2901490174925));
#3007=CARTESIAN_POINT('Ctrl Pts',(43.3163956253847,5.34483555756218,-14.2475809522239));
#3008=CARTESIAN_POINT('Ctrl Pts',(43.3383465604224,5.41883350647679,-14.2008293720446));
#3009=CARTESIAN_POINT('Ctrl Pts',(42.6068542184716,5.36434046080284,-14.2931866641098));
#3010=CARTESIAN_POINT('Ctrl Pts',(42.878829349244,5.4149053404327,-14.2676006951355));
#3011=CARTESIAN_POINT('Ctrl Pts',(43.1185362922039,5.42596198541035,-14.2345542257162));
#3012=CARTESIAN_POINT('Ctrl Pts',(43.3383465604224,5.41883350647679,-14.2008293720446));
#3013=CARTESIAN_POINT('Ctrl Pts',(42.6068542033338,5.14639383117691,14.3906900716198));
#3014=CARTESIAN_POINT('Ctrl Pts',(42.8500715724536,5.18840502660414,14.3742553083638));
#3015=CARTESIAN_POINT('Ctrl Pts',(43.0675891753798,5.19453657568335,14.352990173298));
#3016=CARTESIAN_POINT('Ctrl Pts',(43.2686669759731,5.18393892434675,14.3312222563203));
#3017=CARTESIAN_POINT('Ctrl Pts',(42.6068542192004,5.22054004466045,14.3616841377754));
#3018=CARTESIAN_POINT('Ctrl Pts',(42.8598551259391,5.26561585940057,14.342507933509));
#3019=CARTESIAN_POINT('Ctrl Pts',(43.0849867507448,5.27364558872088,14.31770642492));
#3020=CARTESIAN_POINT('Ctrl Pts',(43.2925561682448,5.264470849674,14.2923384751517));
#3021=CARTESIAN_POINT('Ctrl Pts',(42.6068542347702,5.29329946776031,14.3291335341716));
#3022=CARTESIAN_POINT('Ctrl Pts',(42.8694556619995,5.34124155077258,14.3068974966659));
#3023=CARTESIAN_POINT('Ctrl Pts',(43.1019995144273,5.35093064940887,14.278155112362));
#3024=CARTESIAN_POINT('Ctrl Pts',(43.3158305115917,5.34293008174599,14.2487847649774));
#3025=CARTESIAN_POINT('Ctrl Pts',(42.6068542499723,5.36434047444516,14.293186621351));
#3026=CARTESIAN_POINT('Ctrl Pts',(42.8788294195148,5.41490535360652,14.2676006467156));
#3027=CARTESIAN_POINT('Ctrl Pts',(43.1185363944403,5.42596199039027,14.2345541711424));
#3028=CARTESIAN_POINT('Ctrl Pts',(43.3383466921964,5.41883350093589,14.2008293116011));
#3029=CARTESIAN_POINT('',(43.3383466922824,5.41883350093889,14.2008293115845));
#3030=CARTESIAN_POINT('Ctrl Pts',(43.3383466921964,5.41883350093589,14.2008293116011));
#3031=CARTESIAN_POINT('Ctrl Pts',(43.1185363944403,5.42596199039027,14.2345541711424));
#3032=CARTESIAN_POINT('Ctrl Pts',(42.8788294195148,5.41490535360652,14.2676006467156));
#3033=CARTESIAN_POINT('Ctrl Pts',(42.6068542499723,5.36434047444516,14.293186621351));
#3034=CARTESIAN_POINT('Ctrl Pts',(43.3383466921964,5.41883350093589,14.2008293116011));
#3035=CARTESIAN_POINT('Ctrl Pts',(43.3163957556824,5.34483555407761,14.247580895764));
#3036=CARTESIAN_POINT('Ctrl Pts',(43.2937242443203,5.2684085054231,14.2901489646181));
#3037=CARTESIAN_POINT('Ctrl Pts',(43.2704649474022,5.1899999957811,14.3282850270996));
#3038=CARTESIAN_POINT('Origin',(44.97,4.22856951936369,-3.78125029500251));
#3039=CARTESIAN_POINT('',(47.1969175338351,5.36472016848455,9.70088040332999));
#3040=CARTESIAN_POINT('Origin',(44.97,4.22856951936369,9.7008805043294));
#3041=CARTESIAN_POINT('',(47.1969175338351,5.36472016848454,-9.70088074316062));
#3042=CARTESIAN_POINT('',(47.1969175338351,5.36472016848455,-3.78125029500252));
#3043=CARTESIAN_POINT('Origin',(44.97,4.22856951936369,-9.70088074316062));
#3044=CARTESIAN_POINT('Ctrl Pts',(47.2340326371257,5.18837420678595,-10.3609578942697));
#3045=CARTESIAN_POINT('Ctrl Pts',(47.1402829909177,5.1455276640266,-11.2181764597235));
#3046=CARTESIAN_POINT('Ctrl Pts',(46.3321119520239,5.07841378397856,-13.1695474141962));
#3047=CARTESIAN_POINT('Ctrl Pts',(44.4137311702565,5.13267235745942,-14.20230433451));
#3048=CARTESIAN_POINT('Ctrl Pts',(43.2704648586139,5.1899999981207,-14.328285079829));
#3049=CARTESIAN_POINT('Ctrl Pts',(47.1956161932604,5.26708965168046,-10.3840496079162));
#3050=CARTESIAN_POINT('Ctrl Pts',(47.0922448862105,5.23015175777796,-11.2270266586274));
#3051=CARTESIAN_POINT('Ctrl Pts',(46.2852926263106,5.16928275413454,-13.1295783192541));
#3052=CARTESIAN_POINT('Ctrl Pts',(44.4181543217318,5.21907766857883,-14.1512192123563));
#3053=CARTESIAN_POINT('Ctrl Pts',(43.2937241730458,5.26840861564584,-14.2901492349919));
#3054=CARTESIAN_POINT('Ctrl Pts',(47.1527370277114,5.34379946020798,-10.4065529538498));
#3055=CARTESIAN_POINT('Ctrl Pts',(47.0393778962797,5.31235460416854,-11.2343861490196));
#3056=CARTESIAN_POINT('Ctrl Pts',(46.2340969484534,5.25713794229573,-13.0856151081076));
#3057=CARTESIAN_POINT('Ctrl Pts',(44.4207914028437,5.30294325248068,-14.0952039620073));
#3058=CARTESIAN_POINT('Ctrl Pts',(43.3163956380053,5.3448355567743,-14.2475809505136));
#3059=CARTESIAN_POINT('Ctrl Pts',(47.1056480105751,5.41805125377332,-10.428335223722));
#3060=CARTESIAN_POINT('Ctrl Pts',(46.9820249287282,5.39159573533043,-11.2401952012432));
#3061=CARTESIAN_POINT('Ctrl Pts',(46.178913505097,5.34131884290714,-13.0379877055008));
#3062=CARTESIAN_POINT('Ctrl Pts',(44.421604776132,5.38370336558792,-14.0346281504075));
#3063=CARTESIAN_POINT('Ctrl Pts',(43.3383465609209,5.41883350646241,-14.2008293719671));
#3064=CARTESIAN_POINT('',(47.1056480105597,5.41805125378596,-10.4283352237687));
#3065=CARTESIAN_POINT('Ctrl Pts',(47.1056480105751,5.41805125377332,-10.428335223722));
#3066=CARTESIAN_POINT('Ctrl Pts',(47.1524127777928,5.34431075009017,-10.4067029442226));
#3067=CARTESIAN_POINT('Ctrl Pts',(47.1950254709833,5.26814596615127,-10.3843594849763));
#3068=CARTESIAN_POINT('Ctrl Pts',(47.233238407872,5.18999999966206,-10.3614348317194));
#3069=CARTESIAN_POINT('Ctrl Pts',(43.3383465609209,5.41883350646241,-14.2008293719671));
#3070=CARTESIAN_POINT('Ctrl Pts',(44.421604776132,5.38370336558792,-14.0346281504075));
#3071=CARTESIAN_POINT('Ctrl Pts',(46.178913505097,5.34131884290714,-13.0379877055008));
#3072=CARTESIAN_POINT('Ctrl Pts',(46.9820249287282,5.39159573533043,-11.2401952012432));
#3073=CARTESIAN_POINT('Ctrl Pts',(47.1056480105751,5.41805125377332,-10.428335223722));
#3074=CARTESIAN_POINT('Ctrl Pts',(47.2951433556682,5.14710551516996,-9.70088065662394));
#3075=CARTESIAN_POINT('Ctrl Pts',(47.2788337843983,5.18839080879012,-9.94300293405172));
#3076=CARTESIAN_POINT('Ctrl Pts',(47.2577270468496,5.19448565063722,-10.1594829579817));
#3077=CARTESIAN_POINT('Ctrl Pts',(47.2361584952757,5.18400691164841,-10.3596766616708));
#3078=CARTESIAN_POINT('Ctrl Pts',(47.2658914140833,5.22115264879018,-9.70088067759452));
#3079=CARTESIAN_POINT('Ctrl Pts',(47.2468866153274,5.26541325297481,-9.95264795712913));
#3080=CARTESIAN_POINT('Ctrl Pts',(47.2223024802597,5.27335276421787,-10.1766283673903));
#3081=CARTESIAN_POINT('Ctrl Pts',(47.1971998655115,5.26425271567739,-10.3832173354249));
#3082=CARTESIAN_POINT('Ctrl Pts',(47.2330996379712,5.29380127006307,-9.70088069816904));
#3083=CARTESIAN_POINT('Ctrl Pts',(47.21108996784,5.34084215452944,-9.96211078570836));
#3084=CARTESIAN_POINT('Ctrl Pts',(47.1826349602325,5.35039180597065,-10.1933921931253));
#3085=CARTESIAN_POINT('Ctrl Pts',(47.1536074870663,5.34242689118857,-10.4061502823119));
#3086=CARTESIAN_POINT('Ctrl Pts',(47.1969174788344,5.36472027628883,-9.70088071825371));
#3087=CARTESIAN_POINT('Ctrl Pts',(47.1716210790821,5.41430252352992,-9.97134828875074));
#3088=CARTESIAN_POINT('Ctrl Pts',(47.1389421757973,5.42517628057787,-10.2096850224993));
#3089=CARTESIAN_POINT('Ctrl Pts',(47.1056480106001,5.41805125377872,-10.4283352235575));
#3090=CARTESIAN_POINT('Ctrl Pts',(47.1056480106001,5.41805125377872,-10.4283352235575));
#3091=CARTESIAN_POINT('Ctrl Pts',(47.1389421757973,5.42517628057787,-10.2096850224993));
#3092=CARTESIAN_POINT('Ctrl Pts',(47.1716210790821,5.41430252352992,-9.97134828875074));
#3093=CARTESIAN_POINT('Ctrl Pts',(47.1969174788344,5.36472027628883,-9.70088071825371));
#3094=CARTESIAN_POINT('Ctrl Pts',(43.2704650034238,5.18999999722603,14.3282850294922));
#3095=CARTESIAN_POINT('Ctrl Pts',(44.127914719657,5.14700426704562,14.2337994443672));
#3096=CARTESIAN_POINT('Ctrl Pts',(46.0819451626256,5.07864318426453,13.4202027559129));
#3097=CARTESIAN_POINT('Ctrl Pts',(47.1090331239349,5.13124550813521,11.503915862774));
#3098=CARTESIAN_POINT('Ctrl Pts',(47.234032630791,5.18837423921774,10.3609577922931));
#3099=CARTESIAN_POINT('Ctrl Pts',(43.2937243134902,5.26840861334037,14.2901491811208));
#3100=CARTESIAN_POINT('Ctrl Pts',(44.1370469060498,5.23141040171718,14.185951640145));
#3101=CARTESIAN_POINT('Ctrl Pts',(46.0425455894701,5.16949827514546,13.3728936403246));
#3102=CARTESIAN_POINT('Ctrl Pts',(47.0577877993729,5.21783914558026,11.5080188943115));
#3103=CARTESIAN_POINT('Ctrl Pts',(47.1956161887065,5.26708967798132,10.3840495087976));
#3104=CARTESIAN_POINT('Ctrl Pts',(43.3163957739509,5.3448355529183,14.2475808932911));
#3105=CARTESIAN_POINT('Ctrl Pts',(44.1446925772309,5.31341632181898,14.133298130249));
#3106=CARTESIAN_POINT('Ctrl Pts',(45.9991455921547,5.2573417098164,13.3212166169707));
#3107=CARTESIAN_POINT('Ctrl Pts',(47.0015915356143,5.30187299886034,11.510330437367));
#3108=CARTESIAN_POINT('Ctrl Pts',(47.1527370254787,5.3437994805696,10.4065528577199));
#3109=CARTESIAN_POINT('Ctrl Pts',(43.3383466922634,5.41883350093369,14.2008293115908));
#3110=CARTESIAN_POINT('Ctrl Pts',(44.1507903320061,5.39248589095289,14.0761783762738));
#3111=CARTESIAN_POINT('Ctrl Pts',(45.9520698144749,5.34151339728652,13.2655645047059));
#3112=CARTESIAN_POINT('Ctrl Pts',(46.9408172527156,5.38277723711747,11.5108150884869));
#3113=CARTESIAN_POINT('Ctrl Pts',(47.1056480111607,5.41805126847577,10.4283351307095));
#3114=CARTESIAN_POINT('',(47.1056480111607,5.41805126847577,10.4283351307095));
#3115=CARTESIAN_POINT('Ctrl Pts',(47.1056480111607,5.41805126847577,10.4283351307095));
#3116=CARTESIAN_POINT('Ctrl Pts',(46.9408172527156,5.38277723711747,11.5108150884869));
#3117=CARTESIAN_POINT('Ctrl Pts',(45.9520698144749,5.34151339728652,13.2655645047059));
#3118=CARTESIAN_POINT('Ctrl Pts',(44.1507903320061,5.39248589095289,14.0761783762738));
#3119=CARTESIAN_POINT('Ctrl Pts',(43.3383466922634,5.41883350093369,14.2008293115908));
#3120=CARTESIAN_POINT('Ctrl Pts',(47.2332384173712,5.18999999966208,10.3614347203249));
#3121=CARTESIAN_POINT('Ctrl Pts',(47.1950254782052,5.2681459713796,10.3843593797411));
#3122=CARTESIAN_POINT('Ctrl Pts',(47.1524127820236,5.3443107602515,10.4067028451333));
#3123=CARTESIAN_POINT('Ctrl Pts',(47.1056480111607,5.41805126847577,10.4283351307095));
#3124=CARTESIAN_POINT('Ctrl Pts',(47.2361529602559,5.18401832715509,10.3596799165228));
#3125=CARTESIAN_POINT('Ctrl Pts',(47.2577220209674,5.19449686710463,10.1594852492663));
#3126=CARTESIAN_POINT('Ctrl Pts',(47.2788292601506,5.18840175099381,9.94300409454806));
#3127=CARTESIAN_POINT('Ctrl Pts',(47.2951392170119,5.14711599152119,9.70088035989903));
#3128=CARTESIAN_POINT('Ctrl Pts',(47.197195737265,5.26426013492258,10.3832194163932));
#3129=CARTESIAN_POINT('Ctrl Pts',(47.2222987318596,5.27336007213498,10.176629807205));
#3130=CARTESIAN_POINT('Ctrl Pts',(47.2468832423127,5.26542039526976,9.95264863769163));
#3131=CARTESIAN_POINT('Ctrl Pts',(47.2658883287373,5.22115948253799,9.70088037042358));
#3132=CARTESIAN_POINT('Ctrl Pts',(47.1536052162713,5.34243048731296,10.4061512402286));
#3133=CARTESIAN_POINT('Ctrl Pts',(47.1826329009207,5.35039535802252,10.1933928134079));
#3134=CARTESIAN_POINT('Ctrl Pts',(47.2110881187808,5.3408456299973,9.96211100167664));
#3135=CARTESIAN_POINT('Ctrl Pts',(47.2330979481466,5.29380457798748,9.70088038074936));
#3136=CARTESIAN_POINT('Ctrl Pts',(47.105648011362,5.41805126851891,10.4283351293872));
#3137=CARTESIAN_POINT('Ctrl Pts',(47.1389421873176,5.42517629058014,10.2096848680172));
#3138=CARTESIAN_POINT('Ctrl Pts',(47.1716211023783,5.41430251897533,9.9713480616708));
#3139=CARTESIAN_POINT('Ctrl Pts',(47.1969175062304,5.36472022259117,9.70088039082931));
#3140=CARTESIAN_POINT('Ctrl Pts',(47.1969175062304,5.36472022259117,9.70088039082931));
#3141=CARTESIAN_POINT('Ctrl Pts',(47.1716211023783,5.41430251897533,9.9713480616708));
#3142=CARTESIAN_POINT('Ctrl Pts',(47.1389421873176,5.42517629058014,10.2096848680172));
#3143=CARTESIAN_POINT('Ctrl Pts',(47.105648011362,5.41805126851891,10.4283351293872));
#3144=CARTESIAN_POINT('Origin',(35.3325003770522,22.4227605566547,-5.66158835664028));
#3145=CARTESIAN_POINT('',(35.9172606056693,21.0514929675818,-6.35545279041675));
#3146=CARTESIAN_POINT('',(35.3325003770522,22.4227605566547,-5.66158835664028));
#3147=CARTESIAN_POINT('',(19.3601491632346,21.0514929622302,-6.35545279312262));
#3148=CARTESIAN_POINT('Ctrl Pts',(35.796945395135,21.3336330898841,6.21268855610045));
#3149=CARTESIAN_POINT('Ctrl Pts',(38.0669150111885,16.0105355043685,8.90618793498428));
#3150=CARTESIAN_POINT('Ctrl Pts',(40.3368846422422,10.6874379239455,11.5996873112912));
#3151=CARTESIAN_POINT('Ctrl Pts',(42.6068542800128,5.36434034580304,14.2931866864442));
#3152=CARTESIAN_POINT('Ctrl Pts',(36.2835638415926,21.2656543509086,6.24708594740379));
#3153=CARTESIAN_POINT('Ctrl Pts',(38.621335159899,15.9427508191368,8.94002725789116));
#3154=CARTESIAN_POINT('Ctrl Pts',(40.9561467707655,10.6193995873434,11.6346066831567));
#3155=CARTESIAN_POINT('Ctrl Pts',(43.2935565215222,5.29636162315473,14.327584005854));
#3156=CARTESIAN_POINT('Ctrl Pts',(37.3766970453332,21.1680471515821,6.07270659704591));
#3157=CARTESIAN_POINT('Ctrl Pts',(39.8212544955931,15.8479314873731,8.73730034971228));
#3158=CARTESIAN_POINT('Ctrl Pts',(42.2638690097843,10.5272830834937,11.4027777076185));
#3159=CARTESIAN_POINT('Ctrl Pts',(44.7053357611844,5.20635926771634,14.0684811878613));
#3160=CARTESIAN_POINT('Ctrl Pts',(38.4540000773956,21.1561309958482,5.13206429602143));
#3161=CARTESIAN_POINT('Ctrl Pts',(41.0159307684067,15.8321236619711,7.73307065946324));
#3162=CARTESIAN_POINT('Ctrl Pts',(43.5747303034499,10.5083273465127,10.338781629159));
#3163=CARTESIAN_POINT('Ctrl Pts',(46.1311392052878,5.18497022189676,12.946402357786));
#3164=CARTESIAN_POINT('Ctrl Pts',(39.021221490742,21.2121158369941,3.9826303777868));
#3165=CARTESIAN_POINT('Ctrl Pts',(41.6989332962412,15.8815075444633,6.45716916741501));
#3166=CARTESIAN_POINT('Ctrl Pts',(44.3706509053904,10.5536684058524,8.94221718565635));
#3167=CARTESIAN_POINT('Ctrl Pts',(47.0413107793403,5.22676352542171,11.4318874086804));
#3168=CARTESIAN_POINT('Ctrl Pts',(39.0772678971335,21.2796784117701,3.31394621968234));
#3169=CARTESIAN_POINT('Ctrl Pts',(41.7978797212351,15.9474740440254,5.6597598670422));
#3170=CARTESIAN_POINT('Ctrl Pts',(44.5166118221549,10.6199094818716,8.01864377359119));
#3171=CARTESIAN_POINT('Ctrl Pts',(47.2332917821403,5.29342456022592,10.3821026860985));
#3172=CARTESIAN_POINT('Ctrl Pts',(39.0520115766528,21.3291821890118,2.95988383986541));
#3173=CARTESIAN_POINT('Ctrl Pts',(41.7678017586036,16.0060846058846,5.20756259482255));
#3174=CARTESIAN_POINT('Ctrl Pts',(44.4835919355532,10.6829870325604,7.45524137903856));
#3175=CARTESIAN_POINT('Ctrl Pts',(47.1993821119996,5.35988946022222,9.70292016619779));
#3176=CARTESIAN_POINT('',(39.1921719075279,21.0544602596483,3.07588523044651));
#3177=CARTESIAN_POINT('Ctrl Pts',(35.9172605746197,21.0514929953379,6.35545208000921));
#3178=CARTESIAN_POINT('Ctrl Pts',(36.6798947097584,21.1297159235918,6.31587109356379));
#3179=CARTESIAN_POINT('Ctrl Pts',(37.8184125131233,21.1750502251428,5.82086004447986));
#3180=CARTESIAN_POINT('Ctrl Pts',(38.8792219499208,21.1593284206799,4.52924343146697));
#3181=CARTESIAN_POINT('Ctrl Pts',(39.1652682530622,21.1071928867568,3.58809989170596));
#3182=CARTESIAN_POINT('Ctrl Pts',(39.1921719060779,21.0544602624905,3.0758852146185));
#3183=CARTESIAN_POINT('',(38.4963498567509,22.4183096105275,2.49999962294998));
#3184=CARTESIAN_POINT('Origin',(38.3014048939939,20.6,1.24999962294997));
#3185=CARTESIAN_POINT('',(38.3014048939939,21.6,3.07588523044651));
#3186=CARTESIAN_POINT('Origin',(38.3014048939939,20.6,3.07588523044651));
#3187=CARTESIAN_POINT('',(38.3014048939939,21.6,-3.07588594333828));
#3188=CARTESIAN_POINT('',(38.3014048939939,21.6,1.24999962294997));
#3189=CARTESIAN_POINT('',(39.1921719107983,21.0544602532383,-3.0758859242062));
#3190=CARTESIAN_POINT('Origin',(38.3014048939939,20.6,-3.07588594333828));
#3191=CARTESIAN_POINT('',(39.1921719075279,21.0544602596483,1.24999962294997));
#3192=CARTESIAN_POINT('Ctrl Pts',(39.1921719053529,21.0544602639115,-3.07588591959627));
#3193=CARTESIAN_POINT('Ctrl Pts',(39.1652681810457,21.1071930229247,-3.58810198188116));
#3194=CARTESIAN_POINT('Ctrl Pts',(38.8792214644087,21.1593265069354,-4.52922503355512));
#3195=CARTESIAN_POINT('Ctrl Pts',(37.8184139369023,21.1750506929805,-5.82086559935725));
#3196=CARTESIAN_POINT('Ctrl Pts',(36.6798968164053,21.12971611197,-6.31587170067514));
#3197=CARTESIAN_POINT('Ctrl Pts',(35.9172605962122,21.0514929643711,-6.35545279204138));
#3198=CARTESIAN_POINT('Ctrl Pts',(39.1089276515893,21.2176235611811,-3.07588591840715));
#3199=CARTESIAN_POINT('Ctrl Pts',(39.0767455812876,21.2565991110843,-3.57346485703601));
#3200=CARTESIAN_POINT('Ctrl Pts',(38.7955822816049,21.2943860460572,-4.48645296844963));
#3201=CARTESIAN_POINT('Ctrl Pts',(37.76251779884,21.3056199732982,-5.74263791160136));
#3202=CARTESIAN_POINT('Ctrl Pts',(36.6585834766906,21.2732813623131,-6.2249912768155));
#3203=CARTESIAN_POINT('Ctrl Pts',(35.917260595626,21.2154273913403,-6.27250160882275));
#3204=CARTESIAN_POINT('Ctrl Pts',(38.8504914060459,21.4965582504128,-3.07588591471547));
#3205=CARTESIAN_POINT('Ctrl Pts',(38.8210299058754,21.5080286527126,-3.52771572411261));
#3206=CARTESIAN_POINT('Ctrl Pts',(38.566657741683,21.518813207429,-4.36839594868168));
#3207=CARTESIAN_POINT('Ctrl Pts',(37.6124788565917,21.521948132873,-5.5315489681342));
#3208=CARTESIAN_POINT('Ctrl Pts',(36.5916874487812,21.5129570112463,-5.97029567979644));
#3209=CARTESIAN_POINT('Ctrl Pts',(35.9172605937986,21.4959136512949,-6.01392212981434));
#3210=CARTESIAN_POINT('Ctrl Pts',(38.4845765822007,21.6,-3.07588590948849));
#3211=CARTESIAN_POINT('Ctrl Pts',(38.4746920980416,21.5998934896242,-3.4630862733827));
#3212=CARTESIAN_POINT('Ctrl Pts',(38.2677738624335,21.5998228562288,-4.2134808713099));
#3213=CARTESIAN_POINT('Ctrl Pts',(37.4190560863518,21.599804917571,-5.25888787823017));
#3214=CARTESIAN_POINT('Ctrl Pts',(36.4969545350077,21.5998407922858,-5.63226642804523));
#3215=CARTESIAN_POINT('Ctrl Pts',(35.9172605912049,21.6,-5.64690452669312));
#3216=CARTESIAN_POINT('Ctrl Pts',(38.3014048939939,21.6,-3.07588590687193));
#3217=CARTESIAN_POINT('Ctrl Pts',(38.3014048889253,21.6,-3.43071002332996));
#3218=CARTESIAN_POINT('Ctrl Pts',(38.11824040408,21.6,-4.13597902804669));
#3219=CARTESIAN_POINT('Ctrl Pts',(37.3223148010271,21.6,-5.1224662964843));
#3220=CARTESIAN_POINT('Ctrl Pts',(36.4494967645939,21.6,-5.4631781090902));
#3221=CARTESIAN_POINT('Ctrl Pts',(35.9172605899065,21.6,-5.46317811285148));
#3222=CARTESIAN_POINT('',(35.9172605899065,21.6,-5.46317811285148));
#3223=CARTESIAN_POINT('Origin',(35.9172605899065,20.6,-5.46317811285148));
#3224=CARTESIAN_POINT('Ctrl Pts',(39.1921719051857,21.0544602642392,-3.07588592277887));
#3225=CARTESIAN_POINT('Ctrl Pts',(39.1652681804533,21.1071930230327,-3.58810198383035));
#3226=CARTESIAN_POINT('Ctrl Pts',(38.8792214637809,21.1593265069447,-4.52922503431945));
#3227=CARTESIAN_POINT('Ctrl Pts',(37.8184139388381,21.1750506929519,-5.82086559700018));
#3228=CARTESIAN_POINT('Ctrl Pts',(36.6798968222227,21.1297161122016,-6.31587169814585));
#3229=CARTESIAN_POINT('Ctrl Pts',(35.9172606059542,21.0514929653703,-6.35545279153577));
#3230=CARTESIAN_POINT('Ctrl Pts',(35.9172605899065,21.6,-5.46317811285148));
#3231=CARTESIAN_POINT('Ctrl Pts',(36.4494967645939,21.6,-5.4631781090902));
#3232=CARTESIAN_POINT('Ctrl Pts',(37.3223148010271,21.6,-5.1224662964843));
#3233=CARTESIAN_POINT('Ctrl Pts',(38.1182403962895,21.6,-4.13597903770233));
#3234=CARTESIAN_POINT('Ctrl Pts',(38.3014048826505,21.6,-3.43071004749084));
#3235=CARTESIAN_POINT('Ctrl Pts',(38.3014048939939,21.6,-3.07588594333828));
#3236=CARTESIAN_POINT('Origin',(19.3601491632347,20.6,-5.46317811284945));
#3237=CARTESIAN_POINT('',(-27.1674997136602,21.6,-5.46317811284354));
#3238=CARTESIAN_POINT('Origin',(-27.1674997136602,20.6,-5.46317811284354));
#3239=CARTESIAN_POINT('',(19.3601491632347,21.6,-5.46317811284945));
#3240=CARTESIAN_POINT('Ctrl Pts',(-27.1674996978803,21.0514929921411,-6.35545283572686));
#3241=CARTESIAN_POINT('Ctrl Pts',(-28.1182333228606,21.0514929921411,-6.35545282451749));
#3242=CARTESIAN_POINT('Ctrl Pts',(-30.9916637059104,21.0514929921411,-5.72243159224841));
#3243=CARTESIAN_POINT('Ctrl Pts',(-33.5905223935423,21.0514929921411,-2.44869221945417));
#3244=CARTESIAN_POINT('Ctrl Pts',(-33.5710901614925,21.0514929921411,1.46550683406098));
#3245=CARTESIAN_POINT('Ctrl Pts',(-32.3094167107745,21.0514929921411,4.09667695563175));
#3246=CARTESIAN_POINT('Ctrl Pts',(-30.018048648481,21.0514929921411,5.92212728095428));
#3247=CARTESIAN_POINT('Ctrl Pts',(-28.1182332717751,21.0514929921411,6.35545207805947));
#3248=CARTESIAN_POINT('Ctrl Pts',(-27.1674996467948,21.0514929921411,6.3554520816268));
#3249=CARTESIAN_POINT('Ctrl Pts',(-27.1674996969023,21.2154274119003,-6.27250164974809));
#3250=CARTESIAN_POINT('Ctrl Pts',(-28.1058857973865,21.2154274119003,-6.2725016386843));
#3251=CARTESIAN_POINT('Ctrl Pts',(-30.9418297345331,21.2154274119004,-5.64782862172656));
#3252=CARTESIAN_POINT('Ctrl Pts',(-33.5068692596769,21.2154274119003,-2.41683093523864));
#3253=CARTESIAN_POINT('Ctrl Pts',(-33.4876459755109,21.2154274119004,1.44638787320116));
#3254=CARTESIAN_POINT('Ctrl Pts',(-32.2424491082853,21.2154274119003,4.04326339195817));
#3255=CARTESIAN_POINT('Ctrl Pts',(-29.9808763604658,21.2154274119004,5.8449137021167));
#3256=CARTESIAN_POINT('Ctrl Pts',(-28.1058857469678,21.2154274119003,6.27250089212704));
#3257=CARTESIAN_POINT('Ctrl Pts',(-27.1674996464836,21.2154274119003,6.27250089564803));
#3258=CARTESIAN_POINT('Ctrl Pts',(-27.1674996938536,21.4959242094887,-6.0139286587681));
#3259=CARTESIAN_POINT('Ctrl Pts',(-28.0671307083468,21.4959242094887,-6.01392864816124));
#3260=CARTESIAN_POINT('Ctrl Pts',(-30.7861473483231,21.4959242094887,-5.41490619490085));
#3261=CARTESIAN_POINT('Ctrl Pts',(-33.2453295143739,21.4959242094887,-2.31708568109892));
#3262=CARTESIAN_POINT('Ctrl Pts',(-33.2269508661702,21.4959242094887,1.38675274875302));
#3263=CARTESIAN_POINT('Ctrl Pts',(-32.0330742682611,21.4959242094887,3.87652126316506));
#3264=CARTESIAN_POINT('Ctrl Pts',(-29.8648612393979,21.4959242094887,5.60387163116105));
#3265=CARTESIAN_POINT('Ctrl Pts',(-28.0671306600065,21.4959242094887,6.01392790129247));
#3266=CARTESIAN_POINT('Ctrl Pts',(-27.1674996455133,21.4959242094887,6.01392790466805));
#3267=CARTESIAN_POINT('Ctrl Pts',(-27.1674996895263,21.6,-5.64690457924318));
#3268=CARTESIAN_POINT('Ctrl Pts',(-28.0122487886507,21.6,-5.64690456928339));
#3269=CARTESIAN_POINT('Ctrl Pts',(-30.5653327093282,21.6,-5.08447022147904));
#3270=CARTESIAN_POINT('Ctrl Pts',(-32.8744690879646,21.6,-2.17571118499572));
#3271=CARTESIAN_POINT('Ctrl Pts',(-32.857196304778,21.6,1.30212368492836));
#3272=CARTESIAN_POINT('Ctrl Pts',(-31.7361840781816,21.6,3.63996080505899));
#3273=CARTESIAN_POINT('Ctrl Pts',(-29.7002555777689,21.6,5.26190176503231));
#3274=CARTESIAN_POINT('Ctrl Pts',(-28.0122487432607,21.6,5.64690382197347));
#3275=CARTESIAN_POINT('Ctrl Pts',(-27.1674996441362,21.6,5.64690382514312));
#3276=CARTESIAN_POINT('Ctrl Pts',(-27.1674996873602,21.6,-5.46317817058866));
#3277=CARTESIAN_POINT('Ctrl Pts',(-27.984754927854,21.6,-5.46317816095303));
#3278=CARTESIAN_POINT('Ctrl Pts',(-30.4547696375895,21.6,-4.91903003594434));
#3279=CARTESIAN_POINT('Ctrl Pts',(-32.6887611847109,21.6,-2.10490777485106));
#3280=CARTESIAN_POINT('Ctrl Pts',(-32.6720571436841,21.6,1.25975673765889));
#3281=CARTESIAN_POINT('Ctrl Pts',(-31.5875165191611,21.6,3.52152335028814));
#3282=CARTESIAN_POINT('Ctrl Pts',(-29.6178454066575,21.6,5.09068931374281));
#3283=CARTESIAN_POINT('Ctrl Pts',(-27.9847548839407,21.6,5.46317741342211));
#3284=CARTESIAN_POINT('Ctrl Pts',(-27.1674996434468,21.6,5.4631774164886));
#3285=CARTESIAN_POINT('',(-27.1674996434468,21.6,5.4631774164886));
#3286=CARTESIAN_POINT('Origin',(-27.1674996434468,20.6,5.4631774164886));
#3287=CARTESIAN_POINT('Ctrl Pts',(-27.1674996434468,21.6,5.4631774164886));
#3288=CARTESIAN_POINT('Ctrl Pts',(-27.9847548839407,21.6,5.46317741342211));
#3289=CARTESIAN_POINT('Ctrl Pts',(-29.6178454066575,21.6,5.09068931374281));
#3290=CARTESIAN_POINT('Ctrl Pts',(-31.5875165191611,21.6,3.52152335028814));
#3291=CARTESIAN_POINT('Ctrl Pts',(-32.6720571436841,21.6,1.25975673765889));
#3292=CARTESIAN_POINT('Ctrl Pts',(-32.6887611847109,21.6,-2.10490777485106));
#3293=CARTESIAN_POINT('Ctrl Pts',(-30.4547696435805,21.6,-4.91903002839759));
#3294=CARTESIAN_POINT('Ctrl Pts',(-27.9847549455178,21.6,-5.46317815706165));
#3295=CARTESIAN_POINT('Ctrl Pts',(-27.1674997136602,21.6,-5.46317817058866));
#3296=CARTESIAN_POINT('Origin',(-11.889850836765,20.6,5.46317741648849));
#3297=CARTESIAN_POINT('',(35.9172605923665,21.6,5.46317741648795));
#3298=CARTESIAN_POINT('Origin',(35.9172605923665,20.6,5.46317741648795));
#3299=CARTESIAN_POINT('',(-11.889850836765,21.6,5.46317741648849));
#3300=CARTESIAN_POINT('Ctrl Pts',(35.9172605746197,21.0514929953379,6.35545208000921));
#3301=CARTESIAN_POINT('Ctrl Pts',(36.6798947097584,21.1297159235918,6.31587109356379));
#3302=CARTESIAN_POINT('Ctrl Pts',(37.8184125131233,21.1750502251428,5.82086004447986));
#3303=CARTESIAN_POINT('Ctrl Pts',(38.8792219499208,21.1593284206799,4.52924343146697));
#3304=CARTESIAN_POINT('Ctrl Pts',(39.1652682530622,21.1071928867568,3.58809989170596));
#3305=CARTESIAN_POINT('Ctrl Pts',(39.1921719060779,21.0544602624905,3.0758852146185));
#3306=CARTESIAN_POINT('Ctrl Pts',(35.9172605737443,21.2154274142672,6.2725008937127));
#3307=CARTESIAN_POINT('Ctrl Pts',(36.6585814274844,21.2732812226138,6.2249906899705));
#3308=CARTESIAN_POINT('Ctrl Pts',(37.7625164409347,21.3056196349012,5.74263250811592));
#3309=CARTESIAN_POINT('Ctrl Pts',(38.7955825599678,21.2943874507405,4.48647080984225));
#3310=CARTESIAN_POINT('Ctrl Pts',(39.0767456668293,21.2565990104519,3.57346280639385));
#3311=CARTESIAN_POINT('Ctrl Pts',(39.1089276524538,21.2176235601297,3.07588521382575));
#3312=CARTESIAN_POINT('Ctrl Pts',(35.9172605710156,21.4959136580284,6.01392141616926));
#3313=CARTESIAN_POINT('Ctrl Pts',(36.5916855829116,21.5129569698928,5.97029508534035));
#3314=CARTESIAN_POINT('Ctrl Pts',(37.6124775654499,21.5219480366089,5.53154392276041));
#3315=CARTESIAN_POINT('Ctrl Pts',(38.5666580674022,21.5188136165473,4.36841215671044));
#3316=CARTESIAN_POINT('Ctrl Pts',(38.8210299841289,21.5080286231041,3.5277137968418));
#3317=CARTESIAN_POINT('Ctrl Pts',(38.850491406841,21.4965582501052,3.07588521136463));
#3318=CARTESIAN_POINT('Ctrl Pts',(35.9172605671426,21.6,5.646903824546));
#3319=CARTESIAN_POINT('Ctrl Pts',(36.4969529312451,21.5998407927449,5.63226576467062));
#3320=CARTESIAN_POINT('Ctrl Pts',(37.4190547806276,21.5998049181467,5.2588832478516));
#3321=CARTESIAN_POINT('Ctrl Pts',(38.2677748157458,21.5998228525405,4.21349485707269));
#3322=CARTESIAN_POINT('Ctrl Pts',(38.4746921254167,21.599893489896,3.46308452025173));
#3323=CARTESIAN_POINT('Ctrl Pts',(38.4845765824666,21.6,3.07588520787998));
#3324=CARTESIAN_POINT('Ctrl Pts',(35.9172605652037,21.6,5.46317741648861));
#3325=CARTESIAN_POINT('Ctrl Pts',(36.4494952921502,21.6,5.46317741087206));
#3326=CARTESIAN_POINT('Ctrl Pts',(37.3223134875944,21.6,5.12246187364719));
#3327=CARTESIAN_POINT('Ctrl Pts',(38.1182416743742,21.6,4.13599190093131));
#3328=CARTESIAN_POINT('Ctrl Pts',(38.3014048906149,21.6,3.43070835743331));
#3329=CARTESIAN_POINT('Ctrl Pts',(38.3014048939939,21.6,3.07588520613561));
#3330=CARTESIAN_POINT('Ctrl Pts',(38.3014048939939,21.6,3.07588523044651));
#3331=CARTESIAN_POINT('Ctrl Pts',(38.3014048864317,21.6,3.43070837354094));
#3332=CARTESIAN_POINT('Ctrl Pts',(38.1182416691805,21.6,4.13599190736831));
#3333=CARTESIAN_POINT('Ctrl Pts',(37.3223134933973,21.6,5.12246186645509));
#3334=CARTESIAN_POINT('Ctrl Pts',(36.449495309968,21.6,5.46317740391666));
#3335=CARTESIAN_POINT('Ctrl Pts',(35.9172605923664,21.6,5.46317741648861));
#3336=CARTESIAN_POINT('Ctrl Pts',(39.0520463709188,21.3291139903436,-2.95991335206521));
#3337=CARTESIAN_POINT('Ctrl Pts',(41.7678249674605,16.0060391152533,-5.20758233040744));
#3338=CARTESIAN_POINT('Ctrl Pts',(44.4836035565002,10.6829642548673,-7.45525135263726));
#3339=CARTESIAN_POINT('Ctrl Pts',(47.1993821447853,5.35988939596034,-9.70292037928195));
#3340=CARTESIAN_POINT('Ctrl Pts',(39.0773027517255,21.2796100923381,-3.31397695935398));
#3341=CARTESIAN_POINT('Ctrl Pts',(41.7996000284877,15.9472743379782,-5.65945143045139));
#3342=CARTESIAN_POINT('Ctrl Pts',(44.5151660138132,10.6199886617522,-8.01867426634692));
#3343=CARTESIAN_POINT('Ctrl Pts',(47.233291787429,5.29342450573188,-10.3821029027751));
#3344=CARTESIAN_POINT('Ctrl Pts',(39.0109176819669,21.1893221708868,-4.20746432406743));
#3345=CARTESIAN_POINT('Ctrl Pts',(41.6711103690398,15.8595668161341,-6.72538594829405));
#3346=CARTESIAN_POINT('Ctrl Pts',(44.3270244629107,10.5317506046247,-9.25224973913239));
#3347=CARTESIAN_POINT('Ctrl Pts',(46.9795686039541,5.20493060905546,-11.7838921805467));
#3348=CARTESIAN_POINT('Ctrl Pts',(38.1122081000815,21.1450869264123,-5.59725594217557));
#3349=CARTESIAN_POINT('Ctrl Pts',(40.6251732084435,15.823949662218,-8.23073429629314));
#3350=CARTESIAN_POINT('Ctrl Pts',(43.1347338596665,10.5027407766508,-10.8650060531667));
#3351=CARTESIAN_POINT('Ctrl Pts',(45.6432933688491,5.18125160332748,-13.5018525933715));
#3352=CARTESIAN_POINT('Ctrl Pts',(36.8106220958463,21.2109901803293,-6.20229072698551));
#3353=CARTESIAN_POINT('Ctrl Pts',(39.2061470803388,15.8894967806959,-8.88207882345578));
#3354=CARTESIAN_POINT('Ctrl Pts',(41.6000644614128,10.5676167328771,-11.5634010106098));
#3355=CARTESIAN_POINT('Ctrl Pts',(43.9937094625363,5.24563279894366,-14.2438498971319));
#3356=CARTESIAN_POINT('Ctrl Pts',(36.0402841162733,21.2995755676977,-6.22992244462497));
#3357=CARTESIAN_POINT('Ctrl Pts',(38.3434197857182,15.9764776168535,-8.92411615820214));
#3358=CARTESIAN_POINT('Ctrl Pts',(40.6470071971886,10.6534748206294,-11.6163044712929));
#3359=CARTESIAN_POINT('Ctrl Pts',(42.9502052619118,5.33035099261232,-14.3103853877092));
#3360=CARTESIAN_POINT('Ctrl Pts',(35.7969744677071,21.3335649390923,-6.21272374879426));
#3361=CARTESIAN_POINT('Ctrl Pts',(38.0669343515697,16.0104900757689,-8.90621140606969));
#3362=CARTESIAN_POINT('Ctrl Pts',(40.3368942454321,10.6874152158405,-11.5996990616272));
#3363=CARTESIAN_POINT('Ctrl Pts',(42.6068541437724,5.36434035743247,-14.2931867164155));
#3364=CARTESIAN_POINT('',(38.4963498567509,22.4183096105275,-2.50000037705003));
#3365=CARTESIAN_POINT('Origin',(38.4963498567509,22.4183096105275,2.49999962294998));
#3366=CARTESIAN_POINT('Origin',(3.38779794941786,21.6,-3.77050028147498E-7));
#3367=CARTESIAN_POINT('Ctrl Pts',(43.2691596698218,5.185600252977,-15.9217043451202));
#3368=CARTESIAN_POINT('Ctrl Pts',(43.0673764341362,5.19424191486239,-15.9350880530074));
#3369=CARTESIAN_POINT('Ctrl Pts',(42.8496506462694,5.18635388171575,-15.9481202965083));
#3370=CARTESIAN_POINT('Ctrl Pts',(42.6068540757352,5.14320467077855,-15.9581730165973));
#3371=CARTESIAN_POINT('Ctrl Pts',(43.3710454604408,5.52906350483349,-15.8240525525311));
#3372=CARTESIAN_POINT('Ctrl Pts',(43.1409483934406,5.52952712156322,-15.8466510441366));
#3373=CARTESIAN_POINT('Ctrl Pts',(42.8906968053137,5.51167000417453,-15.868704862781));
#3374=CARTESIAN_POINT('Ctrl Pts',(42.6068541173281,5.45426797672023,-15.885702861896));
#3375=CARTESIAN_POINT('Ctrl Pts',(43.4690291558502,5.85937255430711,-15.6762042392871));
#3376=CARTESIAN_POINT('Ctrl Pts',(43.2120912392424,5.85327575143222,-15.7126843859319));
#3377=CARTESIAN_POINT('Ctrl Pts',(42.9305884715921,5.82697846077424,-15.7483100807636));
#3378=CARTESIAN_POINT('Ctrl Pts',(42.6068541577525,5.75659305027824,-15.7758026712871));
#3379=CARTESIAN_POINT('Ctrl Pts',(43.5593546672008,6.1638653954146,-15.4838269952707));
#3380=CARTESIAN_POINT('Ctrl Pts',(43.278433963092,6.1542758622615,-15.5377867686294));
#3381=CARTESIAN_POINT('Ctrl Pts',(42.968190335201,6.12248376087683,-15.5906611272467));
#3382=CARTESIAN_POINT('Ctrl Pts',(42.6068541958586,6.04157991385258,-15.6315986796091));
#3383=CARTESIAN_POINT('Origin',(42.6068542353503,4.23560798294875,-12.0625000000009));
#3384=CARTESIAN_POINT('Origin',(42.969999716059,4.17711369150276,-12.0625));
#3385=CARTESIAN_POINT('Origin',(39.1512501885238,4.23560798294875,-12.0625000000005));
#3386=CARTESIAN_POINT('Origin',(-27.1675008077346,4.23560798294875,-12.062499999992));
#3387=CARTESIAN_POINT('',(39.1512501885234,6.04157983186965,-15.6315987210931));
#3388=CARTESIAN_POINT('Ctrl Pts',(-27.1675007735643,5.18999999076933,-15.9469744327533));
#3389=CARTESIAN_POINT('Ctrl Pts',(-29.5530624882641,5.18999999076933,-15.9469742606287));
#3390=CARTESIAN_POINT('Ctrl Pts',(-34.3242862282228,5.18999999076933,-14.8598147328471));
#3391=CARTESIAN_POINT('Ctrl Pts',(-40.0604316211853,5.18999999076934,-10.2819244428202));
#3392=CARTESIAN_POINT('Ctrl Pts',(-43.2482203983794,5.18999999076934,-3.67004487852636));
#3393=CARTESIAN_POINT('Ctrl Pts',(-43.2446104335729,5.18999999076934,3.66979053382799));
#3394=CARTESIAN_POINT('Ctrl Pts',(-40.0633668343525,5.18999999076934,10.2837974826847));
#3395=CARTESIAN_POINT('Ctrl Pts',(-34.321888046884,5.18999999076934,14.8585728861697));
#3396=CARTESIAN_POINT('Ctrl Pts',(-29.5530617117746,5.18999999076934,15.9469736226864));
#3397=CARTESIAN_POINT('Ctrl Pts',(-27.1674999970747,5.18999999076934,15.9469736786533));
#3398=CARTESIAN_POINT('Ctrl Pts',(-27.1675007683419,5.48459323884808,-15.874594623889));
#3399=CARTESIAN_POINT('Ctrl Pts',(-29.5422394495012,5.48459323884808,-15.8745944525453));
#3400=CARTESIAN_POINT('Ctrl Pts',(-34.2918009746556,5.48459323884808,-14.7923746746843));
#3401=CARTESIAN_POINT('Ctrl Pts',(-40.0019155317895,5.48459323884808,-10.2352571490262));
#3402=CARTESIAN_POINT('Ctrl Pts',(-43.1752377264353,5.48459323884808,-3.65338883907388));
#3403=CARTESIAN_POINT('Ctrl Pts',(-43.171640847117,5.48459323884808,3.65313468365354));
#3404=CARTESIAN_POINT('Ctrl Pts',(-40.0048396961228,5.48459323884809,10.2371239862739));
#3405=CARTESIAN_POINT('Ctrl Pts',(-34.2894136534915,5.48459323884809,14.7911353567505));
#3406=CARTESIAN_POINT('Ctrl Pts',(-29.542238676536,5.48459323884809,15.874593814076));
#3407=CARTESIAN_POINT('Ctrl Pts',(-27.1674999953766,5.48459323884809,15.8745938697889));
#3408=CARTESIAN_POINT('Ctrl Pts',(-27.1675007606914,5.77090424886625,-15.7685618945589));
#3409=CARTESIAN_POINT('Ctrl Pts',(-29.5263775881732,5.77090424886625,-15.7685617243597));
#3410=CARTESIAN_POINT('Ctrl Pts',(-34.2442149463244,5.77090424886625,-14.693570487773));
#3411=CARTESIAN_POINT('Ctrl Pts',(-39.9161893491757,5.77090424886625,-10.1668917971756));
#3412=CARTESIAN_POINT('Ctrl Pts',(-43.0683156489962,5.77090424886625,-3.62898639464218));
#3413=CARTESIAN_POINT('Ctrl Pts',(-43.0647428162181,5.77090424886625,3.62873393807234));
#3414=CARTESIAN_POINT('Ctrl Pts',(-39.9190939670012,5.77090424886625,10.1687461449996));
#3415=CARTESIAN_POINT('Ctrl Pts',(-34.2418435711889,5.77090424886626,14.6923394629782));
#3416=CARTESIAN_POINT('Ctrl Pts',(-29.5263768203709,5.77090424886626,15.7685610851181));
#3417=CARTESIAN_POINT('Ctrl Pts',(-27.167499992889,5.77090424886626,15.7685611404589));
#3418=CARTESIAN_POINT('Ctrl Pts',(-27.1675007508092,6.0415798806523,-15.6315994146528));
#3419=CARTESIAN_POINT('Ctrl Pts',(-29.5058844512772,6.0415798806523,-15.6315992459322));
#3420=CARTESIAN_POINT('Ctrl Pts',(-34.1827501789826,6.0415798806523,-14.5659399071241));
#3421=CARTESIAN_POINT('Ctrl Pts',(-39.8054548056396,6.04157988065231,-10.0785841741885));
#3422=CARTESIAN_POINT('Ctrl Pts',(-42.9302003409123,6.0415798806523,-3.59746431577887));
#3423=CARTESIAN_POINT('Ctrl Pts',(-42.9266617685036,6.0415798806523,3.59721498620996));
#3424=CARTESIAN_POINT('Ctrl Pts',(-39.8083319706215,6.0415798806523,10.0804201570036));
#3425=CARTESIAN_POINT('Ctrl Pts',(-34.1803994252299,6.0415798806523,14.5647226048895));
#3426=CARTESIAN_POINT('Ctrl Pts',(-29.5058836901439,6.04157988065231,15.6315986056927));
#3427=CARTESIAN_POINT('Ctrl Pts',(-27.1674999896758,6.04157988065231,15.6315986605528));
#3428=CARTESIAN_POINT('Ctrl Pts',(42.6068541779588,5.143220173484,15.9581693883033));
#3429=CARTESIAN_POINT('Ctrl Pts',(42.8496527980265,5.18637008173836,15.9481163201127));
#3430=CARTESIAN_POINT('Ctrl Pts',(43.0673802119724,5.19425860233979,15.9350836273106));
#3431=CARTESIAN_POINT('Ctrl Pts',(43.2691648651085,5.18561733901308,15.9216994589908));
#3432=CARTESIAN_POINT('Ctrl Pts',(42.6068542403474,5.45427805697154,15.8856991859024));
#3433=CARTESIAN_POINT('Ctrl Pts',(42.890698256705,5.5116805019184,15.8687008357749));
#3434=CARTESIAN_POINT('Ctrl Pts',(43.1409508879606,5.52953789018612,15.8466465676981));
#3435=CARTESIAN_POINT('Ctrl Pts',(43.3710488533923,5.529074482444,15.8240476146935));
#3436=CARTESIAN_POINT('Ctrl Pts',(42.6068543009834,5.75659784901366,15.7758002233709));
#3437=CARTESIAN_POINT('Ctrl Pts',(42.9305892408126,5.8269834183325,15.7483074040901));
#3438=CARTESIAN_POINT('Ctrl Pts',(43.2120924893241,5.85328078873494,15.7126814210937));
#3439=CARTESIAN_POINT('Ctrl Pts',(43.4690308099888,5.8593776388799,15.6762009810515));
#3440=CARTESIAN_POINT('Ctrl Pts',(42.6068543581421,6.04158000363048,15.6315985983255));
#3441=CARTESIAN_POINT('Ctrl Pts',(42.9681904969692,6.12248383266733,15.590661038267));
#3442=CARTESIAN_POINT('Ctrl Pts',(43.2784341264545,6.15427592035809,15.5377866756574));
#3443=CARTESIAN_POINT('Ctrl Pts',(43.5593548353085,6.16386544154732,15.4838268985617));
#3444=CARTESIAN_POINT('Origin',(42.9699997870454,4.17711359990614,12.0625));
#3445=CARTESIAN_POINT('Origin',(44.97,4.22856951936369,-3.78125029500251));
#3446=CARTESIAN_POINT('Origin',(44.97,4.22856951936369,-9.70088074316062));
#3447=CARTESIAN_POINT('',(48.5330680541362,6.04641055795707,-3.78125029500252));
#3448=CARTESIAN_POINT('Origin',(44.97,4.22856951936369,9.7008805043294));
#3449=CARTESIAN_POINT('Ctrl Pts',(48.8268768069497,5.18853030092439,-10.3610038551622));
#3450=CARTESIAN_POINT('Ctrl Pts',(48.7442045151758,5.14824753284108,-11.5665028364477));
#3451=CARTESIAN_POINT('Ctrl Pts',(47.9696491213829,5.10379944468626,-13.5661066234268));
#3452=CARTESIAN_POINT('Ctrl Pts',(45.6762505814633,5.12074720373939,-15.4238458726369));
#3453=CARTESIAN_POINT('Ctrl Pts',(44.0739967529189,5.16304929002734,-15.8649455291121));
#3454=CARTESIAN_POINT('Ctrl Pts',(43.2704649721904,5.1899999999999,-15.9204504864523));
#3455=CARTESIAN_POINT('Ctrl Pts',(48.7284841872389,5.53192354974126,-10.4617406185814));
#3456=CARTESIAN_POINT('Ctrl Pts',(48.6118603018145,5.5202053672944,-11.621039049946));
#3457=CARTESIAN_POINT('Ctrl Pts',(47.8374218542815,5.49883459511849,-13.5059605794957));
#3458=CARTESIAN_POINT('Ctrl Pts',(45.666207610524,5.50726375480335,-15.2850217301105));
#3459=CARTESIAN_POINT('Ctrl Pts',(44.144884718968,5.52424052122248,-15.7444673510896));
#3460=CARTESIAN_POINT('Ctrl Pts',(43.3718826313822,5.53188531614697,-15.8227915247652));
#3461=CARTESIAN_POINT('Ctrl Pts',(48.5799750624624,5.86205793967585,-10.5585877991205));
#3462=CARTESIAN_POINT('Ctrl Pts',(48.4242454045452,5.87610426039187,-11.6611957636763));
#3463=CARTESIAN_POINT('Ctrl Pts',(47.6528710519111,5.8749534375469,-13.408937986119));
#3464=CARTESIAN_POINT('Ctrl Pts',(45.628639343183,5.8759497652443,-15.0918069627728));
#3465=CARTESIAN_POINT('Ctrl Pts',(44.2049370686869,5.87045483734548,-15.5707512740846));
#3466=CARTESIAN_POINT('Ctrl Pts',(43.4694149576267,5.86067294304095,-15.6753826505771));
#3467=CARTESIAN_POINT('Ctrl Pts',(48.3870368169201,6.16629046883183,-10.6478364857281));
#3468=CARTESIAN_POINT('Ctrl Pts',(48.189239913844,6.20077085719875,-11.6849838657671));
#3469=CARTESIAN_POINT('Ctrl Pts',(47.424760812152,6.21448723853521,-13.2795569169227));
#3470=CARTESIAN_POINT('Ctrl Pts',(45.5650408495373,6.21008025034667,-14.8530754821029));
#3471=CARTESIAN_POINT('Ctrl Pts',(44.2515644153693,6.18749476791287,-15.3508660302791));
#3472=CARTESIAN_POINT('Ctrl Pts',(43.5593546678381,6.16386539543819,-15.4838269951473));
#3473=CARTESIAN_POINT('Origin',(44.97,4.17098589534246,-10.0624997870452));
#3474=CARTESIAN_POINT('Ctrl Pts',(48.8638587689913,5.14391857144653,-9.70088050338826));
#3475=CARTESIAN_POINT('Ctrl Pts',(48.8538846441089,5.18634805673671,-9.94258773333954));
#3476=CARTESIAN_POINT('Ctrl Pts',(48.8409522140724,5.19420092002574,-10.1592749971624));
#3477=CARTESIAN_POINT('Ctrl Pts',(48.8276942615734,5.18567310641776,-10.3601654516824));
#3478=CARTESIAN_POINT('Ctrl Pts',(48.7903613831838,5.45657355215939,-9.70088056626771));
#3479=CARTESIAN_POINT('Ctrl Pts',(48.7735186444872,5.51296097684207,-9.98331422010784));
#3480=CARTESIAN_POINT('Ctrl Pts',(48.7516626349748,5.53060260180697,-10.2322461717812));
#3481=CARTESIAN_POINT('Ctrl Pts',(48.7293058256707,5.53009163606581,-10.4612030615537));
#3482=CARTESIAN_POINT('Ctrl Pts',(48.6790304229682,5.76031634053909,-9.70088062735479));
#3483=CARTESIAN_POINT('Ctrl Pts',(48.651821569164,5.8293990281932,-10.0228783340666));
#3484=CARTESIAN_POINT('Ctrl Pts',(48.616557522714,5.85531054311211,-10.3027812524103));
#3485=CARTESIAN_POINT('Ctrl Pts',(48.5805101297151,5.86121424545133,-10.5583402192464));
#3486=CARTESIAN_POINT('Ctrl Pts',(48.5330679916434,6.04641068044615,-9.70088068489252));
#3487=CARTESIAN_POINT('Ctrl Pts',(48.4925937488845,6.12574233527056,-10.0601415772363));
#3488=CARTESIAN_POINT('Ctrl Pts',(48.4403074924668,6.15700423066064,-10.3685118055637));
#3489=CARTESIAN_POINT('Ctrl Pts',(48.3870368169601,6.16629046882489,-10.647836485518));
#3490=CARTESIAN_POINT('Ctrl Pts',(43.2704651737767,5.18999999999992,15.9204504522325));
#3491=CARTESIAN_POINT('Ctrl Pts',(44.4757628343398,5.14957393538837,15.8371929763707));
#3492=CARTESIAN_POINT('Ctrl Pts',(46.4772412499397,5.1046835407773,15.060299885006));
#3493=CARTESIAN_POINT('Ctrl Pts',(48.3319518978041,5.11934374132674,12.7654143870316));
#3494=CARTESIAN_POINT('Ctrl Pts',(48.771761966899,5.16167515005262,11.1646696739147));
#3495=CARTESIAN_POINT('Ctrl Pts',(48.8268768079271,5.18853033223392,10.3610036963289));
#3496=CARTESIAN_POINT('Ctrl Pts',(43.3718828236922,5.53188533468179,15.8227914739852));
#3497=CARTESIAN_POINT('Ctrl Pts',(44.5313859364132,5.52041813727319,15.7053051781923));
#3498=CARTESIAN_POINT('Ctrl Pts',(46.4191582717864,5.4993805264684,14.9269595144564));
#3499=CARTESIAN_POINT('Ctrl Pts',(48.193459034217,5.50648416630842,12.7535122392317));
#3500=CARTESIAN_POINT('Ctrl Pts',(48.6507349478326,5.52411145366412,11.2346060879494));
#3501=CARTESIAN_POINT('Ctrl Pts',(48.7284841883796,5.53192357689536,10.4617404763871));
#3502=CARTESIAN_POINT('Ctrl Pts',(43.4694151385747,5.86067297757165,15.6753825785442));
#3503=CARTESIAN_POINT('Ctrl Pts',(44.5726982774185,5.87534580883712,15.5184354847306));
#3504=CARTESIAN_POINT('Ctrl Pts',(46.3241974658735,5.8751987793114,14.7413649618402));
#3505=CARTESIAN_POINT('Ctrl Pts',(48.0004488526003,5.87572265550432,12.714069374789));
#3506=CARTESIAN_POINT('Ctrl Pts',(48.4761553038165,5.87142217619304,11.2936596424376));
#3507=CARTESIAN_POINT('Ctrl Pts',(48.579975063583,5.86205796234287,10.5585876746918));
#3508=CARTESIAN_POINT('Ctrl Pts',(43.5593548353942,6.16386544155022,15.4838268985453));
#3509=CARTESIAN_POINT('Ctrl Pts',(44.5976694195974,6.19930948541024,15.2843854298921));
#3510=CARTESIAN_POINT('Ctrl Pts',(46.1967640923661,6.2145021725225,14.5123253852055));
#3511=CARTESIAN_POINT('Ctrl Pts',(47.7618083357988,6.21027181139184,12.6486775750621));
#3512=CARTESIAN_POINT('Ctrl Pts',(48.2551722234916,6.18927741371033,11.3392679583186));
#3513=CARTESIAN_POINT('Ctrl Pts',(48.3870368178571,6.16629048680967,10.6478363794992));
#3514=CARTESIAN_POINT('Origin',(44.97,4.17098590458592,10.0624997160602));
#3515=CARTESIAN_POINT('Ctrl Pts',(48.8276988713879,5.18565698389186,10.3601606280261));
#3516=CARTESIAN_POINT('Ctrl Pts',(48.8409563988104,5.19418516741728,10.1592714712412));
#3517=CARTESIAN_POINT('Ctrl Pts',(48.8538884137723,5.18633275438129,9.94258569712778));
#3518=CARTESIAN_POINT('Ctrl Pts',(48.8638622174866,5.14390390155985,9.70088034447919));
#3519=CARTESIAN_POINT('Ctrl Pts',(48.7293104638368,5.53008130527221,10.461199930281));
#3520=CARTESIAN_POINT('Ctrl Pts',(48.7516668495217,5.53059246460557,10.2322438517837));
#3521=CARTESIAN_POINT('Ctrl Pts',(48.7735224464813,5.51295108794382,9.98331284277893));
#3522=CARTESIAN_POINT('Ctrl Pts',(48.7903648635957,5.45656403425846,9.70088038639952));
#3523=CARTESIAN_POINT('Ctrl Pts',(48.5805131519811,5.86120949767946,10.5583387193875));
#3524=CARTESIAN_POINT('Ctrl Pts',(48.6165602802605,5.85530583912022,10.3027801008806));
#3525=CARTESIAN_POINT('Ctrl Pts',(48.6518240675182,5.82939439490775,10.0228775980342));
#3526=CARTESIAN_POINT('Ctrl Pts',(48.6790327164464,5.76031183709811,9.70088042712492));
#3527=CARTESIAN_POINT('Ctrl Pts',(48.3870368181793,6.16629048675355,10.6478363778099));
#3528=CARTESIAN_POINT('Ctrl Pts',(48.4403075008074,6.15700423871728,10.3685116727304));
#3529=CARTESIAN_POINT('Ctrl Pts',(48.4925937657921,6.12574232846058,10.0601414112987));
#3530=CARTESIAN_POINT('Ctrl Pts',(48.5330680124744,6.04641063961647,9.700880465484));
#3531=CARTESIAN_POINT('Origin',(35.332500377052,23.1,-7.00000037705003));
#3532=CARTESIAN_POINT('',(19.3601491632344,21.7287324055756,-7.69386481353236));
#3533=CARTESIAN_POINT('Origin',(-27.167499622948,23.1,6.99999962294997));
#3534=CARTESIAN_POINT('',(-11.889850836765,21.7287324803528,7.69386407933394));
#3535=CARTESIAN_POINT('Origin',(38.3014048939939,20.6,1.24999962294997));
#3536=CARTESIAN_POINT('',(38.3014048939939,23.1,3.07588523044651));
#3537=CARTESIAN_POINT('Origin',(38.3014048939939,20.6,3.07588523044651));
#3538=CARTESIAN_POINT('',(40.528322427829,21.7361506491209,1.24999962294997));
#3539=CARTESIAN_POINT('',(38.3014048939939,23.1,-3.07588594333828));
#3540=CARTESIAN_POINT('Origin',(38.3014048939939,20.6,-3.07588594333828));
#3541=CARTESIAN_POINT('',(38.3014048939939,23.1,1.24999962294997));
#3542=CARTESIAN_POINT('Ctrl Pts',(40.5283224223914,21.7361506597788,-3.07588593868278));
#3543=CARTESIAN_POINT('Ctrl Pts',(40.4610631192263,21.8679825573118,-3.82418991970797));
#3544=CARTESIAN_POINT('Ctrl Pts',(40.0196090209849,21.9961506551157,-5.11556043027503));
#3545=CARTESIAN_POINT('Ctrl Pts',(38.9796530375381,22.0273696034814,-6.37019226051282));
#3546=CARTESIAN_POINT('Ctrl Pts',(37.6363908376876,21.9623169844262,-7.29280816276938));
#3547=CARTESIAN_POINT('Ctrl Pts',(36.6560847979722,21.8591043235925,-7.62789632897711));
#3548=CARTESIAN_POINT('Ctrl Pts',(35.9172606056707,21.7287324109276,-7.69386481082622));
#3549=CARTESIAN_POINT('Ctrl Pts',(40.2904816973526,22.2023315091204,-3.0758859352853));
#3550=CARTESIAN_POINT('Ctrl Pts',(40.2080462629841,22.294741194739,-3.78243361752642));
#3551=CARTESIAN_POINT('Ctrl Pts',(39.7796764537962,22.3823129912765,-4.99442872831127));
#3552=CARTESIAN_POINT('Ctrl Pts',(38.7978570759014,22.4036627889225,-6.17490186072233));
#3553=CARTESIAN_POINT('Ctrl Pts',(37.5344491319854,22.3591791872772,-7.05010442287398));
#3554=CARTESIAN_POINT('Ctrl Pts',(36.6155512917168,22.2885747071692,-7.37569461199015));
#3555=CARTESIAN_POINT('Ctrl Pts',(35.9172606039958,22.1971164879827,-7.45686143020158));
#3556=CARTESIAN_POINT('Ctrl Pts',(39.6102464515733,22.8807555289822,-3.07588592556834));
#3557=CARTESIAN_POINT('Ctrl Pts',(39.5397617524265,22.9048787788794,-3.66190211134507));
#3558=CARTESIAN_POINT('Ctrl Pts',(39.1849709373813,22.9271212481707,-4.68859541087379));
#3559=CARTESIAN_POINT('Ctrl Pts',(38.3495527021252,22.932571897044,-5.69555692213447));
#3560=CARTESIAN_POINT('Ctrl Pts',(37.274286559773,22.9212375345688,-6.43667529500737));
#3561=CARTESIAN_POINT('Ctrl Pts',(36.4980078142141,22.9032948917436,-6.7064020817896));
#3562=CARTESIAN_POINT('Ctrl Pts',(35.9172605991841,22.8794011152371,-6.77598830695617));
#3563=CARTESIAN_POINT('Ctrl Pts',(38.693915654437,23.1,-3.07588591247883));
#3564=CARTESIAN_POINT('Ctrl Pts',(38.6728311797837,23.0999088497959,-3.50002292660448));
#3565=CARTESIAN_POINT('Ctrl Pts',(38.4390142152375,23.0998617389115,-4.30143931055387));
#3566=CARTESIAN_POINT('Ctrl Pts',(37.7892433614801,23.0998411844511,-5.09714666780683));
#3567=CARTESIAN_POINT('Ctrl Pts',(36.9428811840792,23.0998754296102,-5.65941697769897));
#3568=CARTESIAN_POINT('Ctrl Pts',(36.3398174741762,23.099908942762,-5.83606244522313));
#3569=CARTESIAN_POINT('Ctrl Pts',(35.9172605926888,23.1,-5.85687757108357));
#3570=CARTESIAN_POINT('Ctrl Pts',(38.3014048939939,23.1,-3.07588590687193));
#3571=CARTESIAN_POINT('Ctrl Pts',(38.3014048889253,23.1,-3.43071002332996));
#3572=CARTESIAN_POINT('Ctrl Pts',(38.1194038631975,23.1,-4.1355699909591));
#3573=CARTESIAN_POINT('Ctrl Pts',(37.5491846927231,23.1,-4.84074162525412));
#3574=CARTESIAN_POINT('Ctrl Pts',(36.80089464413,23.1,-5.32641248023023));
#3575=CARTESIAN_POINT('Ctrl Pts',(36.2720847063654,23.1,-5.46317811034396));
#3576=CARTESIAN_POINT('Ctrl Pts',(35.9172605899065,23.1,-5.46317811285148));
#3577=CARTESIAN_POINT('',(35.9172605899065,23.1,-5.46317811285148));
#3578=CARTESIAN_POINT('Origin',(35.9172605899065,20.6,-5.46317811285148));
#3579=CARTESIAN_POINT('Ctrl Pts',(35.9172605899065,23.1,-5.46317811285148));
#3580=CARTESIAN_POINT('Ctrl Pts',(36.2720847063654,23.1,-5.46317811034396));
#3581=CARTESIAN_POINT('Ctrl Pts',(36.80089464413,23.1,-5.32641248023023));
#3582=CARTESIAN_POINT('Ctrl Pts',(37.5491846927231,23.1,-4.84074162525412));
#3583=CARTESIAN_POINT('Ctrl Pts',(38.1194038553838,23.1,-4.13557000062212));
#3584=CARTESIAN_POINT('Ctrl Pts',(38.3014048826904,23.1,-3.43071004747682));
#3585=CARTESIAN_POINT('Ctrl Pts',(38.3014048939939,23.1,-3.07588594333828));
#3586=CARTESIAN_POINT('Origin',(19.3601491632347,20.6,-5.46317811284945));
#3587=CARTESIAN_POINT('',(-27.1674997136602,23.1,-5.46317811284354));
#3588=CARTESIAN_POINT('Origin',(-27.1674997136602,20.6,-5.46317811284354));
#3589=CARTESIAN_POINT('',(19.3601491632347,23.1,-5.46317811284945));
#3590=CARTESIAN_POINT('Ctrl Pts',(-27.1674997136605,21.7287324803527,-7.69386483343416));
#3591=CARTESIAN_POINT('Ctrl Pts',(-28.3184509153705,21.7287324803527,-7.69386481986417));
#3592=CARTESIAN_POINT('Ctrl Pts',(-31.7969672169599,21.7287324803528,-6.92752562486994));
#3593=CARTESIAN_POINT('Ctrl Pts',(-34.9431905355673,21.7287324803527,-2.96440996750525));
#3594=CARTESIAN_POINT('Ctrl Pts',(-34.919588094031,21.7287324803528,1.77416922808583));
#3595=CARTESIAN_POINT('Ctrl Pts',(-33.3922503344195,21.7287324803528,4.95940873827692));
#3596=CARTESIAN_POINT('Ctrl Pts',(-30.6183198158629,21.7287324803527,7.16931662457637));
#3597=CARTESIAN_POINT('Ctrl Pts',(-28.3184508535268,21.7287324803527,7.69386407501551));
#3598=CARTESIAN_POINT('Ctrl Pts',(-27.1674996518168,21.7287324803527,7.69386407933409));
#3599=CARTESIAN_POINT('Ctrl Pts',(-27.1674997108662,22.1971165368077,-7.4568614449234));
#3600=CARTESIAN_POINT('Ctrl Pts',(-28.2832273065171,22.1971165368077,-7.45686143176871));
#3601=CARTESIAN_POINT('Ctrl Pts',(-31.6546194670707,22.1971165368078,-6.71443410700062));
#3602=CARTESIAN_POINT('Ctrl Pts',(-34.7042936858833,22.1971165368077,-2.87345180321625));
#3603=CARTESIAN_POINT('Ctrl Pts',(-34.6812434193129,22.1971165368078,1.71955105866704));
#3604=CARTESIAN_POINT('Ctrl Pts',(-33.2010068686205,22.1971165368078,4.80684392209103));
#3605=CARTESIAN_POINT('Ctrl Pts',(-30.512114521607,22.1971165368077,6.94876673141512));
#3606=CARTESIAN_POINT('Ctrl Pts',(-28.2832272465785,22.1971165368077,7.45686068663692));
#3607=CARTESIAN_POINT('Ctrl Pts',(-27.1674996509275,22.1971165368077,7.45686069082334));
#3608=CARTESIAN_POINT('Ctrl Pts',(-27.1674997028386,22.8794136154998,-6.77599498023517));
#3609=CARTESIAN_POINT('Ctrl Pts',(-28.1810820521339,22.8794136154998,-6.7759949682848));
#3610=CARTESIAN_POINT('Ctrl Pts',(-31.2446073622865,22.8794136154999,-6.10099762346522));
#3611=CARTESIAN_POINT('Ctrl Pts',(-34.0153913046684,22.8794136154998,-2.61066336551563));
#3612=CARTESIAN_POINT('Ctrl Pts',(-33.9946513363473,22.8794136154999,1.56250367054967));
#3613=CARTESIAN_POINT('Ctrl Pts',(-32.649509245374,22.8794136154999,4.36770150025231));
#3614=CARTESIAN_POINT('Ctrl Pts',(-30.2066153886485,22.8794136154999,6.31394584186882));
#3615=CARTESIAN_POINT('Ctrl Pts',(-28.1810819976682,22.8794136154999,6.77599422233196));
#3616=CARTESIAN_POINT('Ctrl Pts',(-27.1674996483728,22.8794136154999,6.7759942261351));
#3617=CARTESIAN_POINT('Ctrl Pts',(-27.167499692002,23.1,-5.85687761770548));
#3618=CARTESIAN_POINT('Ctrl Pts',(-28.0436146861645,23.1,-5.85687760737588));
#3619=CARTESIAN_POINT('Ctrl Pts',(-30.6915959919767,23.1,-5.273463102517));
#3620=CARTESIAN_POINT('Ctrl Pts',(-33.08657100791,23.1,-2.25657298858544));
#3621=CARTESIAN_POINT('Ctrl Pts',(-33.0686304955366,23.1,1.35056333087324));
#3622=CARTESIAN_POINT('Ctrl Pts',(-31.9059518955759,23.1,3.77526880723496));
#3623=CARTESIAN_POINT('Ctrl Pts',(-29.7943875480303,23.1,5.4575254465548));
#3624=CARTESIAN_POINT('Ctrl Pts',(-28.0436146390867,23.1,5.85687686031808));
#3625=CARTESIAN_POINT('Ctrl Pts',(-27.1674996449241,23.1,5.85687686360542));
#3626=CARTESIAN_POINT('Ctrl Pts',(-27.1674996873602,23.1,-5.46317817058867));
#3627=CARTESIAN_POINT('Ctrl Pts',(-27.984754927854,23.1,-5.46317816095303));
#3628=CARTESIAN_POINT('Ctrl Pts',(-30.4547429450637,23.1,-4.91902414106556));
#3629=CARTESIAN_POINT('Ctrl Pts',(-32.6887798799707,23.1,-2.10493694531645));
#3630=CARTESIAN_POINT('Ctrl Pts',(-32.6720205082394,23.1,1.25978318733378));
#3631=CARTESIAN_POINT('Ctrl Pts',(-31.5875046867242,23.1,3.52152432637069));
#3632=CARTESIAN_POINT('Ctrl Pts',(-29.6178214806179,23.1,5.09071231488265));
#3633=CARTESIAN_POINT('Ctrl Pts',(-27.9847548839407,23.1,5.46317741342211));
#3634=CARTESIAN_POINT('Ctrl Pts',(-27.1674996434468,23.1,5.4631774164886));
#3635=CARTESIAN_POINT('',(-27.1674996434468,23.1,5.4631774164886));
#3636=CARTESIAN_POINT('Origin',(-27.1674996434468,20.6,5.4631774164886));
#3637=CARTESIAN_POINT('Ctrl Pts',(-27.1674996434468,23.1,5.4631774164886));
#3638=CARTESIAN_POINT('Ctrl Pts',(-27.9847548839407,23.1,5.46317741342211));
#3639=CARTESIAN_POINT('Ctrl Pts',(-29.6178214806179,23.1,5.09071231488265));
#3640=CARTESIAN_POINT('Ctrl Pts',(-31.5875046867242,23.1,3.52152432637069));
#3641=CARTESIAN_POINT('Ctrl Pts',(-32.6720205082394,23.1,1.25978318733378));
#3642=CARTESIAN_POINT('Ctrl Pts',(-32.6887798799707,23.1,-2.10493694531645));
#3643=CARTESIAN_POINT('Ctrl Pts',(-30.4547429510549,23.1,-4.9190241335189));
#3644=CARTESIAN_POINT('Ctrl Pts',(-27.9847549455176,23.1,-5.46317815706162));
#3645=CARTESIAN_POINT('Ctrl Pts',(-27.1674997136602,23.1,-5.46317817058866));
#3646=CARTESIAN_POINT('Origin',(-11.889850836765,20.6,5.46317741648849));
#3647=CARTESIAN_POINT('',(35.9172605923665,23.1,5.46317741648795));
#3648=CARTESIAN_POINT('Origin',(35.9172605923665,20.6,5.46317741648795));
#3649=CARTESIAN_POINT('',(-11.889850836765,23.1,5.46317741648849));
#3650=CARTESIAN_POINT('Ctrl Pts',(35.9172605887437,21.7287324883448,7.69386407529011));
#3651=CARTESIAN_POINT('Ctrl Pts',(36.6560827536949,21.8591040354346,7.6278957701643));
#3652=CARTESIAN_POINT('Ctrl Pts',(37.6363707555833,21.9623230439629,7.29286284626634));
#3653=CARTESIAN_POINT('Ctrl Pts',(38.9796396413481,22.027373167651,6.3702257196896));
#3654=CARTESIAN_POINT('Ctrl Pts',(40.0195606578823,21.9961731505658,5.11574113364546));
#3655=CARTESIAN_POINT('Ctrl Pts',(40.4610632967332,21.867982216892,3.82418719311501));
#3656=CARTESIAN_POINT('Ctrl Pts',(40.5283224242039,21.7361506562262,3.07588522734284));
#3657=CARTESIAN_POINT('Ctrl Pts',(35.9172605862426,22.1971165424284,7.45686068587152));
#3658=CARTESIAN_POINT('Ctrl Pts',(36.615549356391,22.2885745044058,7.37569408912458));
#3659=CARTESIAN_POINT('Ctrl Pts',(37.534429406961,22.359183380824,7.05015589249206));
#3660=CARTESIAN_POINT('Ctrl Pts',(38.79784399513,22.403665253805,6.174933322634));
#3661=CARTESIAN_POINT('Ctrl Pts',(39.7796281100672,22.3823285489528,4.9945986997087));
#3662=CARTESIAN_POINT('Ctrl Pts',(40.2080464793776,22.2947409561448,3.78243100371483));
#3663=CARTESIAN_POINT('Ctrl Pts',(40.2904816995636,22.2023315066239,3.07588522507785));
#3664=CARTESIAN_POINT('Ctrl Pts',(35.9172605790575,22.879401129384,6.77598756921165));
#3665=CARTESIAN_POINT('Ctrl Pts',(36.4980062007433,22.9032948384961,6.7064015359239));
#3666=CARTESIAN_POINT('Ctrl Pts',(37.2742700629332,22.9212386154021,6.43671843980663));
#3667=CARTESIAN_POINT('Ctrl Pts',(38.3495417146821,22.9325725319009,5.69558330411068));
#3668=CARTESIAN_POINT('Ctrl Pts',(39.1849306916639,22.9271252550453,4.68873819870749));
#3669=CARTESIAN_POINT('Ctrl Pts',(39.539761937285,22.9048787166089,3.66189982252115));
#3670=CARTESIAN_POINT('Ctrl Pts',(39.6102464534761,22.8807555283351,3.07588521859988));
#3671=CARTESIAN_POINT('Ctrl Pts',(35.9172605693583,23.1,5.85687686232586));
#3672=CARTESIAN_POINT('Ctrl Pts',(36.3398162973574,23.0999089430269,5.83606179298809));
#3673=CARTESIAN_POINT('Ctrl Pts',(36.9428703016333,23.099875426036,5.65944950315876));
#3674=CARTESIAN_POINT('Ctrl Pts',(37.7892358745668,23.0998411823636,5.09716662836696));
#3675=CARTESIAN_POINT('Ctrl Pts',(38.4389895231573,23.0998617258608,4.30154781665171));
#3676=CARTESIAN_POINT('Ctrl Pts',(38.6728312362672,23.0999088500284,3.50002107394901));
#3677=CARTESIAN_POINT('Ctrl Pts',(38.6939156550068,23.1,3.07588520987354));
#3678=CARTESIAN_POINT('Ctrl Pts',(35.9172605652037,23.1,5.46317741648861));
#3679=CARTESIAN_POINT('Ctrl Pts',(36.2720837165014,23.1,5.46317741274424));
#3680=CARTESIAN_POINT('Ctrl Pts',(36.8008861632214,23.1,5.32644045763779));
#3681=CARTESIAN_POINT('Ctrl Pts',(37.5491787033489,23.1,4.84075883554437));
#3682=CARTESIAN_POINT('Ctrl Pts',(38.1193858219906,23.1,4.13566381411645));
#3683=CARTESIAN_POINT('Ctrl Pts',(38.3014048906149,23.1,3.43070835743309));
#3684=CARTESIAN_POINT('Ctrl Pts',(38.3014048939939,23.1,3.07588520613561));
#3685=CARTESIAN_POINT('Ctrl Pts',(38.3014048939939,23.1,3.07588523044651));
#3686=CARTESIAN_POINT('Ctrl Pts',(38.3014048864578,23.1,3.43070837353323));
#3687=CARTESIAN_POINT('Ctrl Pts',(38.1193858167815,23.1,4.13566382055778));
#3688=CARTESIAN_POINT('Ctrl Pts',(37.5491787033489,23.1,4.84075883554437));
#3689=CARTESIAN_POINT('Ctrl Pts',(36.8008861708593,23.1,5.32644045268041));
#3690=CARTESIAN_POINT('Ctrl Pts',(36.2720837344931,23.1,5.46317740809197));
#3691=CARTESIAN_POINT('Ctrl Pts',(35.9172605923665,23.1,5.46317741648861));
#3692=CARTESIAN_POINT('Origin',(39.832500377052,23.1,2.49999962294998));
#3693=CARTESIAN_POINT('Origin',(3.38779794941786,23.1,-3.77050028147498E-7));
#3694=CARTESIAN_POINT('Origin',(40.21870125742,5.18999999999999,13.881298984997));
#3695=CARTESIAN_POINT('Origin',(38.71870125742,5.18999999999999,-13.8812989849969));
#3696=UNCERTAINTY_MEASURE_WITH_UNIT(LENGTH_MEASURE(0.01),#3700,
'DISTANCE_ACCURACY_VALUE',
'Maximum model space distance between geometric entities at asserted c
onnectivities');
#3697=UNCERTAINTY_MEASURE_WITH_UNIT(LENGTH_MEASURE(0.01),#3700,
'DISTANCE_ACCURACY_VALUE',
'Maximum model space distance between geometric entities at asserted c
onnectivities');
#3698=(
GEOMETRIC_REPRESENTATION_CONTEXT(3)
GLOBAL_UNCERTAINTY_ASSIGNED_CONTEXT((#3696))
GLOBAL_UNIT_ASSIGNED_CONTEXT((#3700,#3702,#3703))
REPRESENTATION_CONTEXT('','3D')
);
#3699=(
GEOMETRIC_REPRESENTATION_CONTEXT(3)
GLOBAL_UNCERTAINTY_ASSIGNED_CONTEXT((#3697))
GLOBAL_UNIT_ASSIGNED_CONTEXT((#3700,#3702,#3703))
REPRESENTATION_CONTEXT('','3D')
);
#3700=(
LENGTH_UNIT()
NAMED_UNIT(*)
SI_UNIT(.MILLI.,.METRE.)
);
#3701=(
LENGTH_UNIT()
NAMED_UNIT(*)
SI_UNIT($,.METRE.)
);
#3702=(
NAMED_UNIT(*)
PLANE_ANGLE_UNIT()
SI_UNIT($,.RADIAN.)
);
#3703=(
NAMED_UNIT(*)
SI_UNIT($,.STERADIAN.)
SOLID_ANGLE_UNIT()
);
#3704=SHAPE_DEFINITION_REPRESENTATION(#3705,#3706);
#3705=PRODUCT_DEFINITION_SHAPE('',$,#3708);
#3706=SHAPE_REPRESENTATION('',(#1588),#3698);
#3707=PRODUCT_DEFINITION_CONTEXT('part definition',#3712,'design');
#3708=PRODUCT_DEFINITION('2026-07-24-00-29-03-550','case_back',#3709,#3707);
#3709=PRODUCT_DEFINITION_FORMATION('',$,#3714);
#3710=PRODUCT_RELATED_PRODUCT_CATEGORY('case_back','case_back',(#3714));
#3711=APPLICATION_PROTOCOL_DEFINITION('international standard',
'automotive_design',2009,#3712);
#3712=APPLICATION_CONTEXT(
'Core Data for Automotive Mechanical Design Process');
#3713=PRODUCT_CONTEXT('part definition',#3712,'mechanical');
#3714=PRODUCT('2026-07-24-00-29-03-550','case_back',$,(#3713));
#3715=PRESENTATION_STYLE_ASSIGNMENT((#3716));
#3716=SURFACE_STYLE_USAGE(.BOTH.,#3717);
#3717=SURFACE_SIDE_STYLE('',(#3718));
#3718=SURFACE_STYLE_FILL_AREA(#3719);
#3719=FILL_AREA_STYLE('\X2\92FC\X0\ - \X2\30B530C630F3\X0\',(#3720));
#3720=FILL_AREA_STYLE_COLOUR('\X2\92FC\X0\ - \X2\30B530C630F3\X0\',#3721);
#3721=COLOUR_RGB('\X2\92FC\X0\ - \X2\30B530C630F3\X0\',0.627450980392157,
0.627450980392157,0.627450980392157);
ENDSEC;
END-ISO-10303-21;
